file,command,slot_value,variation,variation_idx,speaker_id,accent_group,is_synthetic,true_cmd_idx,true_slot_idx,pred_cmd_idx,pred_command,pred_slot_idx,max_prob,correct
audio/train_000060_group_synthetic_PLAY_MUSIC_s88_v1_noisy.wav,PLAY_MUSIC,,Play music,0,s88,Synthetic,1,0,-1,3,NEXT,-1,0.34135345,0
audio/train_000064_group_synthetic_PLAY_MUSIC_s26_v1_noisy.wav,PLAY_MUSIC,,Play music,0,s26,Synthetic,1,0,-1,0,PLAY_MUSIC,-1,0.7503156,1
audio/train_000068_group_synthetic_PLAY_MUSIC_s80_v1_clean.wav,PLAY_MUSIC,,Play music,0,s80,Synthetic,1,0,-1,9,TIME,-1,0.20927171,0
audio/train_000081_group_synthetic_PLAY_MUSIC_s74_v1_noisy.wav,PLAY_MUSIC,,Play music,0,s74,Synthetic,1,0,-1,0,PLAY_MUSIC,-1,0.39655584,1
audio/train_000086_group_synthetic_PLAY_MUSIC_s72_v1_clean.wav,PLAY_MUSIC,,Play music,0,s72,Synthetic,1,0,-1,0,PLAY_MUSIC,-1,0.8728926,1
audio/train_000088_group_synthetic_PLAY_MUSIC_s18_v1_clean.wav,PLAY_MUSIC,,Play music,0,s18,Synthetic,1,0,-1,0,PLAY_MUSIC,-1,0.6930405,1
audio/train_000089_group_synthetic_PLAY_MUSIC_s67_v1_noisy.wav,PLAY_MUSIC,,Play music,0,s67,Synthetic,1,0,-1,0,PLAY_MUSIC,-1,0.9205952,1
audio/train_000091_group_synthetic_PLAY_MUSIC_s82_v1_noisy.wav,PLAY_MUSIC,,Play music,0,s82,Synthetic,1,0,-1,0,PLAY_MUSIC,-1,0.8670838,1
audio/train_000098_group_synthetic_PLAY_MUSIC_s38_v1_clean.wav,PLAY_MUSIC,,Play music,0,s38,Synthetic,1,0,-1,0,PLAY_MUSIC,-1,0.8102438,1
audio/train_000109_group_synthetic_PLAY_MUSIC_s30_v1_clean.wav,PLAY_MUSIC,,Play music,0,s30,Synthetic,1,0,-1,0,PLAY_MUSIC,-1,0.96872663,1
audio/train_000138_SLURP_slurp_test_614_347.wav,PLAY_MUSIC,,Start music,1,FO-462,Other / non-native,0,0,-1,19,OUT_OF_SCOPE,-1,0.3479168,0
audio/train_000168_group_synthetic_PLAY_MUSIC_s67_v2_clean.wav,PLAY_MUSIC,,Start music,1,s67,Synthetic,1,0,-1,0,PLAY_MUSIC,-1,0.7690383,1
audio/train_000169_group_synthetic_PLAY_MUSIC_s88_v2_noisy.wav,PLAY_MUSIC,,Start music,1,s88,Synthetic,1,0,-1,0,PLAY_MUSIC,-1,0.40127596,1
audio/train_000172_group_synthetic_PLAY_MUSIC_s18_v2_noisy.wav,PLAY_MUSIC,,Start music,1,s18,Synthetic,1,0,-1,0,PLAY_MUSIC,-1,0.906421,1
audio/train_000181_group_synthetic_PLAY_MUSIC_s80_v2_noisy.wav,PLAY_MUSIC,,Start music,1,s80,Synthetic,1,0,-1,2,STOP,-1,0.65600836,0
audio/train_000201_group_synthetic_PLAY_MUSIC_s26_v2_clean.wav,PLAY_MUSIC,,Start music,1,s26,Synthetic,1,0,-1,0,PLAY_MUSIC,-1,0.8583584,1
audio/train_000203_group_synthetic_PLAY_MUSIC_s38_v2_clean.wav,PLAY_MUSIC,,Start music,1,s38,Synthetic,1,0,-1,0,PLAY_MUSIC,-1,0.9308058,1
audio/train_000212_group_synthetic_PLAY_MUSIC_s74_v2_noisy.wav,PLAY_MUSIC,,Start music,1,s74,Synthetic,1,0,-1,0,PLAY_MUSIC,-1,0.6160153,1
audio/train_000231_SLURP_slurp_train_4472_4854_train-00001-.wav,PLAY_MUSIC,,Play some music,2,FO-462,Other / non-native,0,0,-1,5,VOLUME_DOWN,-1,0.22000556,0
audio/train_000274_SLURP_slurp_train_3818_6652_train-00003-.wav,PLAY_MUSIC,,Play some music,2,FO-180,Other / non-native,0,0,-1,12,LIST_REMINDERS,-1,0.28044966,0
audio/train_000292_group_synthetic_PLAY_MUSIC_s18_v3_noisy.wav,PLAY_MUSIC,,Play some music,2,s18,Synthetic,1,0,-1,0,PLAY_MUSIC,-1,0.8708844,1
audio/train_000301_group_synthetic_PLAY_MUSIC_s30_v3_clean.wav,PLAY_MUSIC,,Play some music,2,s30,Synthetic,1,0,-1,0,PLAY_MUSIC,-1,0.9907979,1
audio/train_000303_group_synthetic_PLAY_MUSIC_s88_v3_clean.wav,PLAY_MUSIC,,Play some music,2,s88,Synthetic,1,0,-1,0,PLAY_MUSIC,-1,0.7958638,1
audio/train_000314_group_synthetic_PLAY_MUSIC_s38_v3_clean.wav,PLAY_MUSIC,,Play some music,2,s38,Synthetic,1,0,-1,0,PLAY_MUSIC,-1,0.97939277,1
audio/train_000327_group_synthetic_PLAY_MUSIC_s67_v3_clean.wav,PLAY_MUSIC,,Play some music,2,s67,Synthetic,1,0,-1,0,PLAY_MUSIC,-1,0.73826265,1
audio/train_000329_group_synthetic_PLAY_MUSIC_s82_v3_noisy.wav,PLAY_MUSIC,,Play some music,2,s82,Synthetic,1,0,-1,0,PLAY_MUSIC,-1,0.9906279,1
audio/train_000372_SLURP_slurp_train_1455_1847_train-00000-.wav,WEATHER,,Weather,3,FO-462,Other / non-native,0,8,-1,8,WEATHER,-1,0.78457826,1
audio/train_000399_group_synthetic_WEATHER_s82_v1_noisy.wav,WEATHER,,Weather,3,s82,Synthetic,1,8,-1,8,WEATHER,-1,0.99469143,1
audio/train_000409_group_synthetic_WEATHER_s80_v1_clean.wav,WEATHER,,Weather,3,s80,Synthetic,1,8,-1,19,OUT_OF_SCOPE,-1,0.60793746,0
audio/train_000416_group_synthetic_WEATHER_s88_v1_noisy.wav,WEATHER,,Weather,3,s88,Synthetic,1,8,-1,8,WEATHER,-1,0.9551025,1
audio/train_000419_group_synthetic_WEATHER_s26_v1_clean.wav,WEATHER,,Weather,3,s26,Synthetic,1,8,-1,8,WEATHER,-1,0.9830009,1
audio/train_000429_group_synthetic_WEATHER_s72_v1_noisy.wav,WEATHER,,Weather,3,s72,Synthetic,1,8,-1,8,WEATHER,-1,0.34162152,1
audio/train_000431_group_synthetic_WEATHER_s18_v1_clean.wav,WEATHER,,Weather,3,s18,Synthetic,1,8,-1,8,WEATHER,-1,0.9808375,1
audio/train_000437_group_synthetic_WEATHER_s67_v1_noisy.wav,WEATHER,,Weather,3,s67,Synthetic,1,8,-1,8,WEATHER,-1,0.8943383,1
audio/train_000440_group_synthetic_WEATHER_s30_v1_clean.wav,WEATHER,,Weather,3,s30,Synthetic,1,8,-1,8,WEATHER,-1,0.70424175,1
audio/train_000497_SLURP_slurp_train_2331_6588_train-00001-.wav,WEATHER,,What's the weather?,4,MO-371,Other / non-native,0,8,-1,17,COLOR,0,0.32636824,0
audio/train_000501_group_synthetic_WEATHER_s38_v2_clean.wav,WEATHER,,What's the weather?,4,s38,Synthetic,1,8,-1,8,WEATHER,-1,0.9304104,1
audio/train_000514_group_synthetic_WEATHER_s67_v2_noisy.wav,WEATHER,,What's the weather?,4,s67,Synthetic,1,8,-1,8,WEATHER,-1,0.9540652,1
audio/train_000523_group_synthetic_WEATHER_s72_v2_noisy.wav,WEATHER,,What's the weather?,4,s72,Synthetic,1,8,-1,8,WEATHER,-1,0.56075025,1
audio/train_000529_group_synthetic_WEATHER_s74_v2_noisy.wav,WEATHER,,What's the weather?,4,s74,Synthetic,1,8,-1,19,OUT_OF_SCOPE,-1,0.37301594,0
audio/train_000533_group_synthetic_WEATHER_s88_v2_noisy.wav,WEATHER,,What's the weather?,4,s88,Synthetic,1,8,-1,8,WEATHER,-1,0.94741374,1
audio/train_000535_group_synthetic_WEATHER_s82_v2_noisy.wav,WEATHER,,What's the weather?,4,s82,Synthetic,1,8,-1,8,WEATHER,-1,0.9810978,1
audio/train_000536_group_synthetic_WEATHER_s80_v2_noisy.wav,WEATHER,,What's the weather?,4,s80,Synthetic,1,8,-1,8,WEATHER,-1,0.2151932,1
audio/train_000551_group_synthetic_WEATHER_s26_v2_noisy.wav,WEATHER,,What's the weather?,4,s26,Synthetic,1,8,-1,8,WEATHER,-1,0.9944653,1
audio/train_000555_SLURP_slurp_train_2918_1052_train-00005-.wav,WEATHER,,Tell me the weather,5,FO-462,Other / non-native,0,8,-1,5,VOLUME_DOWN,-1,0.25216678,0
audio/train_000585_SLURP_slurp_train_179_7088_train-00001-.wav,WEATHER,,Tell me the weather,5,MO-371,Other / non-native,0,8,-1,19,OUT_OF_SCOPE,-1,0.4208648,0
audio/train_000591_SLURP_slurp_test_2611_5904.wav,WEATHER,,Tell me the weather,5,FO-462,Other / non-native,0,8,-1,5,VOLUME_DOWN,-1,0.29740402,0
audio/train_000621_group_synthetic_WEATHER_s88_v3_clean.wav,WEATHER,,Tell me the weather,5,s88,Synthetic,1,8,-1,8,WEATHER,-1,0.5650784,1
audio/train_000624_group_synthetic_WEATHER_s72_v3_clean.wav,WEATHER,,Tell me the weather,5,s72,Synthetic,1,8,-1,8,WEATHER,-1,0.41519713,1
audio/train_000627_group_synthetic_WEATHER_s80_v3_noisy.wav,WEATHER,,Tell me the weather,5,s80,Synthetic,1,8,-1,8,WEATHER,-1,0.40177235,1
audio/train_000630_group_synthetic_WEATHER_s67_v3_noisy.wav,WEATHER,,Tell me the weather,5,s67,Synthetic,1,8,-1,8,WEATHER,-1,0.6483707,1
audio/train_000632_group_synthetic_WEATHER_s82_v3_clean.wav,WEATHER,,Tell me the weather,5,s82,Synthetic,1,8,-1,8,WEATHER,-1,0.9307394,1
audio/train_000641_group_synthetic_WEATHER_s18_v3_clean.wav,WEATHER,,Tell me the weather,5,s18,Synthetic,1,8,-1,8,WEATHER,-1,0.9756197,1
audio/train_000651_group_synthetic_WEATHER_s26_v3_noisy.wav,WEATHER,,Tell me the weather,5,s26,Synthetic,1,8,-1,8,WEATHER,-1,0.9575843,1
audio/train_000662_group_synthetic_WEATHER_s30_v3_clean.wav,WEATHER,,Tell me the weather,5,s30,Synthetic,1,8,-1,8,WEATHER,-1,0.97131157,1
audio/train_000672_SLURP_slurp_train_2180_7583_train-00004-.wav,TIME,,Time,6,FO-462,Other / non-native,0,9,-1,9,TIME,-1,0.43685582,1
audio/train_000678_SLURP_slurp_train_2180_7582_train-00004-.wav,TIME,,Time,6,FO-462,Other / non-native,0,9,-1,9,TIME,-1,0.85379,1
audio/train_000680_SLURP_slurp_test_5703_1528.wav,TIME,,Time,6,FE-250,Native English,0,9,-1,5,VOLUME_DOWN,-1,0.2684661,0
audio/train_000681_SLURP_slurp_train_4069_8285_train-00001-.wav,TIME,,Time,6,FE-249,Native English,0,9,-1,5,VOLUME_DOWN,-1,0.5274724,0
audio/train_000682_SLURP_slurp_test_5703_1531.wav,TIME,,Time,6,FE-349,Native English,0,9,-1,5,VOLUME_DOWN,-1,0.3005471,0
audio/train_000685_SLURP_slurp_train_2180_7577_train-00004-.wav,TIME,,Time,6,FE-250,Native English,0,9,-1,9,TIME,-1,0.30111885,1
audio/train_000686_SLURP_slurp_test_5703_1529.wav,TIME,,Time,6,FE-250,Native English,0,9,-1,5,VOLUME_DOWN,-1,0.7321327,0
audio/train_000687_SLURP_slurp_train_4069_8286_train-00001-.wav,TIME,,Time,6,FE-249,Native English,0,9,-1,13,TIMER,2,0.21056257,0
audio/train_000688_SLURP_slurp_test_5703_1530.wav,TIME,,Time,6,FE-349,Native English,0,9,-1,5,VOLUME_DOWN,-1,0.74683785,0
audio/train_000699_group_synthetic_TIME_s88_v1_noisy.wav,TIME,,Time,6,s88,Synthetic,1,9,-1,9,TIME,-1,0.6457499,1
audio/train_000705_group_synthetic_TIME_s38_v1_clean.wav,TIME,,Time,6,s38,Synthetic,1,9,-1,9,TIME,-1,0.82811165,1
audio/train_000706_group_synthetic_TIME_s67_v1_clean.wav,TIME,,Time,6,s67,Synthetic,1,9,-1,9,TIME,-1,0.9008635,1
audio/train_000725_group_synthetic_TIME_s30_v1_noisy.wav,TIME,,Time,6,s30,Synthetic,1,9,-1,9,TIME,-1,0.98538095,1
audio/train_000737_group_synthetic_TIME_s82_v1_noisy.wav,TIME,,Time,6,s82,Synthetic,1,9,-1,9,TIME,-1,0.8406016,1
audio/train_000741_group_synthetic_TIME_s18_v1_clean.wav,TIME,,Time,6,s18,Synthetic,1,9,-1,9,TIME,-1,0.8883749,1
audio/train_000750_group_synthetic_TIME_s67_v1_noisy.wav,TIME,,Time,6,s67,Synthetic,1,9,-1,9,TIME,-1,0.88679826,1
audio/train_000756_group_synthetic_TIME_s38_v1_noisy.wav,TIME,,Time,6,s38,Synthetic,1,9,-1,9,TIME,-1,0.9110541,1
audio/train_000759_group_synthetic_TIME_s88_v1_clean.wav,TIME,,Time,6,s88,Synthetic,1,9,-1,9,TIME,-1,0.6816803,1
audio/train_000775_group_synthetic_TIME_s30_v1_clean.wav,TIME,,Time,6,s30,Synthetic,1,9,-1,9,TIME,-1,0.98164463,1
audio/train_000795_SLURP_slurp_test_197_314.wav,TIME,,What time is it?,7,MO-371,Other / non-native,0,9,-1,9,TIME,-1,0.73346174,1
audio/train_000797_SLURP_slurp_test_4667_6112.wav,TIME,,What time is it?,7,FO-462,Other / non-native,0,9,-1,9,TIME,-1,0.51565135,1
audio/train_000821_SLURP_slurp_test_197_304.wav,TIME,,What time is it?,7,FO-462,Other / non-native,0,9,-1,9,TIME,-1,0.87999237,1
audio/train_000828_SLURP_slurp_test_197_305.wav,TIME,,What time is it?,7,FO-462,Other / non-native,0,9,-1,9,TIME,-1,0.89611197,1
audio/train_000834_group_synthetic_TIME_s80_v2_clean.wav,TIME,,What time is it?,7,s80,Synthetic,1,9,-1,11,MESSAGE,-1,0.2884223,0
audio/train_000846_group_synthetic_TIME_s67_v2_noisy.wav,TIME,,What time is it?,7,s67,Synthetic,1,9,-1,9,TIME,-1,0.44838956,1
audio/train_000861_group_synthetic_TIME_s82_v2_clean.wav,TIME,,What time is it?,7,s82,Synthetic,1,9,-1,9,TIME,-1,0.7014076,1
audio/train_000867_group_synthetic_TIME_s30_v2_noisy.wav,TIME,,What time is it?,7,s30,Synthetic,1,9,-1,9,TIME,-1,0.62265456,1
audio/train_000871_group_synthetic_TIME_s38_v2_noisy.wav,TIME,,What time is it?,7,s38,Synthetic,1,9,-1,9,TIME,-1,0.987148,1
audio/train_000876_group_synthetic_TIME_s88_v2_clean.wav,TIME,,What time is it?,7,s88,Synthetic,1,9,-1,9,TIME,-1,0.9497154,1
audio/train_000878_group_synthetic_TIME_s74_v2_noisy.wav,TIME,,What time is it?,7,s74,Synthetic,1,9,-1,19,OUT_OF_SCOPE,-1,0.6920829,0
audio/train_000892_SLURP_slurp_test_360_4528.wav,TIME,,Tell me the time,8,FO-462,Other / non-native,0,9,-1,9,TIME,-1,0.31566456,1
audio/train_000908_SLURP_slurp_train_195_3189_train-00004-.wav,TIME,,Tell me the time,8,FO-171,Other / non-native,0,9,-1,9,TIME,-1,0.72498375,1
audio/train_000915_SLURP_slurp_train_270_6037_train-00005-.wav,TIME,,Tell me the time,8,FO-180,Other / non-native,0,9,-1,9,TIME,-1,0.44997463,1
audio/train_000922_SLURP_slurp_train_195_3198_train-00004-.wav,TIME,,Tell me the time,8,FO-420,Other / non-native,0,9,-1,9,TIME,-1,0.5467937,1
audio/train_000929_SLURP_slurp_train_196_7955_train-00000-.wav,TIME,,Tell me the time,8,FO-462,Other / non-native,0,9,-1,9,TIME,-1,0.69925517,1
audio/train_000933_SLURP_slurp_test_360_4531.wav,TIME,,Tell me the time,8,FO-462,Other / non-native,0,9,-1,9,TIME,-1,0.60995287,1
audio/train_000934_SLURP_slurp_train_195_3204_train-00004-.wav,TIME,,Tell me the time,8,FO-462,Other / non-native,0,9,-1,9,TIME,-1,0.3374164,1
audio/train_000937_SLURP_slurp_train_195_3206_train-00004-.wav,TIME,,Tell me the time,8,FO-462,Other / non-native,0,9,-1,9,TIME,-1,0.5557782,1
audio/train_000939_SLURP_slurp_train_196_7956_train-00000-.wav,TIME,,Tell me the time,8,FO-462,Other / non-native,0,9,-1,9,TIME,-1,0.91759455,1
audio/train_000940_SLURP_slurp_test_360_4527.wav,TIME,,Tell me the time,8,FO-462,Other / non-native,0,9,-1,9,TIME,-1,0.8118622,1
audio/train_000942_SLURP_slurp_train_1394_7280_train-00001-.wav,TIME,,Tell me the time,8,FO-462,Other / non-native,0,9,-1,9,TIME,-1,0.7271185,1
audio/train_000943_SLURP_slurp_test_360_4529.wav,TIME,,Tell me the time,8,FO-462,Other / non-native,0,9,-1,9,TIME,-1,0.25201666,1
audio/train_000950_group_synthetic_TIME_s30_v3_noisy.wav,TIME,,Tell me the time,8,s30,Synthetic,1,9,-1,9,TIME,-1,0.7148201,1
audio/train_000953_group_synthetic_TIME_s18_v3_clean.wav,TIME,,Tell me the time,8,s18,Synthetic,1,9,-1,9,TIME,-1,0.825306,1
audio/train_000955_group_synthetic_TIME_s72_v3_noisy.wav,TIME,,Tell me the time,8,s72,Synthetic,1,9,-1,13,TIMER,0,0.54687566,0
audio/train_000956_group_synthetic_TIME_s74_v3_clean.wav,TIME,,Tell me the time,8,s74,Synthetic,1,9,-1,19,OUT_OF_SCOPE,-1,0.5852609,0
audio/train_000971_group_synthetic_TIME_s67_v3_noisy.wav,TIME,,Tell me the time,8,s67,Synthetic,1,9,-1,9,TIME,-1,0.81761944,1
audio/train_000972_group_synthetic_TIME_s82_v3_clean.wav,TIME,,Tell me the time,8,s82,Synthetic,1,9,-1,9,TIME,-1,0.84939086,1
audio/train_000976_group_synthetic_TIME_s80_v3_clean.wav,TIME,,Tell me the time,8,s80,Synthetic,1,9,-1,4,VOLUME_UP,-1,0.14905198,0
audio/train_000992_group_synthetic_TIME_s38_v3_noisy.wav,TIME,,Tell me the time,8,s38,Synthetic,1,9,-1,9,TIME,-1,0.7615485,1
audio/train_001001_SLURP_slurp_devel_4287_2327.wav,LIGHT_ON,,Lights on,9,FO-462,Other / non-native,0,6,-1,7,LIGHT_OFF,-1,0.5757723,0
audio/train_001007_SLURP_slurp_devel_4287_2326.wav,LIGHT_ON,,Lights on,9,FO-462,Other / non-native,0,6,-1,6,LIGHT_ON,-1,0.536449,1
audio/train_001027_SLURP_slurp_devel_4287_2329.wav,LIGHT_ON,,Lights on,9,ME-220,Native English,0,6,-1,7,LIGHT_OFF,-1,0.5553002,0
audio/train_001030_SLURP_slurp_devel_4287_2330.wav,LIGHT_ON,,Lights on,9,ME-352,Native English,0,6,-1,19,OUT_OF_SCOPE,-1,0.24005449,0
audio/train_001032_SNIPS_snips_smart-lights_1549_close.wav,LIGHT_ON,,Lights on,9,143921a6-6caa-417f-bd7e-2732023270c1,Native English,0,6,-1,6,LIGHT_ON,-1,0.3486295,1
audio/train_001037_FluentSpeechCommands_3f5dc650-44f4-11e9-a1ea-79ca03012c0e.wav,LIGHT_ON,,Lights on,9,ppymZZDb2Bf4NQnE,Native English,0,6,-1,5,VOLUME_DOWN,-1,0.62207484,0
audio/train_001044_SNIPS_snips_smart-lights_334_close.wav,LIGHT_ON,,Lights on,9,143921a6-6caa-417f-bd7e-2732023270c1,Native English,0,6,-1,19,OUT_OF_SCOPE,-1,0.21335582,0
audio/train_001054_SNIPS_snips_smart-lights_3220_far.wav,LIGHT_ON,,Lights on,9,143921a6-6caa-417f-bd7e-2732023270c1,Native English,0,6,-1,17,COLOR,1,0.20534603,0
audio/train_001055_group_synthetic_LIGHT_ON_s26_v1_clean.wav,LIGHT_ON,,Lights on,9,s26,Synthetic,1,6,-1,9,TIME,-1,0.41043842,0
audio/train_001076_group_synthetic_LIGHT_ON_s38_v1_noisy.wav,LIGHT_ON,,Lights on,9,s38,Synthetic,1,6,-1,6,LIGHT_ON,-1,0.5980308,1
audio/train_001081_group_synthetic_LIGHT_ON_s30_v1_noisy.wav,LIGHT_ON,,Lights on,9,s30,Synthetic,1,6,-1,6,LIGHT_ON,-1,0.67052525,1
audio/train_001085_group_synthetic_LIGHT_ON_s72_v1_clean.wav,LIGHT_ON,,Lights on,9,s72,Synthetic,1,6,-1,6,LIGHT_ON,-1,0.52108395,1
audio/train_001089_group_synthetic_LIGHT_ON_s74_v1_clean.wav,LIGHT_ON,,Lights on,9,s74,Synthetic,1,6,-1,17,COLOR,0,0.46866256,0
audio/train_001093_group_synthetic_LIGHT_ON_s82_v1_noisy.wav,LIGHT_ON,,Lights on,9,s82,Synthetic,1,6,-1,6,LIGHT_ON,-1,0.6608812,1
audio/train_001104_group_synthetic_LIGHT_ON_s18_v1_noisy.wav,LIGHT_ON,,Lights on,9,s18,Synthetic,1,6,-1,7,LIGHT_OFF,-1,0.46976665,0
audio/train_001105_group_synthetic_LIGHT_ON_s88_v1_noisy.wav,LIGHT_ON,,Lights on,9,s88,Synthetic,1,6,-1,6,LIGHT_ON,-1,0.60626554,1
audio/train_001110_SLURP_slurp_train_4150_2208_train-00005-.wav,LIGHT_ON,,Power on the lights,10,FO-462,Other / non-native,0,6,-1,7,LIGHT_OFF,-1,0.19680433,0
audio/train_001123_SLURP_slurp_train_4150_2209_train-00005-.wav,LIGHT_ON,,Power on the lights,10,FO-462,Other / non-native,0,6,-1,5,VOLUME_DOWN,-1,0.16775954,0
audio/train_001130_SNIPS_snips_smart-lights_2515_far.wav,LIGHT_ON,,Power on the lights,10,879c3ade-29b9-4bb5-9272-dabf30186e0e,Native English,0,6,-1,17,COLOR,0,0.16696522,0
audio/train_001136_SNIPS_snips_smart-lights_844_close.wav,LIGHT_ON,,Power on the lights,10,879c3ade-29b9-4bb5-9272-dabf30186e0e,Native English,0,6,-1,10,CALL,-1,0.20225425,0
audio/train_001139_SNIPS_snips_smart-lights_2040_far.wav,LIGHT_ON,,Power on the lights,10,143921a6-6caa-417f-bd7e-2732023270c1,Native English,0,6,-1,17,COLOR,0,0.7582657,0
audio/train_001146_SNIPS_snips_smart-lights_369_close.wav,LIGHT_ON,,Power on the lights,10,143921a6-6caa-417f-bd7e-2732023270c1,Native English,0,6,-1,17,COLOR,0,0.2974122,0
audio/train_001163_group_synthetic_LIGHT_ON_s74_v2_noisy.wav,LIGHT_ON,,Power on the lights,10,s74,Synthetic,1,6,-1,13,TIMER,2,0.34297678,0
audio/train_001166_group_synthetic_LIGHT_ON_s30_v2_noisy.wav,LIGHT_ON,,Power on the lights,10,s30,Synthetic,1,6,-1,6,LIGHT_ON,-1,0.8649226,1
audio/train_001179_group_synthetic_LIGHT_ON_s82_v2_noisy.wav,LIGHT_ON,,Power on the lights,10,s82,Synthetic,1,6,-1,6,LIGHT_ON,-1,0.80267936,1
audio/train_001181_group_synthetic_LIGHT_ON_s88_v2_noisy.wav,LIGHT_ON,,Power on the lights,10,s88,Synthetic,1,6,-1,6,LIGHT_ON,-1,0.5495479,1
audio/train_001188_group_synthetic_LIGHT_ON_s67_v2_noisy.wav,LIGHT_ON,,Power on the lights,10,s67,Synthetic,1,6,-1,6,LIGHT_ON,-1,0.69263905,1
audio/train_001194_group_synthetic_LIGHT_ON_s18_v2_noisy.wav,LIGHT_ON,,Power on the lights,10,s18,Synthetic,1,6,-1,6,LIGHT_ON,-1,0.64483386,1
audio/train_001198_group_synthetic_LIGHT_ON_s80_v2_clean.wav,LIGHT_ON,,Power on the lights,10,s80,Synthetic,1,6,-1,6,LIGHT_ON,-1,0.601327,1
audio/train_001200_group_synthetic_LIGHT_ON_s72_v2_clean.wav,LIGHT_ON,,Power on the lights,10,s72,Synthetic,1,6,-1,6,LIGHT_ON,-1,0.33802935,1
audio/train_001218_group_synthetic_LIGHT_ON_s38_v2_noisy.wav,LIGHT_ON,,Power on the lights,10,s38,Synthetic,1,6,-1,6,LIGHT_ON,-1,0.8529964,1
audio/train_001242_SLURP_slurp_train_5469_3717_train-00002-.wav,LIGHT_ON,,Turn on the lights,11,FO-462,Other / non-native,0,6,-1,6,LIGHT_ON,-1,0.6361946,1
audio/train_001281_group_synthetic_LIGHT_ON_s38_v3_noisy.wav,LIGHT_ON,,Turn on the lights,11,s38,Synthetic,1,6,-1,6,LIGHT_ON,-1,0.7028364,1
audio/train_001282_group_synthetic_LIGHT_ON_s18_v3_noisy.wav,LIGHT_ON,,Turn on the lights,11,s18,Synthetic,1,6,-1,6,LIGHT_ON,-1,0.48561794,1
audio/train_001304_group_synthetic_LIGHT_ON_s82_v3_noisy.wav,LIGHT_ON,,Turn on the lights,11,s82,Synthetic,1,6,-1,6,LIGHT_ON,-1,0.42696452,1
audio/train_001308_group_synthetic_LIGHT_ON_s74_v3_clean.wav,LIGHT_ON,,Turn on the lights,11,s74,Synthetic,1,6,-1,6,LIGHT_ON,-1,0.38836583,1
audio/train_001310_group_synthetic_LIGHT_ON_s72_v3_clean.wav,LIGHT_ON,,Turn on the lights,11,s72,Synthetic,1,6,-1,6,LIGHT_ON,-1,0.70277786,1
audio/train_001313_group_synthetic_LIGHT_ON_s88_v3_noisy.wav,LIGHT_ON,,Turn on the lights,11,s88,Synthetic,1,6,-1,7,LIGHT_OFF,-1,0.55777395,0
audio/train_001315_group_synthetic_LIGHT_ON_s67_v3_clean.wav,LIGHT_ON,,Turn on the lights,11,s67,Synthetic,1,6,-1,6,LIGHT_ON,-1,0.4748284,1
audio/train_001322_group_synthetic_LIGHT_ON_s30_v3_noisy.wav,LIGHT_ON,,Turn on the lights,11,s30,Synthetic,1,6,-1,6,LIGHT_ON,-1,0.6183842,1
audio/train_001330_group_synthetic_LIGHT_ON_s26_v3_clean.wav,LIGHT_ON,,Turn on the lights,11,s26,Synthetic,1,6,-1,6,LIGHT_ON,-1,0.5703895,1
audio/train_001332_SLURP_slurp_train_225_8253_train-00005-.wav,LIGHT_OFF,,Lights out,12,FO-420,Other / non-native,0,7,-1,19,OUT_OF_SCOPE,-1,0.33578375,0
audio/train_001336_SNIPS_snips_smart-lights_647_close.wav,LIGHT_OFF,,Lights out,12,b5843f01-177c-4b76-868b-1223dde7e178,Other Asian English,0,7,-1,17,COLOR,2,0.5191731,0
audio/train_001339_SNIPS_snips_smart-lights_365_close.wav,LIGHT_OFF,,Lights out,12,9294d77a-9d94-4903-a978-af94ab79c0d9,Other Asian English,0,7,-1,19,OUT_OF_SCOPE,-1,0.9252953,0
audio/train_001348_SNIPS_snips_smart-lights_1354_close.wav,LIGHT_OFF,,Lights out,12,9294d77a-9d94-4903-a978-af94ab79c0d9,Other Asian English,0,7,-1,6,LIGHT_ON,-1,0.46009362,0
audio/train_001353_SNIPS_snips_smart-lights_2318_far.wav,LIGHT_OFF,,Lights out,12,b5843f01-177c-4b76-868b-1223dde7e178,Other Asian English,0,7,-1,17,COLOR,1,0.8676852,0
audio/train_001355_SNIPS_snips_smart-lights_2036_far.wav,LIGHT_OFF,,Lights out,12,9294d77a-9d94-4903-a978-af94ab79c0d9,Other Asian English,0,7,-1,19,OUT_OF_SCOPE,-1,0.92463696,0
audio/train_001361_SNIPS_snips_smart-lights_3025_far.wav,LIGHT_OFF,,Lights out,12,9294d77a-9d94-4903-a978-af94ab79c0d9,Other Asian English,0,7,-1,19,OUT_OF_SCOPE,-1,0.30055445,0
audio/train_001366_SLURP_slurp_train_225_8256_train-00005-.wav,LIGHT_OFF,,Lights out,12,FO-462,Other / non-native,0,7,-1,7,LIGHT_OFF,-1,0.45111495,1
audio/train_001383_SLURP_slurp_train_225_8255_train-00005-.wav,LIGHT_OFF,,Lights out,12,FO-462,Other / non-native,0,7,-1,7,LIGHT_OFF,-1,0.21826819,1
audio/train_001395_group_synthetic_LIGHT_OFF_s88_v1_clean.wav,LIGHT_OFF,,Lights out,12,s88,Synthetic,1,7,-1,19,OUT_OF_SCOPE,-1,0.669586,0
audio/train_001405_group_synthetic_LIGHT_OFF_s38_v1_clean.wav,LIGHT_OFF,,Lights out,12,s38,Synthetic,1,7,-1,7,LIGHT_OFF,-1,0.6423835,1
audio/train_001407_group_synthetic_LIGHT_OFF_s67_v1_noisy.wav,LIGHT_OFF,,Lights out,12,s67,Synthetic,1,7,-1,7,LIGHT_OFF,-1,0.8364274,1
audio/train_001410_group_synthetic_LIGHT_OFF_s82_v1_noisy.wav,LIGHT_OFF,,Lights out,12,s82,Synthetic,1,7,-1,7,LIGHT_OFF,-1,0.72947544,1
audio/train_001414_group_synthetic_LIGHT_OFF_s26_v1_clean.wav,LIGHT_OFF,,Lights out,12,s26,Synthetic,1,7,-1,7,LIGHT_OFF,-1,0.7455923,1
audio/train_001424_group_synthetic_LIGHT_OFF_s30_v1_noisy.wav,LIGHT_OFF,,Lights out,12,s30,Synthetic,1,7,-1,7,LIGHT_OFF,-1,0.5916342,1
audio/train_001440_group_synthetic_LIGHT_OFF_s18_v1_noisy.wav,LIGHT_OFF,,Lights out,12,s18,Synthetic,1,7,-1,7,LIGHT_OFF,-1,0.8393393,1
audio/train_001447_SLURP_slurp_devel_11_2453.wav,LIGHT_OFF,,Kill the lights,13,FO-462,Other / non-native,0,7,-1,4,VOLUME_UP,-1,0.30227017,0
audio/train_001448_SNIPS_snips_smart-lights_3255_far.wav,LIGHT_OFF,,Kill the lights,13,b5843f01-177c-4b76-868b-1223dde7e178,Other Asian English,0,7,-1,17,COLOR,0,0.82508373,0
audio/train_001453_SNIPS_snips_smart-lights_507_close.wav,LIGHT_OFF,,Kill the lights,13,9294d77a-9d94-4903-a978-af94ab79c0d9,Other Asian English,0,7,-1,6,LIGHT_ON,-1,0.343315,0
audio/train_001461_SNIPS_snips_smart-lights_2178_far.wav,LIGHT_OFF,,Kill the lights,13,9294d77a-9d94-4903-a978-af94ab79c0d9,Other Asian English,0,7,-1,19,OUT_OF_SCOPE,-1,0.39614102,0
audio/train_001470_SLURP_slurp_train_5155_2306_train-00004-.wav,LIGHT_OFF,,Kill the lights,13,FO-180,Other / non-native,0,7,-1,16,BRIGHTNESS,0,0.3206174,0
audio/train_001473_SNIPS_snips_smart-lights_1584_close.wav,LIGHT_OFF,,Kill the lights,13,b5843f01-177c-4b76-868b-1223dde7e178,Other Asian English,0,7,-1,17,COLOR,0,0.53751147,0
audio/train_001492_SLURP_slurp_train_2465_5498_train-00002-.wav,LIGHT_OFF,,Kill the lights,13,FO-180,Other / non-native,0,7,-1,7,LIGHT_OFF,-1,0.3902438,1
audio/train_001499_group_synthetic_LIGHT_OFF_s67_v2_clean.wav,LIGHT_OFF,,Kill the lights,13,s67,Synthetic,1,7,-1,6,LIGHT_ON,-1,0.49256253,0
audio/train_001509_group_synthetic_LIGHT_OFF_s82_v2_clean.wav,LIGHT_OFF,,Kill the lights,13,s82,Synthetic,1,7,-1,6,LIGHT_ON,-1,0.7243865,0
audio/train_001516_group_synthetic_LIGHT_OFF_s74_v2_clean.wav,LIGHT_OFF,,Kill the lights,13,s74,Synthetic,1,7,-1,7,LIGHT_OFF,-1,0.34454355,1
audio/train_001526_group_synthetic_LIGHT_OFF_s26_v2_noisy.wav,LIGHT_OFF,,Kill the lights,13,s26,Synthetic,1,7,-1,7,LIGHT_OFF,-1,0.751081,1
audio/train_001530_group_synthetic_LIGHT_OFF_s72_v2_clean.wav,LIGHT_OFF,,Kill the lights,13,s72,Synthetic,1,7,-1,6,LIGHT_ON,-1,0.61439514,0
audio/train_001534_group_synthetic_LIGHT_OFF_s18_v2_noisy.wav,LIGHT_OFF,,Kill the lights,13,s18,Synthetic,1,7,-1,19,OUT_OF_SCOPE,-1,0.5019784,0
audio/train_001538_group_synthetic_LIGHT_OFF_s88_v2_noisy.wav,LIGHT_OFF,,Kill the lights,13,s88,Synthetic,1,7,-1,7,LIGHT_OFF,-1,0.48997352,1
audio/train_001539_group_synthetic_LIGHT_OFF_s30_v2_clean.wav,LIGHT_OFF,,Kill the lights,13,s30,Synthetic,1,7,-1,6,LIGHT_ON,-1,0.5137863,0
audio/train_001577_SLURP_slurp_train_580_5159_train-00002-.wav,LIGHT_OFF,,Shut off the lights,14,FO-420,Other / non-native,0,7,-1,7,LIGHT_OFF,-1,0.19265471,1
audio/train_001578_SNIPS_snips_smart-lights_1636_close.wav,LIGHT_OFF,,Shut off the lights,14,9294d77a-9d94-4903-a978-af94ab79c0d9,Other Asian English,0,7,-1,2,STOP,-1,0.36755213,0
audio/train_001591_SNIPS_snips_smart-lights_3260_far.wav,LIGHT_OFF,,Shut off the lights,14,9294d77a-9d94-4903-a978-af94ab79c0d9,Other Asian English,0,7,-1,17,COLOR,1,0.5481953,0
audio/train_001593_SNIPS_snips_smart-lights_1639_close.wav,LIGHT_OFF,,Shut off the lights,14,b5843f01-177c-4b76-868b-1223dde7e178,Other Asian English,0,7,-1,17,COLOR,0,0.3284579,0
audio/train_001602_SNIPS_snips_smart-lights_2037_far.wav,LIGHT_OFF,,Shut off the lights,14,9294d77a-9d94-4903-a978-af94ab79c0d9,Other Asian English,0,7,-1,19,OUT_OF_SCOPE,-1,0.8727493,0
audio/train_001604_SLURP_slurp_train_2601_4149_train-00000-.wav,LIGHT_OFF,,Shut off the lights,14,FO-462,Other / non-native,0,7,-1,19,OUT_OF_SCOPE,-1,0.2486169,0
audio/train_001605_SNIPS_snips_smart-lights_2844_far.wav,LIGHT_OFF,,Shut off the lights,14,b5843f01-177c-4b76-868b-1223dde7e178,Other Asian English,0,7,-1,17,COLOR,0,0.93258184,0
audio/train_001611_group_synthetic_LIGHT_OFF_s26_v3_noisy.wav,LIGHT_OFF,,Shut off the lights,14,s26,Synthetic,1,7,-1,7,LIGHT_OFF,-1,0.8573608,1
audio/train_001627_group_synthetic_LIGHT_OFF_s30_v3_clean.wav,LIGHT_OFF,,Shut off the lights,14,s30,Synthetic,1,7,-1,7,LIGHT_OFF,-1,0.7267386,1
audio/train_001628_group_synthetic_LIGHT_OFF_s67_v3_clean.wav,LIGHT_OFF,,Shut off the lights,14,s67,Synthetic,1,7,-1,7,LIGHT_OFF,-1,0.75527906,1
audio/train_001641_group_synthetic_LIGHT_OFF_s88_v3_clean.wav,LIGHT_OFF,,Shut off the lights,14,s88,Synthetic,1,7,-1,7,LIGHT_OFF,-1,0.7156138,1
audio/train_001643_group_synthetic_LIGHT_OFF_s72_v3_noisy.wav,LIGHT_OFF,,Shut off the lights,14,s72,Synthetic,1,7,-1,7,LIGHT_OFF,-1,0.38475507,1
audio/train_001651_group_synthetic_LIGHT_OFF_s74_v3_clean.wav,LIGHT_OFF,,Shut off the lights,14,s74,Synthetic,1,7,-1,7,LIGHT_OFF,-1,0.5314202,1
audio/train_001653_group_synthetic_LIGHT_OFF_s82_v3_noisy.wav,LIGHT_OFF,,Shut off the lights,14,s82,Synthetic,1,7,-1,6,LIGHT_ON,-1,0.46745723,0
audio/train_001654_group_synthetic_LIGHT_OFF_s18_v3_clean.wav,LIGHT_OFF,,Shut off the lights,14,s18,Synthetic,1,7,-1,7,LIGHT_OFF,-1,0.7488994,1
audio/train_001657_group_synthetic_LIGHT_OFF_s80_v3_noisy.wav,LIGHT_OFF,,Shut off the lights,14,s80,Synthetic,1,7,-1,7,LIGHT_OFF,-1,0.7114433,1
audio/train_001665_real_voice_PAUSE_V1_t1.wav,PAUSE,,Pause,15,202521746,Filipino (group),0,1,-1,1,PAUSE,-1,0.88579875,1
audio/train_001666_real_voice_PAUSE_V1_t2.wav,PAUSE,,Pause,15,202521746,Filipino (group),0,1,-1,1,PAUSE,-1,0.5347143,1
audio/train_001667_real_voice_PAUSE_V1_t3.wav,PAUSE,,Pause,15,202521746,Filipino (group),0,1,-1,1,PAUSE,-1,0.7793174,1
audio/train_001673_FluentSpeechCommands_c0d1d6f0-44f3-11e9-a1ea-79ca03012c0e.wav,PAUSE,,Pause,15,ppymZZDb2Bf4NQnE,Native English,0,1,-1,1,PAUSE,-1,0.6047699,1
audio/train_001674_FluentSpeechCommands_f3c91440-4473-11e9-a9a5-5dbec3b8816a.wav,PAUSE,,Pause,15,ppzZqYxGkESMdA5Az,Native English,0,1,-1,19,OUT_OF_SCOPE,-1,0.9470991,0
audio/train_001676_FluentSpeechCommands_5a9b5880-44cf-11e9-a8b6-e96f2628bf65.wav,PAUSE,,Pause,15,qNY4Qwveojc8jlm4,Native English,0,1,-1,1,PAUSE,-1,0.9610894,1
audio/train_001685_FluentSpeechCommands_132b2600-4453-11e9-beaa-1f3e1eab7bff.wav,PAUSE,,Pause,15,ObdQbr9wyDfbmW4E,Native English,0,1,-1,1,PAUSE,-1,0.9113693,1
audio/train_001693_FluentSpeechCommands_2140e740-45f0-11e9-aa19-e96346c3828f.wav,PAUSE,,Pause,15,Gym5dABePPHA8mZK9,Native English,0,1,-1,1,PAUSE,-1,0.25316113,1
audio/train_001700_FluentSpeechCommands_0b058b10-45c4-11e9-8ec0-7bf21d1cfe30.wav,PAUSE,,Pause,15,xRQE5VD7rRHVdyvM,Native English,0,1,-1,1,PAUSE,-1,0.7161039,1
audio/train_001703_FluentSpeechCommands_e0889480-45e7-11e9-b578-494a5b19ab8b.wav,PAUSE,,Pause,15,8B9N9jOOXGUordVG,Native English,0,1,-1,1,PAUSE,-1,0.4224853,1
audio/train_001708_FluentSpeechCommands_6da5cd10-446c-11e9-beaa-1f3e1eab7bff.wav,PAUSE,,Pause,15,AY5e3mMgZkIyG3Ox,Native English,0,1,-1,1,PAUSE,-1,0.9657576,1
audio/train_001735_group_synthetic_PAUSE_s82_v1_clean.wav,PAUSE,,Pause,15,s82,Synthetic,1,1,-1,1,PAUSE,-1,0.98336524,1
audio/train_001739_group_synthetic_PAUSE_s38_v1_noisy.wav,PAUSE,,Pause,15,s38,Synthetic,1,1,-1,1,PAUSE,-1,0.63523746,1
audio/train_001746_group_synthetic_PAUSE_s74_v1_clean.wav,PAUSE,,Pause,15,s74,Synthetic,1,1,-1,1,PAUSE,-1,0.8150429,1
audio/train_001754_group_synthetic_PAUSE_s26_v1_clean.wav,PAUSE,,Pause,15,s26,Synthetic,1,1,-1,1,PAUSE,-1,0.86900485,1
audio/train_001758_group_synthetic_PAUSE_s88_v1_noisy.wav,PAUSE,,Pause,15,s88,Synthetic,1,1,-1,1,PAUSE,-1,0.9960173,1
audio/train_001763_group_synthetic_PAUSE_s30_v1_clean.wav,PAUSE,,Pause,15,s30,Synthetic,1,1,-1,1,PAUSE,-1,0.44537756,1
audio/train_001772_group_synthetic_PAUSE_s18_v1_noisy.wav,PAUSE,,Pause,15,s18,Synthetic,1,1,-1,1,PAUSE,-1,0.8221861,1
audio/train_001774_group_synthetic_PAUSE_s67_v1_clean.wav,PAUSE,,Pause,15,s67,Synthetic,1,1,-1,1,PAUSE,-1,0.89842415,1
audio/train_001776_real_voice_PAUSE_V2_t1.wav,PAUSE,,Pause audio,16,202521746,Filipino (group),0,1,-1,1,PAUSE,-1,0.6925914,1
audio/train_001777_real_voice_PAUSE_V2_t2.wav,PAUSE,,Pause audio,16,202521746,Filipino (group),0,1,-1,1,PAUSE,-1,0.6728707,1
audio/train_001778_real_voice_PAUSE_V2_t3.wav,PAUSE,,Pause audio,16,202521746,Filipino (group),0,1,-1,1,PAUSE,-1,0.32506958,1
audio/train_001793_FluentSpeechCommands_f0d03690-45e7-11e9-b578-494a5b19ab8b.wav,PAUSE,,Pause audio,16,8B9N9jOOXGUordVG,Native English,0,1,-1,2,STOP,-1,0.8918094,0
audio/train_001797_FluentSpeechCommands_702f7f90-44f8-11e9-a1ea-79ca03012c0e.wav,PAUSE,,Pause audio,16,Z7BXPnplxGUjZdmBZ,Native English,0,1,-1,1,PAUSE,-1,0.56979847,1
audio/train_001808_FluentSpeechCommands_1ea56d40-446e-11e9-beaa-1f3e1eab7bff.wav,PAUSE,,Pause audio,16,AY5e3mMgZkIyG3Ox,Native English,0,1,-1,19,OUT_OF_SCOPE,-1,0.51203984,0
audio/train_001811_FluentSpeechCommands_61f0a270-44cf-11e9-a8b6-e96f2628bf65.wav,PAUSE,,Pause audio,16,qNY4Qwveojc8jlm4,Native English,0,1,-1,1,PAUSE,-1,0.627472,1
audio/train_001819_FluentSpeechCommands_ecf22a50-45ed-11e9-aa19-e96346c3828f.wav,PAUSE,,Pause audio,16,Gym5dABePPHA8mZK9,Native English,0,1,-1,1,PAUSE,-1,0.9712133,1
audio/train_001821_FluentSpeechCommands_c0908f90-44f0-11e9-a1ea-79ca03012c0e.wav,PAUSE,,Pause audio,16,ppymZZDb2Bf4NQnE,Native English,0,1,-1,1,PAUSE,-1,0.7937637,1
audio/train_001823_FluentSpeechCommands_05146d40-44cd-11e9-a8b6-e96f2628bf65.wav,PAUSE,,Pause audio,16,aokxBz9LxXHzZzay,Native English,0,1,-1,2,STOP,-1,0.6387647,0
audio/train_001827_FluentSpeechCommands_98b2da10-45c6-11e9-8ec0-7bf21d1cfe30.wav,PAUSE,,Pause audio,16,xRQE5VD7rRHVdyvM,Native English,0,1,-1,1,PAUSE,-1,0.4758224,1
audio/train_001828_FluentSpeechCommands_2a52f920-443f-11e9-beaa-1f3e1eab7bff.wav,PAUSE,,Pause audio,16,ObdQbr9wyDfbmW4E,Native English,0,1,-1,1,PAUSE,-1,0.87092614,1
audio/train_001829_FluentSpeechCommands_8e7e2c40-4529-11e9-a843-8db76f4b5e29.wav,PAUSE,,Pause audio,16,Xygv5loxdZtrywr9,Native English,0,1,-1,1,PAUSE,-1,0.34898674,1
audio/train_001831_FluentSpeechCommands_2acdf660-45bc-11e9-8ec0-7bf21d1cfe30.wav,PAUSE,,Pause audio,16,NgQEvO2x7Vh3xy2xz,Native English,0,1,-1,1,PAUSE,-1,0.7371191,1
audio/train_001838_group_synthetic_PAUSE_s67_v2_clean.wav,PAUSE,,Pause audio,16,s67,Synthetic,1,1,-1,1,PAUSE,-1,0.7866672,1
audio/train_001840_group_synthetic_PAUSE_s74_v2_noisy.wav,PAUSE,,Pause audio,16,s74,Synthetic,1,1,-1,5,VOLUME_DOWN,-1,0.42457524,0
audio/train_001861_group_synthetic_PAUSE_s82_v2_noisy.wav,PAUSE,,Pause audio,16,s82,Synthetic,1,1,-1,1,PAUSE,-1,0.7506133,1
audio/train_001862_group_synthetic_PAUSE_s80_v2_noisy.wav,PAUSE,,Pause audio,16,s80,Synthetic,1,1,-1,5,VOLUME_DOWN,-1,0.4073073,0
audio/train_001867_group_synthetic_PAUSE_s18_v2_clean.wav,PAUSE,,Pause audio,16,s18,Synthetic,1,1,-1,1,PAUSE,-1,0.8178319,1
audio/train_001868_group_synthetic_PAUSE_s26_v2_clean.wav,PAUSE,,Pause audio,16,s26,Synthetic,1,1,-1,1,PAUSE,-1,0.9692634,1
audio/train_001870_group_synthetic_PAUSE_s38_v2_noisy.wav,PAUSE,,Pause audio,16,s38,Synthetic,1,1,-1,1,PAUSE,-1,0.8235272,1
audio/train_001873_group_synthetic_PAUSE_s72_v2_clean.wav,PAUSE,,Pause audio,16,s72,Synthetic,1,1,-1,1,PAUSE,-1,0.85283226,1
audio/train_001887_real_voice_PAUSE_V3_t1.wav,PAUSE,,Pause song,17,202521746,Filipino (group),0,1,-1,1,PAUSE,-1,0.3428788,1
audio/train_001888_real_voice_PAUSE_V3_t2.wav,PAUSE,,Pause song,17,202521746,Filipino (group),0,1,-1,19,OUT_OF_SCOPE,-1,0.44019765,0
audio/train_001889_real_voice_PAUSE_V3_t3.wav,PAUSE,,Pause song,17,202521746,Filipino (group),0,1,-1,1,PAUSE,-1,0.2089491,1
audio/train_001893_SLURP_slurp_train_9750_3846_train-00004-.wav,PAUSE,,Pause song,17,FO-462,Other / non-native,0,1,-1,9,TIME,-1,0.19002931,0
audio/train_001900_SLURP_slurp_train_1087_3172_train-00002-.wav,PAUSE,,Pause song,17,FO-420,Other / non-native,0,1,-1,19,OUT_OF_SCOPE,-1,0.5233605,0
audio/train_001906_SLURP_slurp_test_9689_2520.wav,PAUSE,,Pause song,17,FO-462,Other / non-native,0,1,-1,19,OUT_OF_SCOPE,-1,0.96170473,0
audio/train_001923_SLURP_slurp_train_9750_3845_train-00004-.wav,PAUSE,,Pause song,17,FO-462,Other / non-native,0,1,-1,1,PAUSE,-1,0.347482,1
audio/train_001924_SLURP_slurp_test_9689_2519.wav,PAUSE,,Pause song,17,FO-462,Other / non-native,0,1,-1,1,PAUSE,-1,0.16391267,1
audio/train_001950_group_synthetic_PAUSE_s30_v3_clean.wav,PAUSE,,Pause song,17,s30,Synthetic,1,1,-1,1,PAUSE,-1,0.93862844,1
audio/train_001952_group_synthetic_PAUSE_s67_v3_clean.wav,PAUSE,,Pause song,17,s67,Synthetic,1,1,-1,1,PAUSE,-1,0.97234344,1
audio/train_001958_group_synthetic_PAUSE_s80_v3_clean.wav,PAUSE,,Pause song,17,s80,Synthetic,1,1,-1,1,PAUSE,-1,0.24976775,1
audio/train_001960_group_synthetic_PAUSE_s26_v3_clean.wav,PAUSE,,Pause song,17,s26,Synthetic,1,1,-1,1,PAUSE,-1,0.680508,1
audio/train_001965_group_synthetic_PAUSE_s72_v3_clean.wav,PAUSE,,Pause song,17,s72,Synthetic,1,1,-1,1,PAUSE,-1,0.53838676,1
audio/train_001966_group_synthetic_PAUSE_s74_v3_noisy.wav,PAUSE,,Pause song,17,s74,Synthetic,1,1,-1,1,PAUSE,-1,0.8497401,1
audio/train_001972_group_synthetic_PAUSE_s82_v3_noisy.wav,PAUSE,,Pause song,17,s82,Synthetic,1,1,-1,1,PAUSE,-1,0.95121044,1
audio/train_001984_group_synthetic_PAUSE_s18_v3_noisy.wav,PAUSE,,Pause song,17,s18,Synthetic,1,1,-1,1,PAUSE,-1,0.87983,1
audio/train_001997_group_synthetic_PAUSE_s88_v3_noisy.wav,PAUSE,,Pause song,17,s88,Synthetic,1,1,-1,1,PAUSE,-1,0.9882755,1
audio/train_001998_real_voice_STOP_V2_t1.wav,STOP,,Stop,18,202521746,Filipino (group),0,2,-1,2,STOP,-1,0.85881037,1
audio/train_001999_real_voice_STOP_V2_t2.wav,STOP,,Stop,18,202521746,Filipino (group),0,2,-1,2,STOP,-1,0.97389233,1
audio/train_002000_real_voice_STOP_V2_t3.wav,STOP,,Stop,18,202521746,Filipino (group),0,2,-1,2,STOP,-1,0.9627185,1
audio/train_002023_SLURP_slurp_train_5_3991_train-00001-.wav,STOP,,Stop,18,MO-371,Other / non-native,0,2,-1,2,STOP,-1,0.63018817,1
audio/train_002024_SLURP_slurp_train_5_3964_train-00001-.wav,STOP,,Stop,18,FO-180,Other / non-native,0,2,-1,19,OUT_OF_SCOPE,-1,0.9490521,0
audio/train_002036_SLURP_slurp_train_5_3965_train-00001-.wav,STOP,,Stop,18,FO-180,Other / non-native,0,2,-1,2,STOP,-1,0.7875809,1
audio/train_002037_SLURP_slurp_train_5_3992_train-00001-.wav,STOP,,Stop,18,MO-371,Other / non-native,0,2,-1,3,NEXT,-1,0.38771322,0
audio/train_002049_SLURP_slurp_train_5_3988_train-00001-.wav,STOP,,Stop,18,ME-352,Native English,0,2,-1,2,STOP,-1,0.624859,1
audio/train_002061_group_synthetic_STOP_s30_v1_clean.wav,STOP,,Stop,18,s30,Synthetic,1,2,-1,2,STOP,-1,0.9316967,1
audio/train_002065_group_synthetic_STOP_s67_v1_clean.wav,STOP,,Stop,18,s67,Synthetic,1,2,-1,2,STOP,-1,0.99250376,1
audio/train_002066_group_synthetic_STOP_s18_v1_clean.wav,STOP,,Stop,18,s18,Synthetic,1,2,-1,2,STOP,-1,0.9921346,1
audio/train_002078_group_synthetic_STOP_s88_v1_noisy.wav,STOP,,Stop,18,s88,Synthetic,1,2,-1,3,NEXT,-1,0.6887563,0
audio/train_002079_group_synthetic_STOP_s72_v1_noisy.wav,STOP,,Stop,18,s72,Synthetic,1,2,-1,2,STOP,-1,0.7992089,1
audio/train_002086_group_synthetic_STOP_s82_v1_clean.wav,STOP,,Stop,18,s82,Synthetic,1,2,-1,2,STOP,-1,0.97439903,1
audio/train_002087_group_synthetic_STOP_s74_v1_clean.wav,STOP,,Stop,18,s74,Synthetic,1,2,-1,19,OUT_OF_SCOPE,-1,0.78985286,0
audio/train_002100_group_synthetic_STOP_s80_v1_clean.wav,STOP,,Stop,18,s80,Synthetic,1,2,-1,2,STOP,-1,0.9868585,1
audio/train_002107_group_synthetic_STOP_s38_v1_clean.wav,STOP,,Stop,18,s38,Synthetic,1,2,-1,2,STOP,-1,0.90289676,1
audio/train_002109_real_voice_STOP_V1_t1.wav,STOP,,Stop playing,19,202521746,Filipino (group),0,2,-1,2,STOP,-1,0.8072511,1
audio/train_002110_real_voice_STOP_V1_t2.wav,STOP,,Stop playing,19,202521746,Filipino (group),0,2,-1,2,STOP,-1,0.9306951,1
audio/train_002111_real_voice_STOP_V1_t3.wav,STOP,,Stop playing,19,202521746,Filipino (group),0,2,-1,2,STOP,-1,0.9532506,1
audio/train_002112_real_voice_STOP_V3_t1.wav,STOP,,Stop playing,19,202521746,Filipino (group),0,2,-1,0,PLAY_MUSIC,-1,0.5566041,0
audio/train_002113_real_voice_STOP_V3_t2.wav,STOP,,Stop playing,19,202521746,Filipino (group),0,2,-1,2,STOP,-1,0.8249646,1
audio/train_002114_real_voice_STOP_V3_t3.wav,STOP,,Stop playing,19,202521746,Filipino (group),0,2,-1,2,STOP,-1,0.6082541,1
audio/train_002144_FluentSpeechCommands_50df7550-45c0-11e9-8ec0-7bf21d1cfe30.wav,STOP,,Stop playing,19,xRQE5VD7rRHVdyvM,Native English,0,2,-1,2,STOP,-1,0.97408265,1
audio/train_002146_FluentSpeechCommands_31f25ed0-4518-11e9-9035-7943ec3b842a.wav,STOP,,Stop playing,19,Xygv5loxdZtrywr9,Native English,0,2,-1,1,PAUSE,-1,0.43607888,0
audio/train_002158_FluentSpeechCommands_621ef700-45e3-11e9-81ce-69b74fd7e64e.wav,STOP,,Stop playing,19,8B9N9jOOXGUordVG,Native English,0,2,-1,2,STOP,-1,0.9965031,1
audio/train_002195_group_synthetic_STOP_s67_v2_clean.wav,STOP,,Stop playing,19,s67,Synthetic,1,2,-1,2,STOP,-1,0.99680895,1
audio/train_002196_group_synthetic_STOP_s38_v2_clean.wav,STOP,,Stop playing,19,s38,Synthetic,1,2,-1,2,STOP,-1,0.76387906,1
audio/train_002205_group_synthetic_STOP_s80_v2_clean.wav,STOP,,Stop playing,19,s80,Synthetic,1,2,-1,2,STOP,-1,0.9400737,1
audio/train_002206_group_synthetic_STOP_s30_v2_clean.wav,STOP,,Stop playing,19,s30,Synthetic,1,2,-1,2,STOP,-1,0.92352325,1
audio/train_002211_group_synthetic_STOP_s72_v2_clean.wav,STOP,,Stop playing,19,s72,Synthetic,1,2,-1,17,COLOR,0,0.4283534,0
audio/train_002217_group_synthetic_STOP_s74_v2_clean.wav,STOP,,Stop playing,19,s74,Synthetic,1,2,-1,19,OUT_OF_SCOPE,-1,0.43085894,0
audio/train_002218_group_synthetic_STOP_s88_v2_noisy.wav,STOP,,Stop playing,19,s88,Synthetic,1,2,-1,2,STOP,-1,0.90779275,1
audio/train_002224_FluentSpeechCommands_7955a070-44cd-11e9-a8b6-e96f2628bf65.wav,STOP,,End playback,20,aokxBz9LxXHzZzay,Native English,0,2,-1,2,STOP,-1,0.64222246,1
audio/train_002233_FluentSpeechCommands_6dc749b0-446a-11e9-beaa-1f3e1eab7bff.wav,STOP,,End playback,20,AY5e3mMgZkIyG3Ox,Native English,0,2,-1,2,STOP,-1,0.7593526,1
audio/train_002238_FluentSpeechCommands_1881f720-446f-11e9-a9a5-5dbec3b8816a.wav,STOP,,End playback,20,ppzZqYxGkESMdA5Az,Native English,0,2,-1,19,OUT_OF_SCOPE,-1,0.95036244,0
audio/train_002240_FluentSpeechCommands_f4d79640-44f0-11e9-a1ea-79ca03012c0e.wav,STOP,,End playback,20,ppymZZDb2Bf4NQnE,Native English,0,2,-1,2,STOP,-1,0.680259,1
audio/train_002241_FluentSpeechCommands_4f934970-45c4-11e9-8ec0-7bf21d1cfe30.wav,STOP,,End playback,20,xRQE5VD7rRHVdyvM,Native English,0,2,-1,2,STOP,-1,0.99188435,1
audio/train_002245_FluentSpeechCommands_9d473ad0-45bc-11e9-8ec0-7bf21d1cfe30.wav,STOP,,End playback,20,NgQEvO2x7Vh3xy2xz,Native English,0,2,-1,2,STOP,-1,0.50564057,1
audio/train_002246_FluentSpeechCommands_4936fb20-45e8-11e9-b578-494a5b19ab8b.wav,STOP,,End playback,20,8B9N9jOOXGUordVG,Native English,0,2,-1,2,STOP,-1,0.97657937,1
audio/train_002251_FluentSpeechCommands_78f56f90-443f-11e9-beaa-1f3e1eab7bff.wav,STOP,,End playback,20,ObdQbr9wyDfbmW4E,Native English,0,2,-1,2,STOP,-1,0.2433295,1
audio/train_002257_FluentSpeechCommands_8e215920-44cf-11e9-a8b6-e96f2628bf65.wav,STOP,,End playback,20,qNY4Qwveojc8jlm4,Native English,0,2,-1,2,STOP,-1,0.49328718,1
audio/train_002259_FluentSpeechCommands_5fe6a750-45f0-11e9-aa19-e96346c3828f.wav,STOP,,End playback,20,Gym5dABePPHA8mZK9,Native English,0,2,-1,19,OUT_OF_SCOPE,-1,0.5904627,0
audio/train_002270_FluentSpeechCommands_2ef2da70-4518-11e9-9035-7943ec3b842a.wav,STOP,,End playback,20,Xygv5loxdZtrywr9,Native English,0,2,-1,19,OUT_OF_SCOPE,-1,0.66803515,0
audio/train_002293_group_synthetic_STOP_s82_v3_clean.wav,STOP,,End playback,20,s82,Synthetic,1,2,-1,2,STOP,-1,0.76609784,1
audio/train_002296_group_synthetic_STOP_s26_v3_clean.wav,STOP,,End playback,20,s26,Synthetic,1,2,-1,5,VOLUME_DOWN,-1,0.26707757,0
audio/train_002298_group_synthetic_STOP_s74_v3_noisy.wav,STOP,,End playback,20,s74,Synthetic,1,2,-1,16,BRIGHTNESS,2,0.2678635,0
audio/train_002299_group_synthetic_STOP_s18_v3_clean.wav,STOP,,End playback,20,s18,Synthetic,1,2,-1,2,STOP,-1,0.49532574,1
audio/train_002307_group_synthetic_STOP_s30_v3_clean.wav,STOP,,End playback,20,s30,Synthetic,1,2,-1,2,STOP,-1,0.443857,1
audio/train_002312_group_synthetic_STOP_s38_v3_noisy.wav,STOP,,End playback,20,s38,Synthetic,1,2,-1,2,STOP,-1,0.16199224,1
audio/train_002313_group_synthetic_STOP_s67_v3_clean.wav,STOP,,End playback,20,s67,Synthetic,1,2,-1,2,STOP,-1,0.5994653,1
audio/train_002316_group_synthetic_STOP_s72_v3_noisy.wav,STOP,,End playback,20,s72,Synthetic,1,2,-1,16,BRIGHTNESS,0,0.22057867,0
audio/train_002327_group_synthetic_STOP_s80_v3_clean.wav,STOP,,End playback,20,s80,Synthetic,1,2,-1,2,STOP,-1,0.33182362,1
audio/train_002331_real_voice_NEXT_V2_t1.wav,NEXT,,Next song,21,202521746,Filipino (group),0,3,-1,3,NEXT,-1,0.9651707,1
audio/train_002332_real_voice_NEXT_V2_t2.wav,NEXT,,Next song,21,202521746,Filipino (group),0,3,-1,3,NEXT,-1,0.6303415,1
audio/train_002333_real_voice_NEXT_V2_t3.wav,NEXT,,Next song,21,202521746,Filipino (group),0,3,-1,3,NEXT,-1,0.9731025,1
audio/train_002369_SLURP_slurp_test_11261_2764.wav,NEXT,,Next song,21,FE-349,Native English,0,3,-1,3,NEXT,-1,0.30451033,1
audio/train_002378_SLURP_slurp_test_11261_2763.wav,NEXT,,Next song,21,FE-349,Native English,0,3,-1,3,NEXT,-1,0.7069519,1
audio/train_002383_xela_Multi-Sensor_VCM_006043.wav,NEXT,,Next song,21,Spk03,Unknown,0,3,-1,3,NEXT,-1,0.3944753,1
audio/train_002384_xela_Multi-Sensor_VCM_006113.wav,NEXT,,Next song,21,Spk06,Unknown,0,3,-1,16,BRIGHTNESS,0,0.244963,0
audio/train_002385_xela_Multi-Sensor_VCM_006484.wav,NEXT,,Next song,21,Spk12,Unknown,0,3,-1,3,NEXT,-1,0.8489019,1
audio/train_002386_xela_Multi-Sensor_VCM_006573.wav,NEXT,,Next song,21,Spk15,Unknown,0,3,-1,19,OUT_OF_SCOPE,-1,0.66190416,0
audio/train_002411_group_synthetic_NEXT_s80_v1_clean.wav,NEXT,,Next song,21,s80,Synthetic,1,3,-1,3,NEXT,-1,0.98845285,1
audio/train_002414_group_synthetic_NEXT_s26_v1_noisy.wav,NEXT,,Next song,21,s26,Synthetic,1,3,-1,3,NEXT,-1,0.99786574,1
audio/train_002417_group_synthetic_NEXT_s88_v1_clean.wav,NEXT,,Next song,21,s88,Synthetic,1,3,-1,3,NEXT,-1,0.9896389,1
audio/train_002427_group_synthetic_NEXT_s30_v1_noisy.wav,NEXT,,Next song,21,s30,Synthetic,1,3,-1,3,NEXT,-1,0.9453039,1
audio/train_002436_group_synthetic_NEXT_s72_v1_clean.wav,NEXT,,Next song,21,s72,Synthetic,1,3,-1,3,NEXT,-1,0.9985594,1
audio/train_002442_real_voice_NEXT_V1_t1.wav,NEXT,,Skip song,22,202521746,Filipino (group),0,3,-1,3,NEXT,-1,0.86740464,1
audio/train_002443_real_voice_NEXT_V1_t2.wav,NEXT,,Skip song,22,202521746,Filipino (group),0,3,-1,3,NEXT,-1,0.60648936,1
audio/train_002444_real_voice_NEXT_V1_t3.wav,NEXT,,Skip song,22,202521746,Filipino (group),0,3,-1,3,NEXT,-1,0.49714914,1
audio/train_002460_SLURP_slurp_train_11264_3025_train-00002-.wav,NEXT,,Skip song,22,FO-462,Other / non-native,0,3,-1,2,STOP,-1,0.39076006,0
audio/train_002465_SLURP_slurp_train_2819_8325_train-00004-.wav,NEXT,,Skip song,22,FO-462,Other / non-native,0,3,-1,4,VOLUME_UP,-1,0.2876185,0
audio/train_002469_SLURP_slurp_train_2819_8324_train-00004-.wav,NEXT,,Skip song,22,FO-462,Other / non-native,0,3,-1,3,NEXT,-1,0.9183609,1
audio/train_002470_SLURP_slurp_train_2819_8326_train-00004-.wav,NEXT,,Skip song,22,ME-220,Native English,0,3,-1,10,CALL,-1,0.4490602,0
audio/train_002471_SLURP_slurp_train_2819_8327_train-00004-.wav,NEXT,,Skip song,22,ME-220,Native English,0,3,-1,2,STOP,-1,0.35188204,0
audio/train_002474_group_synthetic_NEXT_s74_v2_noisy.wav,NEXT,,Skip song,22,s74,Synthetic,1,3,-1,3,NEXT,-1,0.6546458,1
audio/train_002477_group_synthetic_NEXT_s72_v2_clean.wav,NEXT,,Skip song,22,s72,Synthetic,1,3,-1,3,NEXT,-1,0.9046453,1
audio/train_002479_group_synthetic_NEXT_s26_v2_clean.wav,NEXT,,Skip song,22,s26,Synthetic,1,3,-1,3,NEXT,-1,0.97921866,1
audio/train_002485_group_synthetic_NEXT_s88_v2_noisy.wav,NEXT,,Skip song,22,s88,Synthetic,1,3,-1,3,NEXT,-1,0.8305614,1
audio/train_002491_group_synthetic_NEXT_s82_v2_clean.wav,NEXT,,Skip song,22,s82,Synthetic,1,3,-1,3,NEXT,-1,0.759207,1
audio/train_002505_group_synthetic_NEXT_s80_v2_noisy.wav,NEXT,,Skip song,22,s80,Synthetic,1,3,-1,3,NEXT,-1,0.9361385,1
audio/train_002507_group_synthetic_NEXT_s67_v2_noisy.wav,NEXT,,Skip song,22,s67,Synthetic,1,3,-1,3,NEXT,-1,0.8507798,1
audio/train_002514_group_synthetic_NEXT_s30_v2_clean.wav,NEXT,,Skip song,22,s30,Synthetic,1,3,-1,3,NEXT,-1,0.7671556,1
audio/train_002515_group_synthetic_NEXT_s18_v2_noisy.wav,NEXT,,Skip song,22,s18,Synthetic,1,3,-1,3,NEXT,-1,0.96635437,1
audio/train_002534_group_synthetic_NEXT_s38_v2_clean.wav,NEXT,,Skip song,22,s38,Synthetic,1,3,-1,3,NEXT,-1,0.45822552,1
audio/train_002549_group_synthetic_NEXT_s80_v2_clean.wav,NEXT,,Skip song,22,s80,Synthetic,1,3,-1,3,NEXT,-1,0.53525007,1
audio/train_002550_group_synthetic_NEXT_s88_v2_clean.wav,NEXT,,Skip song,22,s88,Synthetic,1,3,-1,3,NEXT,-1,0.6860804,1
audio/train_002553_real_voice_NEXT_V3_t1.wav,NEXT,,Play next song,23,202521746,Filipino (group),0,3,-1,3,NEXT,-1,0.62390524,1
audio/train_002554_real_voice_NEXT_V3_t2.wav,NEXT,,Play next song,23,202521746,Filipino (group),0,3,-1,3,NEXT,-1,0.7847199,1
audio/train_002555_real_voice_NEXT_V3_t3.wav,NEXT,,Play next song,23,202521746,Filipino (group),0,3,-1,3,NEXT,-1,0.4020296,1
audio/train_002579_SLURP_slurp_devel_2993_119.wav,NEXT,,Play next song,23,ME-369,Native English,0,3,-1,7,LIGHT_OFF,-1,0.3294324,0
audio/train_002588_SLURP_slurp_devel_2993_120.wav,NEXT,,Play next song,23,ME-369,Native English,0,3,-1,3,NEXT,-1,0.42994496,1
audio/train_002596_group_synthetic_NEXT_s67_v3_clean.wav,NEXT,,Play next song,23,s67,Synthetic,1,3,-1,3,NEXT,-1,0.8886802,1
audio/train_002600_group_synthetic_NEXT_s30_v3_noisy.wav,NEXT,,Play next song,23,s30,Synthetic,1,3,-1,3,NEXT,-1,0.80224884,1
audio/train_002602_group_synthetic_NEXT_s72_v3_noisy.wav,NEXT,,Play next song,23,s72,Synthetic,1,3,-1,3,NEXT,-1,0.9436567,1
audio/train_002609_group_synthetic_NEXT_s38_v3_noisy.wav,NEXT,,Play next song,23,s38,Synthetic,1,3,-1,3,NEXT,-1,0.9539656,1
audio/train_002614_group_synthetic_NEXT_s80_v3_clean.wav,NEXT,,Play next song,23,s80,Synthetic,1,3,-1,3,NEXT,-1,0.70155436,1
audio/train_002618_group_synthetic_NEXT_s88_v3_clean.wav,NEXT,,Play next song,23,s88,Synthetic,1,3,-1,3,NEXT,-1,0.6313053,1
audio/train_002644_group_synthetic_NEXT_s74_v3_noisy.wav,NEXT,,Play next song,23,s74,Synthetic,1,3,-1,3,NEXT,-1,0.8144231,1
audio/train_002651_group_synthetic_NEXT_s82_v3_clean.wav,NEXT,,Play next song,23,s82,Synthetic,1,3,-1,3,NEXT,-1,0.9957748,1
audio/train_002652_group_synthetic_NEXT_s26_v3_clean.wav,NEXT,,Play next song,23,s26,Synthetic,1,3,-1,3,NEXT,-1,0.96308666,1
audio/train_002658_group_synthetic_NEXT_s18_v3_clean.wav,NEXT,,Play next song,23,s18,Synthetic,1,3,-1,3,NEXT,-1,0.34708205,1
audio/train_002661_group_synthetic_NEXT_s30_v3_clean.wav,NEXT,,Play next song,23,s30,Synthetic,1,3,-1,3,NEXT,-1,0.7204034,1
audio/train_002701_SLURP_slurp_devel_188_5640.wav,VOLUME_UP,,Volume up,24,MO-371,Other / non-native,0,4,-1,19,OUT_OF_SCOPE,-1,0.3135304,0
audio/train_002702_SLURP_slurp_train_2487_3028_train-00005-.wav,VOLUME_UP,,Volume up,24,FO-462,Other / non-native,0,4,-1,4,VOLUME_UP,-1,0.24862193,1
audio/train_002718_SLURP_slurp_train_1297_7455_train-00002-.wav,VOLUME_UP,,Volume up,24,FO-462,Other / non-native,0,4,-1,5,VOLUME_DOWN,-1,0.54342806,0
audio/train_002727_group_synthetic_VOLUME_UP_s88_v1_clean.wav,VOLUME_UP,,Volume up,24,s88,Synthetic,1,4,-1,4,VOLUME_UP,-1,0.518418,1
audio/train_002732_group_synthetic_VOLUME_UP_s72_v1_noisy.wav,VOLUME_UP,,Volume up,24,s72,Synthetic,1,4,-1,19,OUT_OF_SCOPE,-1,0.20666829,0
audio/train_002734_group_synthetic_VOLUME_UP_s80_v1_clean.wav,VOLUME_UP,,Volume up,24,s80,Synthetic,1,4,-1,5,VOLUME_DOWN,-1,0.40712485,0
audio/train_002743_group_synthetic_VOLUME_UP_s74_v1_noisy.wav,VOLUME_UP,,Volume up,24,s74,Synthetic,1,4,-1,19,OUT_OF_SCOPE,-1,0.40906027,0
audio/train_002745_group_synthetic_VOLUME_UP_s82_v1_noisy.wav,VOLUME_UP,,Volume up,24,s82,Synthetic,1,4,-1,5,VOLUME_DOWN,-1,0.7669973,0
audio/train_002759_group_synthetic_VOLUME_UP_s26_v1_noisy.wav,VOLUME_UP,,Volume up,24,s26,Synthetic,1,4,-1,4,VOLUME_UP,-1,0.5713168,1
audio/train_002765_group_synthetic_VOLUME_UP_s30_v1_clean.wav,VOLUME_UP,,Volume up,24,s30,Synthetic,1,4,-1,4,VOLUME_UP,-1,0.7713231,1
audio/train_002791_SLURP_slurp_train_3710_1464_train-00005-.wav,VOLUME_UP,,Increase the volume,25,FO-462,Other / non-native,0,4,-1,9,TIME,-1,0.26630244,0
audio/train_002796_SLURP_slurp_train_573_38_train-00003-.wav,VOLUME_UP,,Increase the volume,25,MO-371,Other / non-native,0,4,-1,17,COLOR,0,0.37774605,0
audio/train_002815_SLURP_slurp_train_1880_737_train-00004-.wav,VOLUME_UP,,Increase the volume,25,FO-462,Other / non-native,0,4,-1,4,VOLUME_UP,-1,0.7594936,1
audio/train_002821_SLURP_slurp_train_4762_4609_train-00005-.wav,VOLUME_UP,,Increase the volume,25,FO-462,Other / non-native,0,4,-1,16,BRIGHTNESS,0,0.43131614,0
audio/train_002827_SLURP_slurp_devel_691_4232.wav,VOLUME_UP,,Increase the volume,25,FO-462,Other / non-native,0,4,-1,4,VOLUME_UP,-1,0.29506278,1
audio/train_002836_group_synthetic_VOLUME_UP_s18_v2_clean.wav,VOLUME_UP,,Increase the volume,25,s18,Synthetic,1,4,-1,4,VOLUME_UP,-1,0.4655649,1
audio/train_002849_group_synthetic_VOLUME_UP_s88_v2_noisy.wav,VOLUME_UP,,Increase the volume,25,s88,Synthetic,1,4,-1,4,VOLUME_UP,-1,0.66422606,1
audio/train_002851_group_synthetic_VOLUME_UP_s74_v2_clean.wav,VOLUME_UP,,Increase the volume,25,s74,Synthetic,1,4,-1,14,ALARM,1,0.32532585,0
audio/train_002854_group_synthetic_VOLUME_UP_s38_v2_noisy.wav,VOLUME_UP,,Increase the volume,25,s38,Synthetic,1,4,-1,4,VOLUME_UP,-1,0.6885706,1
audio/train_002862_group_synthetic_VOLUME_UP_s30_v2_clean.wav,VOLUME_UP,,Increase the volume,25,s30,Synthetic,1,4,-1,4,VOLUME_UP,-1,0.5029921,1
audio/train_002869_group_synthetic_VOLUME_UP_s26_v2_noisy.wav,VOLUME_UP,,Increase the volume,25,s26,Synthetic,1,4,-1,4,VOLUME_UP,-1,0.81369877,1
audio/train_002875_group_synthetic_VOLUME_UP_s72_v2_clean.wav,VOLUME_UP,,Increase the volume,25,s72,Synthetic,1,4,-1,5,VOLUME_DOWN,-1,0.21635278,0
audio/train_002878_group_synthetic_VOLUME_UP_s67_v2_noisy.wav,VOLUME_UP,,Increase the volume,25,s67,Synthetic,1,4,-1,4,VOLUME_UP,-1,0.7996701,1
audio/train_002901_SLURP_slurp_train_187_6398_train-00000-.wav,VOLUME_UP,,Turn the volume up,26,FO-462,Other / non-native,0,4,-1,4,VOLUME_UP,-1,0.54523885,1
audio/train_002902_SLURP_slurp_train_3014_4369_train-00005-.wav,VOLUME_UP,,Turn the volume up,26,FO-171,Other / non-native,0,4,-1,4,VOLUME_UP,-1,0.5122169,1
audio/train_002907_SLURP_slurp_train_187_6393_train-00000-.wav,VOLUME_UP,,Turn the volume up,26,FO-180,Other / non-native,0,4,-1,19,OUT_OF_SCOPE,-1,0.302621,0
audio/train_002918_SLURP_slurp_train_1432_2926_train-00004-.wav,VOLUME_UP,,Turn the volume up,26,FO-462,Other / non-native,0,4,-1,4,VOLUME_UP,-1,0.5173787,1
audio/train_002931_SLURP_slurp_train_5032_4064_train-00005-.wav,VOLUME_UP,,Turn the volume up,26,FO-462,Other / non-native,0,4,-1,9,TIME,-1,0.20402494,0
audio/train_002933_SLURP_slurp_train_187_6396_train-00000-.wav,VOLUME_UP,,Turn the volume up,26,FO-462,Other / non-native,0,4,-1,4,VOLUME_UP,-1,0.61259574,1
audio/train_002936_SLURP_slurp_train_5294_6411_train-00003-.wav,VOLUME_UP,,Turn the volume up,26,FO-462,Other / non-native,0,4,-1,4,VOLUME_UP,-1,0.17434081,1
audio/train_002938_SLURP_slurp_train_1641_2875_train-00003-.wav,VOLUME_UP,,Turn the volume up,26,FO-462,Other / non-native,0,4,-1,2,STOP,-1,0.37907222,0
audio/train_002940_SLURP_slurp_devel_4579_6222.wav,VOLUME_UP,,Turn the volume up,26,FO-462,Other / non-native,0,4,-1,4,VOLUME_UP,-1,0.36218435,1
audio/train_002953_group_synthetic_VOLUME_UP_s67_v3_noisy.wav,VOLUME_UP,,Turn the volume up,26,s67,Synthetic,1,4,-1,4,VOLUME_UP,-1,0.67980194,1
audio/train_002954_group_synthetic_VOLUME_UP_s26_v3_clean.wav,VOLUME_UP,,Turn the volume up,26,s26,Synthetic,1,4,-1,4,VOLUME_UP,-1,0.7188426,1
audio/train_002973_group_synthetic_VOLUME_UP_s74_v3_clean.wav,VOLUME_UP,,Turn the volume up,26,s74,Synthetic,1,4,-1,5,VOLUME_DOWN,-1,0.5852964,0
audio/train_002977_group_synthetic_VOLUME_UP_s88_v3_clean.wav,VOLUME_UP,,Turn the volume up,26,s88,Synthetic,1,4,-1,4,VOLUME_UP,-1,0.72733766,1
audio/train_002978_group_synthetic_VOLUME_UP_s30_v3_noisy.wav,VOLUME_UP,,Turn the volume up,26,s30,Synthetic,1,4,-1,4,VOLUME_UP,-1,0.52990043,1
audio/train_002979_group_synthetic_VOLUME_UP_s38_v3_clean.wav,VOLUME_UP,,Turn the volume up,26,s38,Synthetic,1,4,-1,4,VOLUME_UP,-1,0.51934254,1
audio/train_002980_group_synthetic_VOLUME_UP_s82_v3_clean.wav,VOLUME_UP,,Turn the volume up,26,s82,Synthetic,1,4,-1,4,VOLUME_UP,-1,0.5098505,1
audio/train_002988_group_synthetic_VOLUME_UP_s18_v3_noisy.wav,VOLUME_UP,,Turn the volume up,26,s18,Synthetic,1,4,-1,4,VOLUME_UP,-1,0.74150896,1
audio/train_002997_real_voice_VOLUME_DOWN_V1_t1.wav,VOLUME_DOWN,,Volume down,27,202521746,Filipino (group),0,5,-1,5,VOLUME_DOWN,-1,0.9696074,1
audio/train_002998_real_voice_VOLUME_DOWN_V1_t2.wav,VOLUME_DOWN,,Volume down,27,202521746,Filipino (group),0,5,-1,5,VOLUME_DOWN,-1,0.9464921,1
audio/train_002999_real_voice_VOLUME_DOWN_V1_t3.wav,VOLUME_DOWN,,Volume down,27,202521746,Filipino (group),0,5,-1,5,VOLUME_DOWN,-1,0.9757213,1
audio/train_003034_SLURP_slurp_train_4732_7358_train-00001-.wav,VOLUME_DOWN,,Volume down,27,FE-349,Native English,0,5,-1,5,VOLUME_DOWN,-1,0.35916993,1
audio/train_003047_FluentSpeechCommands_3239fca0-45bc-11e9-8ec0-7bf21d1cfe30.wav,VOLUME_DOWN,,Volume down,27,NgQEvO2x7Vh3xy2xz,Native English,0,5,-1,5,VOLUME_DOWN,-1,0.85956216,1
audio/train_003048_FluentSpeechCommands_22020490-4454-11e9-beaa-1f3e1eab7bff.wav,VOLUME_DOWN,,Volume down,27,ObdQbr9wyDfbmW4E,Native English,0,5,-1,2,STOP,-1,0.26692167,0
audio/train_003054_group_synthetic_VOLUME_DOWN_s38_v1_clean.wav,VOLUME_DOWN,,Volume down,27,s38,Synthetic,1,5,-1,5,VOLUME_DOWN,-1,0.99084353,1
audio/train_003059_group_synthetic_VOLUME_DOWN_s88_v1_noisy.wav,VOLUME_DOWN,,Volume down,27,s88,Synthetic,1,5,-1,5,VOLUME_DOWN,-1,0.96508485,1
audio/train_003076_group_synthetic_VOLUME_DOWN_s72_v1_noisy.wav,VOLUME_DOWN,,Volume down,27,s72,Synthetic,1,5,-1,5,VOLUME_DOWN,-1,0.7920756,1
audio/train_003081_group_synthetic_VOLUME_DOWN_s80_v1_noisy.wav,VOLUME_DOWN,,Volume down,27,s80,Synthetic,1,5,-1,5,VOLUME_DOWN,-1,0.90501386,1
audio/train_003085_group_synthetic_VOLUME_DOWN_s30_v1_clean.wav,VOLUME_DOWN,,Volume down,27,s30,Synthetic,1,5,-1,5,VOLUME_DOWN,-1,0.9700918,1
audio/train_003093_group_synthetic_VOLUME_DOWN_s74_v1_clean.wav,VOLUME_DOWN,,Volume down,27,s74,Synthetic,1,5,-1,5,VOLUME_DOWN,-1,0.9178299,1
audio/train_003098_group_synthetic_VOLUME_DOWN_s18_v1_noisy.wav,VOLUME_DOWN,,Volume down,27,s18,Synthetic,1,5,-1,5,VOLUME_DOWN,-1,0.92916864,1
audio/train_003103_group_synthetic_VOLUME_DOWN_s67_v1_noisy.wav,VOLUME_DOWN,,Volume down,27,s67,Synthetic,1,5,-1,5,VOLUME_DOWN,-1,0.87174016,1
audio/train_003108_real_voice_VOLUME_DOWN_V2_t1.wav,VOLUME_DOWN,,Lower the volume,28,202521746,Filipino (group),0,5,-1,5,VOLUME_DOWN,-1,0.46423626,1
audio/train_003109_real_voice_VOLUME_DOWN_V2_t2.wav,VOLUME_DOWN,,Lower the volume,28,202521746,Filipino (group),0,5,-1,5,VOLUME_DOWN,-1,0.59263873,1
audio/train_003110_real_voice_VOLUME_DOWN_V2_t3.wav,VOLUME_DOWN,,Lower the volume,28,202521746,Filipino (group),0,5,-1,5,VOLUME_DOWN,-1,0.3958816,1
audio/train_003118_SLURP_slurp_train_2894_2163_train-00003-.wav,VOLUME_DOWN,,Lower the volume,28,FO-462,Other / non-native,0,5,-1,4,VOLUME_UP,-1,0.5102119,0
audio/train_003125_SLURP_slurp_devel_331_6653.wav,VOLUME_DOWN,,Lower the volume,28,FO-180,Other / non-native,0,5,-1,3,NEXT,-1,0.45066094,0
audio/train_003140_SLURP_slurp_train_1787_4158_train-00003-.wav,VOLUME_DOWN,,Lower the volume,28,FO-462,Other / non-native,0,5,-1,4,VOLUME_UP,-1,0.6072478,0
audio/train_003155_SLURP_slurp_train_690_1875_train-00002-.wav,VOLUME_DOWN,,Lower the volume,28,FO-462,Other / non-native,0,5,-1,4,VOLUME_UP,-1,0.5226992,0
audio/train_003159_SLURP_slurp_devel_4979_7460.wav,VOLUME_DOWN,,Lower the volume,28,FO-462,Other / non-native,0,5,-1,5,VOLUME_DOWN,-1,0.14857273,1
audio/train_003165_group_synthetic_VOLUME_DOWN_s72_v2_noisy.wav,VOLUME_DOWN,,Lower the volume,28,s72,Synthetic,1,5,-1,5,VOLUME_DOWN,-1,0.23484416,1
audio/train_003167_group_synthetic_VOLUME_DOWN_s80_v2_noisy.wav,VOLUME_DOWN,,Lower the volume,28,s80,Synthetic,1,5,-1,5,VOLUME_DOWN,-1,0.658429,1
audio/train_003174_group_synthetic_VOLUME_DOWN_s38_v2_noisy.wav,VOLUME_DOWN,,Lower the volume,28,s38,Synthetic,1,5,-1,5,VOLUME_DOWN,-1,0.7044998,1
audio/train_003176_group_synthetic_VOLUME_DOWN_s82_v2_noisy.wav,VOLUME_DOWN,,Lower the volume,28,s82,Synthetic,1,5,-1,5,VOLUME_DOWN,-1,0.74465185,1
audio/train_003177_group_synthetic_VOLUME_DOWN_s74_v2_clean.wav,VOLUME_DOWN,,Lower the volume,28,s74,Synthetic,1,5,-1,5,VOLUME_DOWN,-1,0.75400794,1
audio/train_003182_group_synthetic_VOLUME_DOWN_s67_v2_clean.wav,VOLUME_DOWN,,Lower the volume,28,s67,Synthetic,1,5,-1,5,VOLUME_DOWN,-1,0.6729565,1
audio/train_003185_group_synthetic_VOLUME_DOWN_s30_v2_noisy.wav,VOLUME_DOWN,,Lower the volume,28,s30,Synthetic,1,5,-1,5,VOLUME_DOWN,-1,0.74393386,1
audio/train_003205_group_synthetic_VOLUME_DOWN_s18_v2_clean.wav,VOLUME_DOWN,,Lower the volume,28,s18,Synthetic,1,5,-1,5,VOLUME_DOWN,-1,0.5673185,1
audio/train_003219_real_voice_VOLUME_DOWN_V3_t1.wav,VOLUME_DOWN,,Turn the volume down,29,202521746,Filipino (group),0,5,-1,5,VOLUME_DOWN,-1,0.78220725,1
audio/train_003220_real_voice_VOLUME_DOWN_V3_t2.wav,VOLUME_DOWN,,Turn the volume down,29,202521746,Filipino (group),0,5,-1,5,VOLUME_DOWN,-1,0.89133865,1
audio/train_003221_real_voice_VOLUME_DOWN_V3_t3.wav,VOLUME_DOWN,,Turn the volume down,29,202521746,Filipino (group),0,5,-1,5,VOLUME_DOWN,-1,0.6388395,1
audio/train_003229_SLURP_slurp_train_4901_1512_train-00000-.wav,VOLUME_DOWN,,Turn the volume down,29,FO-462,Other / non-native,0,5,-1,19,OUT_OF_SCOPE,-1,0.3033316,0
audio/train_003240_SLURP_slurp_test_1639_1756.wav,VOLUME_DOWN,,Turn the volume down,29,FO-420,Other / non-native,0,5,-1,4,VOLUME_UP,-1,0.19977172,0
audio/train_003247_SLURP_slurp_train_4390_1202_train-00001-.wav,VOLUME_DOWN,,Turn the volume down,29,FO-462,Other / non-native,0,5,-1,5,VOLUME_DOWN,-1,0.71772534,1
audio/train_003255_SLURP_slurp_train_1367_2407_train-00003-.wav,VOLUME_DOWN,,Turn the volume down,29,FO-462,Other / non-native,0,5,-1,4,VOLUME_UP,-1,0.48870257,0
audio/train_003296_group_synthetic_VOLUME_DOWN_s67_v3_noisy.wav,VOLUME_DOWN,,Turn the volume down,29,s67,Synthetic,1,5,-1,5,VOLUME_DOWN,-1,0.8431327,1
audio/train_003308_group_synthetic_VOLUME_DOWN_s30_v3_noisy.wav,VOLUME_DOWN,,Turn the volume down,29,s30,Synthetic,1,5,-1,5,VOLUME_DOWN,-1,0.890297,1
audio/train_003309_group_synthetic_VOLUME_DOWN_s80_v3_noisy.wav,VOLUME_DOWN,,Turn the volume down,29,s80,Synthetic,1,5,-1,5,VOLUME_DOWN,-1,0.52317405,1
audio/train_003312_group_synthetic_VOLUME_DOWN_s26_v3_noisy.wav,VOLUME_DOWN,,Turn the volume down,29,s26,Synthetic,1,5,-1,5,VOLUME_DOWN,-1,0.9074045,1
audio/train_003313_group_synthetic_VOLUME_DOWN_s88_v3_noisy.wav,VOLUME_DOWN,,Turn the volume down,29,s88,Synthetic,1,5,-1,5,VOLUME_DOWN,-1,0.9436613,1
audio/train_003315_group_synthetic_VOLUME_DOWN_s82_v3_clean.wav,VOLUME_DOWN,,Turn the volume down,29,s82,Synthetic,1,5,-1,5,VOLUME_DOWN,-1,0.9367898,1
audio/train_003318_group_synthetic_VOLUME_DOWN_s38_v3_noisy.wav,VOLUME_DOWN,,Turn the volume down,29,s38,Synthetic,1,5,-1,5,VOLUME_DOWN,-1,0.90215373,1
audio/train_003323_group_synthetic_VOLUME_DOWN_s74_v3_noisy.wav,VOLUME_DOWN,,Turn the volume down,29,s74,Synthetic,1,5,-1,5,VOLUME_DOWN,-1,0.9068498,1
audio/train_003324_group_synthetic_VOLUME_DOWN_s18_v3_noisy.wav,VOLUME_DOWN,,Turn the volume down,29,s18,Synthetic,1,5,-1,5,VOLUME_DOWN,-1,0.6801229,1
audio/train_003330_real_voice_CALL_V1_t1.wav,CALL,,Call,30,202521746,Filipino (group),0,10,-1,1,PAUSE,-1,0.5552371,0
audio/train_003331_real_voice_CALL_V1_t2.wav,CALL,,Call,30,202521746,Filipino (group),0,10,-1,1,PAUSE,-1,0.8227164,0
audio/train_003332_real_voice_CALL_V1_t3.wav,CALL,,Call,30,202521746,Filipino (group),0,10,-1,10,CALL,-1,0.53021616,1
audio/train_003367_SLURP_slurp_train_16863_4130_train-00003-.wav,CALL,,Call,30,FO-180,Other / non-native,0,10,-1,19,OUT_OF_SCOPE,-1,0.46280137,0
audio/train_003389_group_synthetic_CALL_s67_v1_noisy.wav,CALL,,Call,30,s67,Synthetic,1,10,-1,10,CALL,-1,0.8602508,1
audio/train_003398_group_synthetic_CALL_s80_v1_noisy.wav,CALL,,Call,30,s80,Synthetic,1,10,-1,9,TIME,-1,0.7602252,0
audio/train_003405_group_synthetic_CALL_s30_v1_noisy.wav,CALL,,Call,30,s30,Synthetic,1,10,-1,3,NEXT,-1,0.64936,0
audio/train_003417_group_synthetic_CALL_s18_v1_clean.wav,CALL,,Call,30,s18,Synthetic,1,10,-1,10,CALL,-1,0.48040608,1
audio/train_003433_group_synthetic_CALL_s38_v1_noisy.wav,CALL,,Call,30,s38,Synthetic,1,10,-1,10,CALL,-1,0.48982394,1
audio/train_003435_group_synthetic_CALL_s88_v1_noisy.wav,CALL,,Call,30,s88,Synthetic,1,10,-1,10,CALL,-1,0.524089,1
audio/train_003436_group_synthetic_CALL_s72_v1_noisy.wav,CALL,,Call,30,s72,Synthetic,1,10,-1,1,PAUSE,-1,0.66640586,0
audio/train_003438_group_synthetic_CALL_s74_v1_noisy.wav,CALL,,Call,30,s74,Synthetic,1,10,-1,1,PAUSE,-1,0.39692813,0
audio/train_003441_real_voice_CALL_V2_t1.wav,CALL,,Make a call,31,202521746,Filipino (group),0,10,-1,3,NEXT,-1,0.3540759,0
audio/train_003442_real_voice_CALL_V2_t2.wav,CALL,,Make a call,31,202521746,Filipino (group),0,10,-1,1,PAUSE,-1,0.7056794,0
audio/train_003443_real_voice_CALL_V2_t3.wav,CALL,,Make a call,31,202521746,Filipino (group),0,10,-1,10,CALL,-1,0.19640043,1
audio/train_003452_SLURP_slurp_test_16532_2064.wav,CALL,,Make a call,31,FE-250,Native English,0,10,-1,5,VOLUME_DOWN,-1,0.356032,0
audio/train_003456_SLURP_slurp_test_16532_2063.wav,CALL,,Make a call,31,FE-250,Native English,0,10,-1,9,TIME,-1,0.4130401,0
audio/train_003472_group_synthetic_CALL_s30_v2_noisy.wav,CALL,,Make a call,31,s30,Synthetic,1,10,-1,10,CALL,-1,0.56215006,1
audio/train_003476_group_synthetic_CALL_s26_v2_clean.wav,CALL,,Make a call,31,s26,Synthetic,1,10,-1,10,CALL,-1,0.87293774,1
audio/train_003481_group_synthetic_CALL_s67_v2_noisy.wav,CALL,,Make a call,31,s67,Synthetic,1,10,-1,10,CALL,-1,0.9294556,1
audio/train_003485_group_synthetic_CALL_s18_v2_noisy.wav,CALL,,Make a call,31,s18,Synthetic,1,10,-1,10,CALL,-1,0.7287501,1
audio/train_003486_group_synthetic_CALL_s72_v2_noisy.wav,CALL,,Make a call,31,s72,Synthetic,1,10,-1,10,CALL,-1,0.7630166,1
audio/train_003494_group_synthetic_CALL_s82_v2_clean.wav,CALL,,Make a call,31,s82,Synthetic,1,10,-1,10,CALL,-1,0.8961311,1
audio/train_003506_group_synthetic_CALL_s74_v2_noisy.wav,CALL,,Make a call,31,s74,Synthetic,1,10,-1,10,CALL,-1,0.2607943,1
audio/train_003513_group_synthetic_CALL_s88_v2_noisy.wav,CALL,,Make a call,31,s88,Synthetic,1,10,-1,10,CALL,-1,0.99006826,1
audio/train_003524_group_synthetic_CALL_s26_v2_noisy.wav,CALL,,Make a call,31,s26,Synthetic,1,10,-1,10,CALL,-1,0.88534105,1
audio/train_003537_group_synthetic_CALL_s82_v2_noisy.wav,CALL,,Make a call,31,s82,Synthetic,1,10,-1,10,CALL,-1,0.90671724,1
audio/train_003539_group_synthetic_CALL_s67_v2_clean.wav,CALL,,Make a call,31,s67,Synthetic,1,10,-1,10,CALL,-1,0.82661176,1
audio/train_003549_group_synthetic_CALL_s74_v2_clean.wav,CALL,,Make a call,31,s74,Synthetic,1,10,-1,10,CALL,-1,0.17065138,1
audio/train_003550_group_synthetic_CALL_s72_v2_clean.wav,CALL,,Make a call,31,s72,Synthetic,1,10,-1,10,CALL,-1,0.7961702,1
audio/train_003552_real_voice_CALL_V3_t1.wav,CALL,,Make a phone call,32,202521746,Filipino (group),0,10,-1,10,CALL,-1,0.38492495,1
audio/train_003553_real_voice_CALL_V3_t2.wav,CALL,,Make a phone call,32,202521746,Filipino (group),0,10,-1,10,CALL,-1,0.25451425,1
audio/train_003554_real_voice_CALL_V3_t3.wav,CALL,,Make a phone call,32,202521746,Filipino (group),0,10,-1,10,CALL,-1,0.37015456,1
audio/train_003602_group_synthetic_CALL_s30_v3_clean.wav,CALL,,Make a phone call,32,s30,Synthetic,1,10,-1,10,CALL,-1,0.86655825,1
audio/train_003604_group_synthetic_CALL_s18_v3_noisy.wav,CALL,,Make a phone call,32,s18,Synthetic,1,10,-1,10,CALL,-1,0.40960684,1
audio/train_003608_group_synthetic_CALL_s67_v3_noisy.wav,CALL,,Make a phone call,32,s67,Synthetic,1,10,-1,10,CALL,-1,0.58998585,1
audio/train_003612_group_synthetic_CALL_s38_v3_clean.wav,CALL,,Make a phone call,32,s38,Synthetic,1,10,-1,10,CALL,-1,0.8694423,1
audio/train_003614_group_synthetic_CALL_s88_v3_noisy.wav,CALL,,Make a phone call,32,s88,Synthetic,1,10,-1,10,CALL,-1,0.7906177,1
audio/train_003625_group_synthetic_CALL_s74_v3_clean.wav,CALL,,Make a phone call,32,s74,Synthetic,1,10,-1,10,CALL,-1,0.37618843,1
audio/train_003627_group_synthetic_CALL_s80_v3_noisy.wav,CALL,,Make a phone call,32,s80,Synthetic,1,10,-1,19,OUT_OF_SCOPE,-1,0.65598196,0
audio/train_003631_group_synthetic_CALL_s26_v3_clean.wav,CALL,,Make a phone call,32,s26,Synthetic,1,10,-1,10,CALL,-1,0.9329014,1
audio/train_003632_group_synthetic_CALL_s72_v3_noisy.wav,CALL,,Make a phone call,32,s72,Synthetic,1,10,-1,10,CALL,-1,0.27579802,1
audio/train_003637_group_synthetic_CALL_s82_v3_noisy.wav,CALL,,Make a phone call,32,s82,Synthetic,1,10,-1,10,CALL,-1,0.873422,1
audio/train_003659_group_synthetic_CALL_s30_v3_noisy.wav,CALL,,Make a phone call,32,s30,Synthetic,1,10,-1,10,CALL,-1,0.890119,1
audio/train_003660_group_synthetic_CALL_s38_v3_noisy.wav,CALL,,Make a phone call,32,s38,Synthetic,1,10,-1,10,CALL,-1,0.8749577,1
audio/train_003661_group_synthetic_CALL_s67_v3_clean.wav,CALL,,Make a phone call,32,s67,Synthetic,1,10,-1,10,CALL,-1,0.75559175,1
audio/train_003687_group_synthetic_MESSAGE_s88_v1_noisy.wav,MESSAGE,,Message,33,s88,Synthetic,1,11,-1,19,OUT_OF_SCOPE,-1,0.41758168,0
audio/train_003693_group_synthetic_MESSAGE_s18_v1_clean.wav,MESSAGE,,Message,33,s18,Synthetic,1,11,-1,11,MESSAGE,-1,0.9253427,1
audio/train_003702_group_synthetic_MESSAGE_s72_v1_noisy.wav,MESSAGE,,Message,33,s72,Synthetic,1,11,-1,11,MESSAGE,-1,0.44853067,1
audio/train_003706_group_synthetic_MESSAGE_s38_v1_noisy.wav,MESSAGE,,Message,33,s38,Synthetic,1,11,-1,11,MESSAGE,-1,0.9745535,1
audio/train_003707_group_synthetic_MESSAGE_s80_v1_noisy.wav,MESSAGE,,Message,33,s80,Synthetic,1,11,-1,11,MESSAGE,-1,0.8318588,1
audio/train_003713_group_synthetic_MESSAGE_s67_v1_noisy.wav,MESSAGE,,Message,33,s67,Synthetic,1,11,-1,11,MESSAGE,-1,0.95621014,1
audio/train_003718_group_synthetic_MESSAGE_s74_v1_clean.wav,MESSAGE,,Message,33,s74,Synthetic,1,11,-1,11,MESSAGE,-1,0.93728304,1
audio/train_003719_group_synthetic_MESSAGE_s82_v1_noisy.wav,MESSAGE,,Message,33,s82,Synthetic,1,11,-1,11,MESSAGE,-1,0.9951165,1
audio/train_003737_group_synthetic_MESSAGE_s72_v1_clean.wav,MESSAGE,,Message,33,s72,Synthetic,1,11,-1,11,MESSAGE,-1,0.42369542,1
audio/train_003740_group_synthetic_MESSAGE_s74_v1_noisy.wav,MESSAGE,,Message,33,s74,Synthetic,1,11,-1,11,MESSAGE,-1,0.9544801,1
audio/train_003747_group_synthetic_MESSAGE_s38_v1_clean.wav,MESSAGE,,Message,33,s38,Synthetic,1,11,-1,11,MESSAGE,-1,0.9858628,1
audio/train_003749_group_synthetic_MESSAGE_s88_v1_clean.wav,MESSAGE,,Message,33,s88,Synthetic,1,11,-1,19,OUT_OF_SCOPE,-1,0.39869508,0
audio/train_003757_group_synthetic_MESSAGE_s82_v1_clean.wav,MESSAGE,,Message,33,s82,Synthetic,1,11,-1,11,MESSAGE,-1,0.9810332,1
audio/train_003768_group_synthetic_MESSAGE_s18_v1_noisy.wav,MESSAGE,,Message,33,s18,Synthetic,1,11,-1,11,MESSAGE,-1,0.9568001,1
audio/train_003777_SLURP_slurp_train_16882_5739_train-00005-.wav,MESSAGE,,Send a message,34,FO-462,Other / non-native,0,11,-1,2,STOP,-1,0.25596076,0
audio/train_003781_SLURP_slurp_train_16882_5740_train-00005-.wav,MESSAGE,,Send a message,34,FO-462,Other / non-native,0,11,-1,4,VOLUME_UP,-1,0.15675241,0
audio/train_003785_SLURP_slurp_train_15833_7653_train-00004-.wav,MESSAGE,,Send a message,34,ME-220,Native English,0,11,-1,19,OUT_OF_SCOPE,-1,0.8172707,0
audio/train_003795_SLURP_slurp_train_15833_7652_train-00004-.wav,MESSAGE,,Send a message,34,ME-220,Native English,0,11,-1,19,OUT_OF_SCOPE,-1,0.8562419,0
audio/train_003804_group_synthetic_MESSAGE_s67_v2_clean.wav,MESSAGE,,Send a message,34,s67,Synthetic,1,11,-1,11,MESSAGE,-1,0.9799902,1
audio/train_003808_group_synthetic_MESSAGE_s88_v2_clean.wav,MESSAGE,,Send a message,34,s88,Synthetic,1,11,-1,11,MESSAGE,-1,0.9648796,1
audio/train_003811_group_synthetic_MESSAGE_s38_v2_noisy.wav,MESSAGE,,Send a message,34,s38,Synthetic,1,11,-1,11,MESSAGE,-1,0.98700655,1
audio/train_003814_group_synthetic_MESSAGE_s18_v2_noisy.wav,MESSAGE,,Send a message,34,s18,Synthetic,1,11,-1,11,MESSAGE,-1,0.98930395,1
audio/train_003824_group_synthetic_MESSAGE_s26_v2_noisy.wav,MESSAGE,,Send a message,34,s26,Synthetic,1,11,-1,11,MESSAGE,-1,0.99964976,1
audio/train_003830_group_synthetic_MESSAGE_s80_v2_clean.wav,MESSAGE,,Send a message,34,s80,Synthetic,1,11,-1,11,MESSAGE,-1,0.85472363,1
audio/train_003831_group_synthetic_MESSAGE_s30_v2_noisy.wav,MESSAGE,,Send a message,34,s30,Synthetic,1,11,-1,11,MESSAGE,-1,0.99770796,1
audio/train_003846_group_synthetic_MESSAGE_s72_v2_clean.wav,MESSAGE,,Send a message,34,s72,Synthetic,1,11,-1,11,MESSAGE,-1,0.9151427,1
audio/train_003851_group_synthetic_MESSAGE_s82_v2_noisy.wav,MESSAGE,,Send a message,34,s82,Synthetic,1,11,-1,11,MESSAGE,-1,0.99769044,1
audio/train_003868_group_synthetic_MESSAGE_s88_v2_noisy.wav,MESSAGE,,Send a message,34,s88,Synthetic,1,11,-1,11,MESSAGE,-1,0.9382068,1
audio/train_003874_group_synthetic_MESSAGE_s26_v2_clean.wav,MESSAGE,,Send a message,34,s26,Synthetic,1,11,-1,11,MESSAGE,-1,0.9992317,1
audio/train_003876_group_synthetic_MESSAGE_s80_v2_noisy.wav,MESSAGE,,Send a message,34,s80,Synthetic,1,11,-1,11,MESSAGE,-1,0.8603824,1
audio/train_003878_group_synthetic_MESSAGE_s18_v2_clean.wav,MESSAGE,,Send a message,34,s18,Synthetic,1,11,-1,11,MESSAGE,-1,0.9876637,1
audio/train_003895_group_synthetic_MESSAGE_s67_v3_noisy.wav,MESSAGE,,Send my message,35,s67,Synthetic,1,11,-1,11,MESSAGE,-1,0.9862325,1
audio/train_003897_group_synthetic_MESSAGE_s74_v3_noisy.wav,MESSAGE,,Send my message,35,s74,Synthetic,1,11,-1,11,MESSAGE,-1,0.9341021,1
audio/train_003899_group_synthetic_MESSAGE_s26_v3_noisy.wav,MESSAGE,,Send my message,35,s26,Synthetic,1,11,-1,11,MESSAGE,-1,0.9960245,1
audio/train_003904_group_synthetic_MESSAGE_s38_v3_clean.wav,MESSAGE,,Send my message,35,s38,Synthetic,1,11,-1,11,MESSAGE,-1,0.81808895,1
audio/train_003909_group_synthetic_MESSAGE_s18_v3_clean.wav,MESSAGE,,Send my message,35,s18,Synthetic,1,11,-1,11,MESSAGE,-1,0.95603305,1
audio/train_003926_group_synthetic_MESSAGE_s72_v3_noisy.wav,MESSAGE,,Send my message,35,s72,Synthetic,1,11,-1,11,MESSAGE,-1,0.9538595,1
audio/train_003928_group_synthetic_MESSAGE_s80_v3_clean.wav,MESSAGE,,Send my message,35,s80,Synthetic,1,11,-1,11,MESSAGE,-1,0.96540815,1
audio/train_003935_group_synthetic_MESSAGE_s30_v3_clean.wav,MESSAGE,,Send my message,35,s30,Synthetic,1,11,-1,11,MESSAGE,-1,0.96621686,1
audio/train_003943_group_synthetic_MESSAGE_s82_v3_clean.wav,MESSAGE,,Send my message,35,s82,Synthetic,1,11,-1,11,MESSAGE,-1,0.9972357,1
audio/train_003945_group_synthetic_MESSAGE_s88_v3_noisy.wav,MESSAGE,,Send my message,35,s88,Synthetic,1,11,-1,11,MESSAGE,-1,0.9816669,1
audio/train_003953_group_synthetic_MESSAGE_s38_v3_noisy.wav,MESSAGE,,Send my message,35,s38,Synthetic,1,11,-1,11,MESSAGE,-1,0.9201215,1
audio/train_003955_group_synthetic_MESSAGE_s26_v3_clean.wav,MESSAGE,,Send my message,35,s26,Synthetic,1,11,-1,11,MESSAGE,-1,0.9951615,1
audio/train_003959_group_synthetic_MESSAGE_s18_v3_noisy.wav,MESSAGE,,Send my message,35,s18,Synthetic,1,11,-1,11,MESSAGE,-1,0.9843444,1
audio/train_003968_group_synthetic_MESSAGE_s80_v3_noisy.wav,MESSAGE,,Send my message,35,s80,Synthetic,1,11,-1,11,MESSAGE,-1,0.96734744,1
audio/train_003973_group_synthetic_MESSAGE_s72_v3_clean.wav,MESSAGE,,Send my message,35,s72,Synthetic,1,11,-1,11,MESSAGE,-1,0.9644781,1
audio/train_003992_group_synthetic_MESSAGE_s67_v3_clean.wav,MESSAGE,,Send my message,35,s67,Synthetic,1,11,-1,11,MESSAGE,-1,0.98624957,1
audio/train_003994_group_synthetic_MESSAGE_s82_v3_noisy.wav,MESSAGE,,Send my message,35,s82,Synthetic,1,11,-1,11,MESSAGE,-1,0.97844374,1
audio/train_004010_group_synthetic_LIST_REMINDERS_s18_v1_clean.wav,LIST_REMINDERS,,Reminders,36,s18,Synthetic,1,12,-1,12,LIST_REMINDERS,-1,0.78959626,1
audio/train_004012_group_synthetic_LIST_REMINDERS_s38_v1_clean.wav,LIST_REMINDERS,,Reminders,36,s38,Synthetic,1,12,-1,12,LIST_REMINDERS,-1,0.77263844,1
audio/train_004020_group_synthetic_LIST_REMINDERS_s72_v1_noisy.wav,LIST_REMINDERS,,Reminders,36,s72,Synthetic,1,12,-1,12,LIST_REMINDERS,-1,0.5511627,1
audio/train_004029_group_synthetic_LIST_REMINDERS_s30_v1_clean.wav,LIST_REMINDERS,,Reminders,36,s30,Synthetic,1,12,-1,12,LIST_REMINDERS,-1,0.8702247,1
audio/train_004030_group_synthetic_LIST_REMINDERS_s67_v1_noisy.wav,LIST_REMINDERS,,Reminders,36,s67,Synthetic,1,12,-1,12,LIST_REMINDERS,-1,0.83049375,1
audio/train_004032_group_synthetic_LIST_REMINDERS_s26_v1_clean.wav,LIST_REMINDERS,,Reminders,36,s26,Synthetic,1,12,-1,12,LIST_REMINDERS,-1,0.8955202,1
audio/train_004043_group_synthetic_LIST_REMINDERS_s82_v1_clean.wav,LIST_REMINDERS,,Reminders,36,s82,Synthetic,1,12,-1,12,LIST_REMINDERS,-1,0.5425313,1
audio/train_004049_group_synthetic_LIST_REMINDERS_s88_v1_noisy.wav,LIST_REMINDERS,,Reminders,36,s88,Synthetic,1,12,-1,12,LIST_REMINDERS,-1,0.48358837,1
audio/train_004060_group_synthetic_LIST_REMINDERS_s72_v1_clean.wav,LIST_REMINDERS,,Reminders,36,s72,Synthetic,1,12,-1,12,LIST_REMINDERS,-1,0.5105138,1
audio/train_004069_group_synthetic_LIST_REMINDERS_s18_v1_noisy.wav,LIST_REMINDERS,,Reminders,36,s18,Synthetic,1,12,-1,12,LIST_REMINDERS,-1,0.77652526,1
audio/train_004072_group_synthetic_LIST_REMINDERS_s82_v1_noisy.wav,LIST_REMINDERS,,Reminders,36,s82,Synthetic,1,12,-1,12,LIST_REMINDERS,-1,0.56966704,1
audio/train_004073_group_synthetic_LIST_REMINDERS_s30_v1_noisy.wav,LIST_REMINDERS,,Reminders,36,s30,Synthetic,1,12,-1,12,LIST_REMINDERS,-1,0.7461644,1
audio/train_004079_group_synthetic_LIST_REMINDERS_s67_v1_clean.wav,LIST_REMINDERS,,Reminders,36,s67,Synthetic,1,12,-1,12,LIST_REMINDERS,-1,0.85621196,1
audio/train_004088_group_synthetic_LIST_REMINDERS_s38_v1_noisy.wav,LIST_REMINDERS,,Reminders,36,s38,Synthetic,1,12,-1,12,LIST_REMINDERS,-1,0.690401,1
audio/train_004104_group_synthetic_LIST_REMINDERS_s26_v1_noisy.wav,LIST_REMINDERS,,Reminders,36,s26,Synthetic,1,12,-1,12,LIST_REMINDERS,-1,0.89989156,1
audio/train_004106_group_synthetic_LIST_REMINDERS_s88_v1_clean.wav,LIST_REMINDERS,,Reminders,36,s88,Synthetic,1,12,-1,12,LIST_REMINDERS,-1,0.6619854,1
audio/train_004132_SLURP_slurp_test_8795_4231.wav,LIST_REMINDERS,,Show my reminders,37,FO-171,Other / non-native,0,12,-1,12,LIST_REMINDERS,-1,0.37566036,1
audio/train_004134_SLURP_slurp_test_9198_5597.wav,LIST_REMINDERS,,Show my reminders,37,FO-462,Other / non-native,0,12,-1,12,LIST_REMINDERS,-1,0.28591645,1
audio/train_004135_SLURP_slurp_test_9198_5598.wav,LIST_REMINDERS,,Show my reminders,37,FO-462,Other / non-native,0,12,-1,12,LIST_REMINDERS,-1,0.26066357,1
audio/train_004139_SLURP_slurp_test_9198_5596.wav,LIST_REMINDERS,,Show my reminders,37,FO-462,Other / non-native,0,12,-1,12,LIST_REMINDERS,-1,0.3989279,1
audio/train_004141_SLURP_slurp_test_9198_5599.wav,LIST_REMINDERS,,Show my reminders,37,FO-462,Other / non-native,0,12,-1,12,LIST_REMINDERS,-1,0.23450278,1
audio/train_004147_SLURP_slurp_train_7386_6623_train-00002-.wav,LIST_REMINDERS,,Show my reminders,37,FE-349,Native English,0,12,-1,12,LIST_REMINDERS,-1,0.41753247,1
audio/train_004151_SLURP_slurp_train_7386_6624_train-00002-.wav,LIST_REMINDERS,,Show my reminders,37,FE-349,Native English,0,12,-1,12,LIST_REMINDERS,-1,0.15178947,1
audio/train_004155_group_synthetic_LIST_REMINDERS_s72_v2_noisy.wav,LIST_REMINDERS,,Show my reminders,37,s72,Synthetic,1,12,-1,12,LIST_REMINDERS,-1,0.9160373,1
audio/train_004161_group_synthetic_LIST_REMINDERS_s38_v2_noisy.wav,LIST_REMINDERS,,Show my reminders,37,s38,Synthetic,1,12,-1,12,LIST_REMINDERS,-1,0.9641708,1
audio/train_004170_group_synthetic_LIST_REMINDERS_s67_v2_noisy.wav,LIST_REMINDERS,,Show my reminders,37,s67,Synthetic,1,12,-1,12,LIST_REMINDERS,-1,0.9576981,1
audio/train_004183_group_synthetic_LIST_REMINDERS_s82_v2_clean.wav,LIST_REMINDERS,,Show my reminders,37,s82,Synthetic,1,12,-1,12,LIST_REMINDERS,-1,0.97920907,1
audio/train_004184_group_synthetic_LIST_REMINDERS_s30_v2_clean.wav,LIST_REMINDERS,,Show my reminders,37,s30,Synthetic,1,12,-1,12,LIST_REMINDERS,-1,0.98658735,1
audio/train_004191_group_synthetic_LIST_REMINDERS_s26_v2_clean.wav,LIST_REMINDERS,,Show my reminders,37,s26,Synthetic,1,12,-1,12,LIST_REMINDERS,-1,0.9751364,1
audio/train_004195_group_synthetic_LIST_REMINDERS_s88_v2_noisy.wav,LIST_REMINDERS,,Show my reminders,37,s88,Synthetic,1,12,-1,12,LIST_REMINDERS,-1,0.94445527,1
audio/train_004197_group_synthetic_LIST_REMINDERS_s74_v2_noisy.wav,LIST_REMINDERS,,Show my reminders,37,s74,Synthetic,1,12,-1,12,LIST_REMINDERS,-1,0.6969,1
audio/train_004230_SLURP_slurp_devel_7720_2350.wav,LIST_REMINDERS,,List my reminders,38,FE-249,Native English,0,12,-1,12,LIST_REMINDERS,-1,0.2342659,1
audio/train_004243_group_synthetic_LIST_REMINDERS_s74_v3_clean.wav,LIST_REMINDERS,,List my reminders,38,s74,Synthetic,1,12,-1,12,LIST_REMINDERS,-1,0.5070982,1
audio/train_004245_group_synthetic_LIST_REMINDERS_s18_v3_clean.wav,LIST_REMINDERS,,List my reminders,38,s18,Synthetic,1,12,-1,12,LIST_REMINDERS,-1,0.7219344,1
audio/train_004259_group_synthetic_LIST_REMINDERS_s30_v3_noisy.wav,LIST_REMINDERS,,List my reminders,38,s30,Synthetic,1,12,-1,12,LIST_REMINDERS,-1,0.8664021,1
audio/train_004270_group_synthetic_LIST_REMINDERS_s67_v3_noisy.wav,LIST_REMINDERS,,List my reminders,38,s67,Synthetic,1,12,-1,12,LIST_REMINDERS,-1,0.75639933,1
audio/train_004272_group_synthetic_LIST_REMINDERS_s26_v3_noisy.wav,LIST_REMINDERS,,List my reminders,38,s26,Synthetic,1,12,-1,12,LIST_REMINDERS,-1,0.94558924,1
audio/train_004274_group_synthetic_LIST_REMINDERS_s72_v3_clean.wav,LIST_REMINDERS,,List my reminders,38,s72,Synthetic,1,12,-1,12,LIST_REMINDERS,-1,0.84251463,1
audio/train_004280_group_synthetic_LIST_REMINDERS_s38_v3_noisy.wav,LIST_REMINDERS,,List my reminders,38,s38,Synthetic,1,12,-1,12,LIST_REMINDERS,-1,0.9492996,1
audio/train_004293_group_synthetic_LIST_REMINDERS_s82_v3_clean.wav,LIST_REMINDERS,,List my reminders,38,s82,Synthetic,1,12,-1,12,LIST_REMINDERS,-1,0.89696455,1
audio/train_004297_group_synthetic_LIST_REMINDERS_s88_v3_clean.wav,LIST_REMINDERS,,List my reminders,38,s88,Synthetic,1,12,-1,12,LIST_REMINDERS,-1,0.5502914,1
audio/train_004308_group_synthetic_LIST_REMINDERS_s74_v3_noisy.wav,LIST_REMINDERS,,List my reminders,38,s74,Synthetic,1,12,-1,12,LIST_REMINDERS,-1,0.5704792,1
audio/train_004316_group_synthetic_LIST_REMINDERS_s26_v3_clean.wav,LIST_REMINDERS,,List my reminders,38,s26,Synthetic,1,12,-1,12,LIST_REMINDERS,-1,0.9287015,1
audio/train_004333_group_synthetic_TIMER_10s_s72_v1_noisy.wav,TIMER,10 seconds,Timer 10 seconds,39,s72,Synthetic,1,13,0,13,TIMER,0,0.8457259,1
audio/train_004341_group_synthetic_TIMER_10s_s82_v1_clean.wav,TIMER,10 seconds,Timer 10 seconds,39,s82,Synthetic,1,13,0,13,TIMER,0,0.9552663,1
audio/train_004354_group_synthetic_TIMER_10s_s67_v1_clean.wav,TIMER,10 seconds,Timer 10 seconds,39,s67,Synthetic,1,13,0,13,TIMER,0,0.9871155,1
audio/train_004365_group_synthetic_TIMER_10s_s18_v1_noisy.wav,TIMER,10 seconds,Timer 10 seconds,39,s18,Synthetic,1,13,0,13,TIMER,0,0.90169585,1
audio/train_004366_group_synthetic_TIMER_10s_s88_v1_noisy.wav,TIMER,10 seconds,Timer 10 seconds,39,s88,Synthetic,1,13,0,13,TIMER,0,0.872209,1
audio/train_004369_group_synthetic_TIMER_10s_s38_v1_noisy.wav,TIMER,10 seconds,Timer 10 seconds,39,s38,Synthetic,1,13,0,13,TIMER,0,0.78174305,1
audio/train_004372_group_synthetic_TIMER_10s_s74_v1_noisy.wav,TIMER,10 seconds,Timer 10 seconds,39,s74,Synthetic,1,13,0,13,TIMER,0,0.8817018,1
audio/train_004374_group_synthetic_TIMER_10s_s30_v1_clean.wav,TIMER,10 seconds,Timer 10 seconds,39,s30,Synthetic,1,13,0,13,TIMER,0,0.9877709,1
audio/train_004386_group_synthetic_TIMER_10s_s26_v1_noisy.wav,TIMER,10 seconds,Timer 10 seconds,39,s26,Synthetic,1,13,0,13,TIMER,0,0.99559927,1
audio/train_004390_group_synthetic_TIMER_10s_s80_v1_clean.wav,TIMER,10 seconds,Timer 10 seconds,39,s80,Synthetic,1,13,0,13,TIMER,0,0.46578282,1
audio/train_004404_group_synthetic_TIMER_10s_s18_v1_clean.wav,TIMER,10 seconds,Timer 10 seconds,39,s18,Synthetic,1,13,0,13,TIMER,0,0.8835855,1
audio/train_004405_group_synthetic_TIMER_10s_s67_v1_noisy.wav,TIMER,10 seconds,Timer 10 seconds,39,s67,Synthetic,1,13,0,13,TIMER,0,0.9874399,1
audio/train_004408_group_synthetic_TIMER_10s_s82_v1_noisy.wav,TIMER,10 seconds,Timer 10 seconds,39,s82,Synthetic,1,13,0,13,TIMER,0,0.95419466,1
audio/train_004410_group_synthetic_TIMER_10s_s30_v1_noisy.wav,TIMER,10 seconds,Timer 10 seconds,39,s30,Synthetic,1,13,0,13,TIMER,0,0.9875323,1
audio/train_004418_group_synthetic_TIMER_10s_s88_v1_clean.wav,TIMER,10 seconds,Timer 10 seconds,39,s88,Synthetic,1,13,0,13,TIMER,0,0.93445563,1
audio/train_004420_group_synthetic_TIMER_10s_s72_v1_clean.wav,TIMER,10 seconds,Timer 10 seconds,39,s72,Synthetic,1,13,0,13,TIMER,0,0.770501,1
audio/train_004430_group_synthetic_TIMER_10s_s26_v1_clean.wav,TIMER,10 seconds,Timer 10 seconds,39,s26,Synthetic,1,13,0,13,TIMER,0,0.9909204,1
audio/train_004432_group_synthetic_TIMER_10s_s74_v1_clean.wav,TIMER,10 seconds,Timer 10 seconds,39,s74,Synthetic,1,13,0,13,TIMER,0,0.82082653,1
audio/train_004445_group_synthetic_TIMER_30s_s67_v1_noisy.wav,TIMER,30 seconds,Timer 30 seconds,40,s67,Synthetic,1,13,1,13,TIMER,1,0.8953806,1
audio/train_004446_group_synthetic_TIMER_30s_s72_v1_noisy.wav,TIMER,30 seconds,Timer 30 seconds,40,s72,Synthetic,1,13,1,19,OUT_OF_SCOPE,-1,0.212394,0
audio/train_004459_group_synthetic_TIMER_30s_s18_v1_clean.wav,TIMER,30 seconds,Timer 30 seconds,40,s18,Synthetic,1,13,1,13,TIMER,1,0.89567804,1
audio/train_004479_group_synthetic_TIMER_30s_s38_v1_clean.wav,TIMER,30 seconds,Timer 30 seconds,40,s38,Synthetic,1,13,1,13,TIMER,1,0.91301465,1
audio/train_004483_group_synthetic_TIMER_30s_s26_v1_noisy.wav,TIMER,30 seconds,Timer 30 seconds,40,s26,Synthetic,1,13,1,13,TIMER,1,0.99627197,1
audio/train_004486_group_synthetic_TIMER_30s_s80_v1_noisy.wav,TIMER,30 seconds,Timer 30 seconds,40,s80,Synthetic,1,13,1,13,TIMER,1,0.38383704,1
audio/train_004488_group_synthetic_TIMER_30s_s82_v1_clean.wav,TIMER,30 seconds,Timer 30 seconds,40,s82,Synthetic,1,13,1,13,TIMER,1,0.99207205,1
audio/train_004493_group_synthetic_TIMER_30s_s88_v1_noisy.wav,TIMER,30 seconds,Timer 30 seconds,40,s88,Synthetic,1,13,1,13,TIMER,1,0.9811013,1
audio/train_004504_group_synthetic_TIMER_30s_s30_v1_clean.wav,TIMER,30 seconds,Timer 30 seconds,40,s30,Synthetic,1,13,1,13,TIMER,1,0.9908602,1
audio/train_004506_group_synthetic_TIMER_30s_s74_v1_clean.wav,TIMER,30 seconds,Timer 30 seconds,40,s74,Synthetic,1,13,1,13,TIMER,0,0.70058036,0
audio/train_004514_group_synthetic_TIMER_30s_s38_v1_noisy.wav,TIMER,30 seconds,Timer 30 seconds,40,s38,Synthetic,1,13,1,13,TIMER,1,0.93059754,1
audio/train_004520_group_synthetic_TIMER_30s_s88_v1_clean.wav,TIMER,30 seconds,Timer 30 seconds,40,s88,Synthetic,1,13,1,13,TIMER,1,0.96589226,1
audio/train_004522_group_synthetic_TIMER_30s_s18_v1_noisy.wav,TIMER,30 seconds,Timer 30 seconds,40,s18,Synthetic,1,13,1,13,TIMER,1,0.9326256,1
audio/train_004528_group_synthetic_TIMER_30s_s26_v1_clean.wav,TIMER,30 seconds,Timer 30 seconds,40,s26,Synthetic,1,13,1,13,TIMER,1,0.99112177,1
audio/train_004531_group_synthetic_TIMER_30s_s67_v1_clean.wav,TIMER,30 seconds,Timer 30 seconds,40,s67,Synthetic,1,13,1,13,TIMER,1,0.9759603,1
audio/train_004544_group_synthetic_TIMER_30s_s82_v1_noisy.wav,TIMER,30 seconds,Timer 30 seconds,40,s82,Synthetic,1,13,1,13,TIMER,1,0.99198323,1
audio/train_004551_group_synthetic_TIMER_1m_s80_v1_clean.wav,TIMER,1 minute,Timer 1 minute,41,s80,Synthetic,1,13,2,13,TIMER,2,0.9153604,1
audio/train_004564_group_synthetic_TIMER_1m_s18_v1_clean.wav,TIMER,1 minute,Timer 1 minute,41,s18,Synthetic,1,13,2,13,TIMER,2,0.9741421,1
audio/train_004566_group_synthetic_TIMER_1m_s88_v1_clean.wav,TIMER,1 minute,Timer 1 minute,41,s88,Synthetic,1,13,2,13,TIMER,2,0.9828531,1
audio/train_004569_group_synthetic_TIMER_1m_s26_v1_clean.wav,TIMER,1 minute,Timer 1 minute,41,s26,Synthetic,1,13,2,13,TIMER,2,0.99512804,1
audio/train_004580_group_synthetic_TIMER_1m_s74_v1_noisy.wav,TIMER,1 minute,Timer 1 minute,41,s74,Synthetic,1,13,2,13,TIMER,2,0.4230762,1
audio/train_004586_group_synthetic_TIMER_1m_s67_v1_clean.wav,TIMER,1 minute,Timer 1 minute,41,s67,Synthetic,1,13,2,13,TIMER,2,0.98366207,1
audio/train_004597_group_synthetic_TIMER_1m_s30_v1_noisy.wav,TIMER,1 minute,Timer 1 minute,41,s30,Synthetic,1,13,2,13,TIMER,2,0.98383904,1
audio/train_004599_group_synthetic_TIMER_1m_s82_v1_clean.wav,TIMER,1 minute,Timer 1 minute,41,s82,Synthetic,1,13,2,9,TIME,-1,0.42784727,0
audio/train_004621_group_synthetic_TIMER_1m_s80_v1_noisy.wav,TIMER,1 minute,Timer 1 minute,41,s80,Synthetic,1,13,2,13,TIMER,2,0.94107765,1
audio/train_004626_group_synthetic_TIMER_1m_s67_v1_noisy.wav,TIMER,1 minute,Timer 1 minute,41,s67,Synthetic,1,13,2,13,TIMER,2,0.9802337,1
audio/train_004635_group_synthetic_TIMER_1m_s74_v1_clean.wav,TIMER,1 minute,Timer 1 minute,41,s74,Synthetic,1,13,2,13,TIMER,2,0.288515,1
audio/train_004642_group_synthetic_TIMER_1m_s26_v1_noisy.wav,TIMER,1 minute,Timer 1 minute,41,s26,Synthetic,1,13,2,13,TIMER,2,0.9933375,1
audio/train_004647_group_synthetic_TIMER_1m_s82_v1_noisy.wav,TIMER,1 minute,Timer 1 minute,41,s82,Synthetic,1,13,2,9,TIME,-1,0.424381,0
audio/train_004655_group_synthetic_TIMER_1m_s88_v1_noisy.wav,TIMER,1 minute,Timer 1 minute,41,s88,Synthetic,1,13,2,13,TIMER,2,0.9921536,1
audio/train_004656_group_synthetic_TIMER_1m_s18_v1_noisy.wav,TIMER,1 minute,Timer 1 minute,41,s18,Synthetic,1,13,2,13,TIMER,2,0.96550626,1
audio/train_004665_group_synthetic_TIMER_10s_s80_v2_clean.wav,TIMER,10 seconds,Countdown for 10 seconds,42,s80,Synthetic,1,13,0,13,TIMER,1,0.85719484,0
audio/train_004670_group_synthetic_TIMER_10s_s72_v2_clean.wav,TIMER,10 seconds,Countdown for 10 seconds,42,s72,Synthetic,1,13,0,13,TIMER,0,0.9599363,1
audio/train_004683_group_synthetic_TIMER_10s_s26_v2_clean.wav,TIMER,10 seconds,Countdown for 10 seconds,42,s26,Synthetic,1,13,0,13,TIMER,0,0.9798059,1
audio/train_004692_group_synthetic_TIMER_10s_s18_v2_clean.wav,TIMER,10 seconds,Countdown for 10 seconds,42,s18,Synthetic,1,13,0,13,TIMER,0,0.9647056,1
audio/train_004695_group_synthetic_TIMER_10s_s74_v2_clean.wav,TIMER,10 seconds,Countdown for 10 seconds,42,s74,Synthetic,1,13,0,13,TIMER,0,0.6515803,1
audio/train_004699_group_synthetic_TIMER_10s_s88_v2_noisy.wav,TIMER,10 seconds,Countdown for 10 seconds,42,s88,Synthetic,1,13,0,13,TIMER,0,0.8700053,1
audio/train_004702_group_synthetic_TIMER_10s_s30_v2_noisy.wav,TIMER,10 seconds,Countdown for 10 seconds,42,s30,Synthetic,1,13,0,13,TIMER,0,0.9888727,1
audio/train_004710_group_synthetic_TIMER_10s_s38_v2_noisy.wav,TIMER,10 seconds,Countdown for 10 seconds,42,s38,Synthetic,1,13,0,13,TIMER,0,0.92636836,1
audio/train_004722_group_synthetic_TIMER_10s_s82_v2_noisy.wav,TIMER,10 seconds,Countdown for 10 seconds,42,s82,Synthetic,1,13,0,13,TIMER,0,0.94247055,1
audio/train_004727_group_synthetic_TIMER_10s_s67_v2_clean.wav,TIMER,10 seconds,Countdown for 10 seconds,42,s67,Synthetic,1,13,0,13,TIMER,0,0.9848952,1
audio/train_004731_group_synthetic_TIMER_10s_s80_v2_noisy.wav,TIMER,10 seconds,Countdown for 10 seconds,42,s80,Synthetic,1,13,0,13,TIMER,0,0.8861022,1
audio/train_004753_group_synthetic_TIMER_10s_s74_v2_noisy.wav,TIMER,10 seconds,Countdown for 10 seconds,42,s74,Synthetic,1,13,0,13,TIMER,0,0.5738531,1
audio/train_004756_group_synthetic_TIMER_10s_s88_v2_clean.wav,TIMER,10 seconds,Countdown for 10 seconds,42,s88,Synthetic,1,13,0,13,TIMER,0,0.86879945,1
audio/train_004767_group_synthetic_TIMER_10s_s26_v2_noisy.wav,TIMER,10 seconds,Countdown for 10 seconds,42,s26,Synthetic,1,13,0,13,TIMER,0,0.98257715,1
audio/train_004780_group_synthetic_TIMER_30s_s26_v2_noisy.wav,TIMER,30 seconds,Countdown for 30 seconds,43,s26,Synthetic,1,13,1,13,TIMER,1,0.9905409,1
audio/train_004784_group_synthetic_TIMER_30s_s82_v2_clean.wav,TIMER,30 seconds,Countdown for 30 seconds,43,s82,Synthetic,1,13,1,13,TIMER,1,0.82724625,1
audio/train_004787_group_synthetic_TIMER_30s_s18_v2_noisy.wav,TIMER,30 seconds,Countdown for 30 seconds,43,s18,Synthetic,1,13,1,13,TIMER,1,0.9871832,1
audio/train_004791_group_synthetic_TIMER_30s_s88_v2_noisy.wav,TIMER,30 seconds,Countdown for 30 seconds,43,s88,Synthetic,1,13,1,13,TIMER,1,0.9653848,1
audio/train_004792_group_synthetic_TIMER_30s_s74_v2_noisy.wav,TIMER,30 seconds,Countdown for 30 seconds,43,s74,Synthetic,1,13,1,13,TIMER,1,0.41021866,1
audio/train_004812_group_synthetic_TIMER_30s_s67_v2_noisy.wav,TIMER,30 seconds,Countdown for 30 seconds,43,s67,Synthetic,1,13,1,13,TIMER,1,0.985288,1
audio/train_004820_group_synthetic_TIMER_30s_s72_v2_noisy.wav,TIMER,30 seconds,Countdown for 30 seconds,43,s72,Synthetic,1,13,1,16,BRIGHTNESS,2,0.383144,0
audio/train_004823_group_synthetic_TIMER_30s_s80_v2_clean.wav,TIMER,30 seconds,Countdown for 30 seconds,43,s80,Synthetic,1,13,1,13,TIMER,1,0.26977772,1
audio/train_004824_group_synthetic_TIMER_30s_s30_v2_clean.wav,TIMER,30 seconds,Countdown for 30 seconds,43,s30,Synthetic,1,13,1,13,TIMER,1,0.980569,1
audio/train_004836_group_synthetic_TIMER_30s_s38_v2_noisy.wav,TIMER,30 seconds,Countdown for 30 seconds,43,s38,Synthetic,1,13,1,13,TIMER,1,0.99176395,1
audio/train_004844_group_synthetic_TIMER_30s_s18_v2_clean.wav,TIMER,30 seconds,Countdown for 30 seconds,43,s18,Synthetic,1,13,1,13,TIMER,1,0.9865914,1
audio/train_004845_group_synthetic_TIMER_30s_s88_v2_clean.wav,TIMER,30 seconds,Countdown for 30 seconds,43,s88,Synthetic,1,13,1,13,TIMER,1,0.9665168,1
audio/train_004858_group_synthetic_TIMER_30s_s80_v2_noisy.wav,TIMER,30 seconds,Countdown for 30 seconds,43,s80,Synthetic,1,13,1,19,OUT_OF_SCOPE,-1,0.23828813,0
audio/train_004859_group_synthetic_TIMER_30s_s26_v2_clean.wav,TIMER,30 seconds,Countdown for 30 seconds,43,s26,Synthetic,1,13,1,13,TIMER,1,0.99255484,1
audio/train_004865_group_synthetic_TIMER_30s_s30_v2_noisy.wav,TIMER,30 seconds,Countdown for 30 seconds,43,s30,Synthetic,1,13,1,13,TIMER,1,0.98639303,1
audio/train_004866_group_synthetic_TIMER_30s_s67_v2_clean.wav,TIMER,30 seconds,Countdown for 30 seconds,43,s67,Synthetic,1,13,1,13,TIMER,1,0.9843662,1
audio/train_004883_group_synthetic_TIMER_30s_s74_v2_clean.wav,TIMER,30 seconds,Countdown for 30 seconds,43,s74,Synthetic,1,13,1,13,TIMER,1,0.6032913,1
audio/train_004888_group_synthetic_TIMER_1m_s38_v2_noisy.wav,TIMER,1 minute,Countdown for 1 minute,44,s38,Synthetic,1,13,2,13,TIMER,2,0.97939324,1
audio/train_004890_group_synthetic_TIMER_1m_s72_v2_clean.wav,TIMER,1 minute,Countdown for 1 minute,44,s72,Synthetic,1,13,2,13,TIMER,2,0.87542385,1
audio/train_004892_group_synthetic_TIMER_1m_s80_v2_noisy.wav,TIMER,1 minute,Countdown for 1 minute,44,s80,Synthetic,1,13,2,13,TIMER,2,0.88329476,1
audio/train_004894_group_synthetic_TIMER_1m_s30_v2_clean.wav,TIMER,1 minute,Countdown for 1 minute,44,s30,Synthetic,1,13,2,13,TIMER,2,0.98366046,1
audio/train_004897_group_synthetic_TIMER_1m_s82_v2_clean.wav,TIMER,1 minute,Countdown for 1 minute,44,s82,Synthetic,1,13,2,13,TIMER,2,0.94283336,1
audio/train_004904_group_synthetic_TIMER_1m_s26_v2_clean.wav,TIMER,1 minute,Countdown for 1 minute,44,s26,Synthetic,1,13,2,13,TIMER,2,0.8205876,1
audio/train_004917_group_synthetic_TIMER_1m_s67_v2_noisy.wav,TIMER,1 minute,Countdown for 1 minute,44,s67,Synthetic,1,13,2,13,TIMER,2,0.7720892,1
audio/train_004926_group_synthetic_TIMER_1m_s74_v2_clean.wav,TIMER,1 minute,Countdown for 1 minute,44,s74,Synthetic,1,13,2,13,TIMER,2,0.77434057,1
audio/train_004938_group_synthetic_TIMER_1m_s18_v2_noisy.wav,TIMER,1 minute,Countdown for 1 minute,44,s18,Synthetic,1,13,2,13,TIMER,2,0.8911929,1
audio/train_004942_group_synthetic_TIMER_1m_s88_v2_clean.wav,TIMER,1 minute,Countdown for 1 minute,44,s88,Synthetic,1,13,2,13,TIMER,2,0.629759,1
audio/train_004954_group_synthetic_TIMER_1m_s38_v2_clean.wav,TIMER,1 minute,Countdown for 1 minute,44,s38,Synthetic,1,13,2,13,TIMER,2,0.971493,1
audio/train_004959_group_synthetic_TIMER_1m_s80_v2_clean.wav,TIMER,1 minute,Countdown for 1 minute,44,s80,Synthetic,1,13,2,13,TIMER,2,0.7700639,1
audio/train_004960_group_synthetic_TIMER_1m_s74_v2_noisy.wav,TIMER,1 minute,Countdown for 1 minute,44,s74,Synthetic,1,13,2,13,TIMER,2,0.8264493,1
audio/train_004961_group_synthetic_TIMER_1m_s67_v2_clean.wav,TIMER,1 minute,Countdown for 1 minute,44,s67,Synthetic,1,13,2,13,TIMER,2,0.648256,1
audio/train_004965_group_synthetic_TIMER_1m_s26_v2_noisy.wav,TIMER,1 minute,Countdown for 1 minute,44,s26,Synthetic,1,13,2,13,TIMER,2,0.74159604,1
audio/train_004969_group_synthetic_TIMER_1m_s30_v2_noisy.wav,TIMER,1 minute,Countdown for 1 minute,44,s30,Synthetic,1,13,2,13,TIMER,2,0.9889931,1
audio/train_004974_group_synthetic_TIMER_1m_s72_v2_noisy.wav,TIMER,1 minute,Countdown for 1 minute,44,s72,Synthetic,1,13,2,13,TIMER,2,0.832286,1
audio/train_004977_group_synthetic_TIMER_1m_s88_v2_noisy.wav,TIMER,1 minute,Countdown for 1 minute,44,s88,Synthetic,1,13,2,13,TIMER,2,0.8718378,1
audio/train_004990_group_synthetic_TIMER_1m_s18_v2_clean.wav,TIMER,1 minute,Countdown for 1 minute,44,s18,Synthetic,1,13,2,13,TIMER,2,0.81394386,1
audio/train_005003_group_synthetic_TIMER_10s_s67_v3_clean.wav,TIMER,10 seconds,Start a timer for 10 seconds,45,s67,Synthetic,1,13,0,13,TIMER,0,0.9808137,1
audio/train_005021_group_synthetic_TIMER_10s_s18_v3_clean.wav,TIMER,10 seconds,Start a timer for 10 seconds,45,s18,Synthetic,1,13,0,13,TIMER,0,0.93366545,1
audio/train_005024_group_synthetic_TIMER_10s_s88_v3_clean.wav,TIMER,10 seconds,Start a timer for 10 seconds,45,s88,Synthetic,1,13,0,13,TIMER,0,0.96244466,1
audio/train_005026_group_synthetic_TIMER_10s_s30_v3_clean.wav,TIMER,10 seconds,Start a timer for 10 seconds,45,s30,Synthetic,1,13,0,13,TIMER,0,0.9854643,1
audio/train_005035_group_synthetic_TIMER_10s_s72_v3_noisy.wav,TIMER,10 seconds,Start a timer for 10 seconds,45,s72,Synthetic,1,13,0,13,TIMER,0,0.7173547,1
audio/train_005040_group_synthetic_TIMER_10s_s26_v3_clean.wav,TIMER,10 seconds,Start a timer for 10 seconds,45,s26,Synthetic,1,13,0,13,TIMER,0,0.98925847,1
audio/train_005048_group_synthetic_TIMER_10s_s82_v3_clean.wav,TIMER,10 seconds,Start a timer for 10 seconds,45,s82,Synthetic,1,13,0,13,TIMER,0,0.94163793,1
audio/train_005049_group_synthetic_TIMER_10s_s80_v3_clean.wav,TIMER,10 seconds,Start a timer for 10 seconds,45,s80,Synthetic,1,13,0,13,TIMER,0,0.6181268,1
audio/train_005051_group_synthetic_TIMER_10s_s38_v3_clean.wav,TIMER,10 seconds,Start a timer for 10 seconds,45,s38,Synthetic,1,13,0,13,TIMER,0,0.9145904,1
audio/train_005053_group_synthetic_TIMER_10s_s74_v3_noisy.wav,TIMER,10 seconds,Start a timer for 10 seconds,45,s74,Synthetic,1,13,0,13,TIMER,0,0.75229347,1
audio/train_005088_group_synthetic_TIMER_10s_s26_v3_noisy.wav,TIMER,10 seconds,Start a timer for 10 seconds,45,s26,Synthetic,1,13,0,13,TIMER,0,0.9922031,1
audio/train_005089_group_synthetic_TIMER_10s_s72_v3_clean.wav,TIMER,10 seconds,Start a timer for 10 seconds,45,s72,Synthetic,1,13,0,13,TIMER,0,0.698668,1
audio/train_005090_group_synthetic_TIMER_10s_s67_v3_noisy.wav,TIMER,10 seconds,Start a timer for 10 seconds,45,s67,Synthetic,1,13,0,13,TIMER,0,0.974837,1
audio/train_005093_group_synthetic_TIMER_10s_s38_v3_noisy.wav,TIMER,10 seconds,Start a timer for 10 seconds,45,s38,Synthetic,1,13,0,13,TIMER,0,0.92953867,1
audio/train_005096_group_synthetic_TIMER_10s_s74_v3_clean.wav,TIMER,10 seconds,Start a timer for 10 seconds,45,s74,Synthetic,1,13,0,13,TIMER,0,0.6541886,1
audio/train_005098_group_synthetic_TIMER_10s_s18_v3_noisy.wav,TIMER,10 seconds,Start a timer for 10 seconds,45,s18,Synthetic,1,13,0,13,TIMER,0,0.9202773,1
audio/train_005104_group_synthetic_TIMER_10s_s88_v3_noisy.wav,TIMER,10 seconds,Start a timer for 10 seconds,45,s88,Synthetic,1,13,0,13,TIMER,0,0.9389524,1
audio/train_005107_group_synthetic_TIMER_30s_s18_v3_noisy.wav,TIMER,30 seconds,Start a timer for 30 seconds,46,s18,Synthetic,1,13,1,13,TIMER,1,0.8245871,1
audio/train_005110_group_synthetic_TIMER_30s_s82_v3_clean.wav,TIMER,30 seconds,Start a timer for 30 seconds,46,s82,Synthetic,1,13,1,13,TIMER,1,0.87770396,1
audio/train_005114_group_synthetic_TIMER_30s_s30_v3_noisy.wav,TIMER,30 seconds,Start a timer for 30 seconds,46,s30,Synthetic,1,13,1,13,TIMER,1,0.984916,1
audio/train_005117_group_synthetic_TIMER_30s_s72_v3_noisy.wav,TIMER,30 seconds,Start a timer for 30 seconds,46,s72,Synthetic,1,13,1,13,TIMER,1,0.946695,1
audio/train_005123_group_synthetic_TIMER_30s_s80_v3_clean.wav,TIMER,30 seconds,Start a timer for 30 seconds,46,s80,Synthetic,1,13,1,13,TIMER,1,0.68908393,1
audio/train_005135_group_synthetic_TIMER_30s_s38_v3_noisy.wav,TIMER,30 seconds,Start a timer for 30 seconds,46,s38,Synthetic,1,13,1,13,TIMER,1,0.78011125,1
audio/train_005144_group_synthetic_TIMER_30s_s74_v3_clean.wav,TIMER,30 seconds,Start a timer for 30 seconds,46,s74,Synthetic,1,13,1,13,TIMER,1,0.79997313,1
audio/train_005165_group_synthetic_TIMER_30s_s26_v3_noisy.wav,TIMER,30 seconds,Start a timer for 30 seconds,46,s26,Synthetic,1,13,1,13,TIMER,1,0.99114335,1
audio/train_005166_group_synthetic_TIMER_30s_s88_v3_noisy.wav,TIMER,30 seconds,Start a timer for 30 seconds,46,s88,Synthetic,1,13,1,13,TIMER,1,0.79136413,1
audio/train_005169_group_synthetic_TIMER_30s_s67_v3_clean.wav,TIMER,30 seconds,Start a timer for 30 seconds,46,s67,Synthetic,1,13,1,13,TIMER,1,0.9592823,1
audio/train_005180_group_synthetic_TIMER_30s_s82_v3_noisy.wav,TIMER,30 seconds,Start a timer for 30 seconds,46,s82,Synthetic,1,13,1,13,TIMER,1,0.8166463,1
audio/train_005188_group_synthetic_TIMER_30s_s30_v3_clean.wav,TIMER,30 seconds,Start a timer for 30 seconds,46,s30,Synthetic,1,13,1,13,TIMER,1,0.9846985,1
audio/train_005203_group_synthetic_TIMER_30s_s26_v3_clean.wav,TIMER,30 seconds,Start a timer for 30 seconds,46,s26,Synthetic,1,13,1,13,TIMER,1,0.9890984,1
audio/train_005209_group_synthetic_TIMER_30s_s38_v3_clean.wav,TIMER,30 seconds,Start a timer for 30 seconds,46,s38,Synthetic,1,13,1,13,TIMER,1,0.7910015,1
audio/train_005213_group_synthetic_TIMER_30s_s74_v3_noisy.wav,TIMER,30 seconds,Start a timer for 30 seconds,46,s74,Synthetic,1,13,1,13,TIMER,1,0.77893883,1
audio/train_005236_TimersAndSuch_anonymous3_13.wav,TIMER,1 minute,Start a timer for 1 minute,47,anonymous3,Unknown,0,13,2,13,TIMER,2,0.7912747,1
audio/train_005241_TimersAndSuch_575a3618-3cb0-4df6-a194-09fbbe925a63_prompt-115_11.wav,TIMER,1 minute,Start a timer for 1 minute,47,575a3618-3cb0-4df6-a194-09fbbe925a63,Unknown,0,13,2,13,TIMER,2,0.51613164,1
audio/train_005242_TimersAndSuch_de7508d3-0727-4f71-8e85-aaccfeec9500_prompt-155_8.wav,TIMER,1 minute,Start a timer for 1 minute,47,de7508d3-0727-4f71-8e85-aaccfeec9500,Unknown,0,13,2,13,TIMER,2,0.4328758,1
audio/train_005246_TimersAndSuch_anonymous9_6.wav,TIMER,1 minute,Start a timer for 1 minute,47,anonymous9,Unknown,0,13,2,13,TIMER,2,0.7305546,1
audio/train_005278_group_synthetic_TIMER_1m_s30_v3_noisy.wav,TIMER,1 minute,Start a timer for 1 minute,47,s30,Synthetic,1,13,2,13,TIMER,2,0.96470016,1
audio/train_005283_group_synthetic_TIMER_1m_s82_v3_noisy.wav,TIMER,1 minute,Start a timer for 1 minute,47,s82,Synthetic,1,13,2,13,TIMER,2,0.98205984,1
audio/train_005287_group_synthetic_TIMER_1m_s26_v3_clean.wav,TIMER,1 minute,Start a timer for 1 minute,47,s26,Synthetic,1,13,2,13,TIMER,2,0.9894481,1
audio/train_005308_group_synthetic_TIMER_1m_s72_v3_noisy.wav,TIMER,1 minute,Start a timer for 1 minute,47,s72,Synthetic,1,13,2,13,TIMER,2,0.8805311,1
audio/train_005310_group_synthetic_TIMER_1m_s80_v3_clean.wav,TIMER,1 minute,Start a timer for 1 minute,47,s80,Synthetic,1,13,2,13,TIMER,2,0.8011788,1
audio/train_005313_group_synthetic_TIMER_1m_s88_v3_clean.wav,TIMER,1 minute,Start a timer for 1 minute,47,s88,Synthetic,1,13,2,13,TIMER,2,0.98822254,1
audio/train_005314_group_synthetic_TIMER_1m_s18_v3_noisy.wav,TIMER,1 minute,Start a timer for 1 minute,47,s18,Synthetic,1,13,2,13,TIMER,2,0.9761248,1
audio/train_005318_group_synthetic_TIMER_1m_s67_v3_clean.wav,TIMER,1 minute,Start a timer for 1 minute,47,s67,Synthetic,1,13,2,13,TIMER,2,0.9174393,1
audio/train_005322_group_synthetic_TIMER_1m_s74_v3_noisy.wav,TIMER,1 minute,Start a timer for 1 minute,47,s74,Synthetic,1,13,2,13,TIMER,2,0.65029246,1
audio/train_005325_group_synthetic_TIMER_1m_s38_v3_noisy.wav,TIMER,1 minute,Start a timer for 1 minute,47,s38,Synthetic,1,13,2,13,TIMER,2,0.90219665,1
audio/train_005328_group_synthetic_ALARM_6_00AM_s67_v1_clean.wav,ALARM,6:00 AM,Alarm 6:00 AM,48,s67,Synthetic,1,14,0,14,ALARM,0,0.9579821,1
audio/train_005337_group_synthetic_ALARM_6_00AM_s26_v1_clean.wav,ALARM,6:00 AM,Alarm 6:00 AM,48,s26,Synthetic,1,14,0,14,ALARM,0,0.9975042,1
audio/train_005338_group_synthetic_ALARM_6_00AM_s88_v1_clean.wav,ALARM,6:00 AM,Alarm 6:00 AM,48,s88,Synthetic,1,14,0,14,ALARM,0,0.8030723,1
audio/train_005346_group_synthetic_ALARM_6_00AM_s30_v1_noisy.wav,ALARM,6:00 AM,Alarm 6:00 AM,48,s30,Synthetic,1,14,0,14,ALARM,0,0.6413088,1
audio/train_005364_group_synthetic_ALARM_6_00AM_s18_v1_clean.wav,ALARM,6:00 AM,Alarm 6:00 AM,48,s18,Synthetic,1,14,0,14,ALARM,0,0.9737596,1
audio/train_005372_group_synthetic_ALARM_6_00AM_s72_v1_clean.wav,ALARM,6:00 AM,Alarm 6:00 AM,48,s72,Synthetic,1,14,0,14,ALARM,0,0.99349797,1
audio/train_005383_group_synthetic_ALARM_6_00AM_s80_v1_noisy.wav,ALARM,6:00 AM,Alarm 6:00 AM,48,s80,Synthetic,1,14,0,14,ALARM,0,0.98301226,1
audio/train_005393_group_synthetic_ALARM_6_00AM_s82_v1_clean.wav,ALARM,6:00 AM,Alarm 6:00 AM,48,s82,Synthetic,1,14,0,14,ALARM,0,0.946587,1
audio/train_005399_group_synthetic_ALARM_6_00AM_s30_v1_clean.wav,ALARM,6:00 AM,Alarm 6:00 AM,48,s30,Synthetic,1,14,0,14,ALARM,0,0.5987795,1
audio/train_005411_group_synthetic_ALARM_6_00AM_s67_v1_noisy.wav,ALARM,6:00 AM,Alarm 6:00 AM,48,s67,Synthetic,1,14,0,14,ALARM,0,0.9671126,1
audio/train_005413_group_synthetic_ALARM_6_00AM_s88_v1_noisy.wav,ALARM,6:00 AM,Alarm 6:00 AM,48,s88,Synthetic,1,14,0,14,ALARM,0,0.7440417,1
audio/train_005420_group_synthetic_ALARM_6_00AM_s26_v1_noisy.wav,ALARM,6:00 AM,Alarm 6:00 AM,48,s26,Synthetic,1,14,0,14,ALARM,0,0.9973386,1
audio/train_005429_group_synthetic_ALARM_6_00AM_s72_v1_noisy.wav,ALARM,6:00 AM,Alarm 6:00 AM,48,s72,Synthetic,1,14,0,14,ALARM,0,0.9947462,1
audio/train_005430_group_synthetic_ALARM_6_00AM_s18_v1_noisy.wav,ALARM,6:00 AM,Alarm 6:00 AM,48,s18,Synthetic,1,14,0,14,ALARM,0,0.97709614,1
audio/train_005439_SLURP_slurp_devel_885_4200.wav,ALARM,8:00 AM,Alarm 8:00 AM,49,FO-462,Other / non-native,0,14,1,14,ALARM,1,0.9941175,1
audio/train_005442_SLURP_slurp_train_3977_6423_train-00001-.wav,ALARM,8:00 AM,Alarm 8:00 AM,49,FO-462,Other / non-native,0,14,1,14,ALARM,1,0.9832925,1
audio/train_005443_SLURP_slurp_devel_885_4199.wav,ALARM,8:00 AM,Alarm 8:00 AM,49,FO-462,Other / non-native,0,14,1,14,ALARM,1,0.9961404,1
audio/train_005445_SLURP_slurp_train_3977_6424_train-00001-.wav,ALARM,8:00 AM,Alarm 8:00 AM,49,FO-462,Other / non-native,0,14,1,14,ALARM,1,0.941151,1
audio/train_005446_SLURP_slurp_devel_885_4203.wav,ALARM,8:00 AM,Alarm 8:00 AM,49,ME-369,Native English,0,14,1,14,ALARM,1,0.9822912,1
audio/train_005455_group_synthetic_ALARM_8_00AM_s88_v1_clean.wav,ALARM,8:00 AM,Alarm 8:00 AM,49,s88,Synthetic,1,14,1,14,ALARM,1,0.94350386,1
audio/train_005466_group_synthetic_ALARM_8_00AM_s18_v1_clean.wav,ALARM,8:00 AM,Alarm 8:00 AM,49,s18,Synthetic,1,14,1,14,ALARM,1,0.97935015,1
audio/train_005476_group_synthetic_ALARM_8_00AM_s30_v1_clean.wav,ALARM,8:00 AM,Alarm 8:00 AM,49,s30,Synthetic,1,14,1,14,ALARM,1,0.9960276,1
audio/train_005481_group_synthetic_ALARM_8_00AM_s26_v1_clean.wav,ALARM,8:00 AM,Alarm 8:00 AM,49,s26,Synthetic,1,14,1,14,ALARM,1,0.9883963,1
audio/train_005491_group_synthetic_ALARM_8_00AM_s80_v1_clean.wav,ALARM,8:00 AM,Alarm 8:00 AM,49,s80,Synthetic,1,14,1,14,ALARM,1,0.98797685,1
audio/train_005504_group_synthetic_ALARM_8_00AM_s38_v1_clean.wav,ALARM,8:00 AM,Alarm 8:00 AM,49,s38,Synthetic,1,14,1,14,ALARM,1,0.99455065,1
audio/train_005509_group_synthetic_ALARM_8_00AM_s74_v1_clean.wav,ALARM,8:00 AM,Alarm 8:00 AM,49,s74,Synthetic,1,14,1,19,OUT_OF_SCOPE,-1,0.25006026,0
audio/train_005510_group_synthetic_ALARM_8_00AM_s67_v1_noisy.wav,ALARM,8:00 AM,Alarm 8:00 AM,49,s67,Synthetic,1,14,1,14,ALARM,1,0.98796487,1
audio/train_005515_group_synthetic_ALARM_8_00AM_s82_v1_clean.wav,ALARM,8:00 AM,Alarm 8:00 AM,49,s82,Synthetic,1,14,1,14,ALARM,1,0.9611594,1
audio/train_005518_group_synthetic_ALARM_8_00AM_s72_v1_clean.wav,ALARM,8:00 AM,Alarm 8:00 AM,49,s72,Synthetic,1,14,1,14,ALARM,1,0.99968827,1
audio/train_005526_group_synthetic_ALARM_8_00AM_s30_v1_noisy.wav,ALARM,8:00 AM,Alarm 8:00 AM,49,s30,Synthetic,1,14,1,14,ALARM,1,0.99796677,1
audio/train_005532_group_synthetic_ALARM_8_00AM_s80_v1_noisy.wav,ALARM,8:00 AM,Alarm 8:00 AM,49,s80,Synthetic,1,14,1,14,ALARM,1,0.98801035,1
audio/train_005534_group_synthetic_ALARM_8_00AM_s18_v1_noisy.wav,ALARM,8:00 AM,Alarm 8:00 AM,49,s18,Synthetic,1,14,1,14,ALARM,1,0.96596456,1
audio/train_005541_group_synthetic_ALARM_8_00AM_s26_v1_noisy.wav,ALARM,8:00 AM,Alarm 8:00 AM,49,s26,Synthetic,1,14,1,14,ALARM,1,0.9890914,1
audio/train_005549_group_synthetic_ALARM_8_00AM_s88_v1_noisy.wav,ALARM,8:00 AM,Alarm 8:00 AM,49,s88,Synthetic,1,14,1,14,ALARM,1,0.9469667,1
audio/train_005551_group_synthetic_ALARM_9_00PM_s80_v1_noisy.wav,ALARM,9:00 PM,Alarm 9:00 PM,50,s80,Synthetic,1,14,2,14,ALARM,2,0.7453917,1
audio/train_005556_group_synthetic_ALARM_9_00PM_s67_v1_clean.wav,ALARM,9:00 PM,Alarm 9:00 PM,50,s67,Synthetic,1,14,2,14,ALARM,2,0.9882208,1
audio/train_005563_group_synthetic_ALARM_9_00PM_s74_v1_clean.wav,ALARM,9:00 PM,Alarm 9:00 PM,50,s74,Synthetic,1,14,2,18,CREATE_REMINDER,0,0.32238466,0
audio/train_005569_group_synthetic_ALARM_9_00PM_s38_v1_clean.wav,ALARM,9:00 PM,Alarm 9:00 PM,50,s38,Synthetic,1,14,2,14,ALARM,2,0.9882704,1
audio/train_005572_group_synthetic_ALARM_9_00PM_s82_v1_noisy.wav,ALARM,9:00 PM,Alarm 9:00 PM,50,s82,Synthetic,1,14,2,14,ALARM,1,0.8645382,0
audio/train_005575_group_synthetic_ALARM_9_00PM_s18_v1_noisy.wav,ALARM,9:00 PM,Alarm 9:00 PM,50,s18,Synthetic,1,14,2,14,ALARM,2,0.9115368,1
audio/train_005585_group_synthetic_ALARM_9_00PM_s30_v1_noisy.wav,ALARM,9:00 PM,Alarm 9:00 PM,50,s30,Synthetic,1,14,2,14,ALARM,2,0.9304396,1
audio/train_005608_group_synthetic_ALARM_9_00PM_s88_v1_noisy.wav,ALARM,9:00 PM,Alarm 9:00 PM,50,s88,Synthetic,1,14,2,14,ALARM,2,0.7367857,1
audio/train_005612_group_synthetic_ALARM_9_00PM_s26_v1_noisy.wav,ALARM,9:00 PM,Alarm 9:00 PM,50,s26,Synthetic,1,14,2,14,ALARM,2,0.9983234,1
audio/train_005621_group_synthetic_ALARM_9_00PM_s18_v1_clean.wav,ALARM,9:00 PM,Alarm 9:00 PM,50,s18,Synthetic,1,14,2,14,ALARM,2,0.887143,1
audio/train_005622_group_synthetic_ALARM_9_00PM_s38_v1_noisy.wav,ALARM,9:00 PM,Alarm 9:00 PM,50,s38,Synthetic,1,14,2,14,ALARM,2,0.97838426,1
audio/train_005637_group_synthetic_ALARM_9_00PM_s67_v1_noisy.wav,ALARM,9:00 PM,Alarm 9:00 PM,50,s67,Synthetic,1,14,2,14,ALARM,2,0.98937476,1
audio/train_005638_group_synthetic_ALARM_9_00PM_s30_v1_clean.wav,ALARM,9:00 PM,Alarm 9:00 PM,50,s30,Synthetic,1,14,2,14,ALARM,2,0.87842846,1
audio/train_005640_group_synthetic_ALARM_9_00PM_s80_v1_clean.wav,ALARM,9:00 PM,Alarm 9:00 PM,50,s80,Synthetic,1,14,2,14,ALARM,2,0.80872214,1
audio/train_005649_group_synthetic_ALARM_9_00PM_s74_v1_noisy.wav,ALARM,9:00 PM,Alarm 9:00 PM,50,s74,Synthetic,1,14,2,6,LIGHT_ON,-1,0.21886432,0
audio/train_005658_group_synthetic_ALARM_9_00PM_s88_v1_clean.wav,ALARM,9:00 PM,Alarm 9:00 PM,50,s88,Synthetic,1,14,2,14,ALARM,2,0.8728145,1
audio/train_005659_group_synthetic_ALARM_9_00PM_s26_v1_clean.wav,ALARM,9:00 PM,Alarm 9:00 PM,50,s26,Synthetic,1,14,2,14,ALARM,2,0.99760795,1
audio/train_005684_SLURP_slurp_train_1773_5156_train-00003-.wav,ALARM,6:00 AM,Wake me up at 6:00 AM,51,ME-220,Native English,0,14,0,14,ALARM,0,0.9398562,1
audio/train_005688_SLURP_slurp_train_1773_5155_train-00003-.wav,ALARM,6:00 AM,Wake me up at 6:00 AM,51,ME-220,Native English,0,14,0,14,ALARM,0,0.9407506,1
audio/train_005692_group_synthetic_ALARM_6_00AM_s72_v2_clean.wav,ALARM,6:00 AM,Wake me up at 6:00 AM,51,s72,Synthetic,1,14,0,14,ALARM,0,0.9938122,1
audio/train_005694_group_synthetic_ALARM_6_00AM_s67_v2_clean.wav,ALARM,6:00 AM,Wake me up at 6:00 AM,51,s67,Synthetic,1,14,0,14,ALARM,0,0.8960052,1
audio/train_005700_group_synthetic_ALARM_6_00AM_s74_v2_noisy.wav,ALARM,6:00 AM,Wake me up at 6:00 AM,51,s74,Synthetic,1,14,0,14,ALARM,0,0.95224607,1
audio/train_005704_group_synthetic_ALARM_6_00AM_s26_v2_noisy.wav,ALARM,6:00 AM,Wake me up at 6:00 AM,51,s26,Synthetic,1,14,0,14,ALARM,0,0.9739516,1
audio/train_005732_group_synthetic_ALARM_6_00AM_s82_v2_clean.wav,ALARM,6:00 AM,Wake me up at 6:00 AM,51,s82,Synthetic,1,14,0,14,ALARM,0,0.96969116,1
audio/train_005739_group_synthetic_ALARM_6_00AM_s88_v2_clean.wav,ALARM,6:00 AM,Wake me up at 6:00 AM,51,s88,Synthetic,1,14,0,14,ALARM,0,0.42741808,1
audio/train_005742_group_synthetic_ALARM_6_00AM_s80_v2_noisy.wav,ALARM,6:00 AM,Wake me up at 6:00 AM,51,s80,Synthetic,1,14,0,14,ALARM,0,0.97768503,1
audio/train_005746_group_synthetic_ALARM_6_00AM_s38_v2_noisy.wav,ALARM,6:00 AM,Wake me up at 6:00 AM,51,s38,Synthetic,1,14,0,14,ALARM,0,0.9868754,1
audio/train_005751_group_synthetic_ALARM_6_00AM_s30_v2_noisy.wav,ALARM,6:00 AM,Wake me up at 6:00 AM,51,s30,Synthetic,1,14,0,14,ALARM,0,0.9983783,1
audio/train_005753_group_synthetic_ALARM_6_00AM_s18_v2_noisy.wav,ALARM,6:00 AM,Wake me up at 6:00 AM,51,s18,Synthetic,1,14,0,14,ALARM,0,0.92219716,1
audio/train_005765_group_synthetic_ALARM_6_00AM_s74_v2_clean.wav,ALARM,6:00 AM,Wake me up at 6:00 AM,51,s74,Synthetic,1,14,0,14,ALARM,0,0.86174613,1
audio/train_005767_group_synthetic_ALARM_6_00AM_s72_v2_noisy.wav,ALARM,6:00 AM,Wake me up at 6:00 AM,51,s72,Synthetic,1,14,0,14,ALARM,0,0.98988533,1
audio/train_005779_group_synthetic_ALARM_8_00AM_s72_v2_noisy.wav,ALARM,8:00 AM,Wake me up at 8:00 AM,52,s72,Synthetic,1,14,1,14,ALARM,1,0.98546624,1
audio/train_005782_group_synthetic_ALARM_8_00AM_s26_v2_noisy.wav,ALARM,8:00 AM,Wake me up at 8:00 AM,52,s26,Synthetic,1,14,1,14,ALARM,1,0.9943258,1
audio/train_005783_group_synthetic_ALARM_8_00AM_s67_v2_clean.wav,ALARM,8:00 AM,Wake me up at 8:00 AM,52,s67,Synthetic,1,14,1,14,ALARM,1,0.9868063,1
audio/train_005786_group_synthetic_ALARM_8_00AM_s88_v2_clean.wav,ALARM,8:00 AM,Wake me up at 8:00 AM,52,s88,Synthetic,1,14,1,14,ALARM,1,0.9994697,1
audio/train_005790_group_synthetic_ALARM_8_00AM_s30_v2_noisy.wav,ALARM,8:00 AM,Wake me up at 8:00 AM,52,s30,Synthetic,1,14,1,14,ALARM,1,0.999645,1
audio/train_005805_group_synthetic_ALARM_8_00AM_s38_v2_clean.wav,ALARM,8:00 AM,Wake me up at 8:00 AM,52,s38,Synthetic,1,14,1,14,ALARM,1,0.97400767,1
audio/train_005811_group_synthetic_ALARM_8_00AM_s82_v2_clean.wav,ALARM,8:00 AM,Wake me up at 8:00 AM,52,s82,Synthetic,1,14,1,14,ALARM,1,0.8565722,1
audio/train_005819_group_synthetic_ALARM_8_00AM_s74_v2_clean.wav,ALARM,8:00 AM,Wake me up at 8:00 AM,52,s74,Synthetic,1,14,1,14,ALARM,1,0.9833123,1
audio/train_005820_group_synthetic_ALARM_8_00AM_s18_v2_clean.wav,ALARM,8:00 AM,Wake me up at 8:00 AM,52,s18,Synthetic,1,14,1,14,ALARM,1,0.9744031,1
audio/train_005834_group_synthetic_ALARM_8_00AM_s80_v2_noisy.wav,ALARM,8:00 AM,Wake me up at 8:00 AM,52,s80,Synthetic,1,14,1,14,ALARM,1,0.9423887,1
audio/train_005845_group_synthetic_ALARM_8_00AM_s26_v2_clean.wav,ALARM,8:00 AM,Wake me up at 8:00 AM,52,s26,Synthetic,1,14,1,14,ALARM,1,0.9925007,1
audio/train_005846_group_synthetic_ALARM_8_00AM_s88_v2_noisy.wav,ALARM,8:00 AM,Wake me up at 8:00 AM,52,s88,Synthetic,1,14,1,14,ALARM,1,0.99887055,1
audio/train_005876_group_synthetic_ALARM_8_00AM_s74_v2_noisy.wav,ALARM,8:00 AM,Wake me up at 8:00 AM,52,s74,Synthetic,1,14,1,14,ALARM,1,0.9886098,1
audio/train_005880_group_synthetic_ALARM_8_00AM_s67_v2_noisy.wav,ALARM,8:00 AM,Wake me up at 8:00 AM,52,s67,Synthetic,1,14,1,14,ALARM,1,0.9855219,1
audio/train_005881_group_synthetic_ALARM_8_00AM_s18_v2_noisy.wav,ALARM,8:00 AM,Wake me up at 8:00 AM,52,s18,Synthetic,1,14,1,14,ALARM,1,0.96536815,1
audio/train_005890_group_synthetic_ALARM_9_00PM_s88_v2_noisy.wav,ALARM,9:00 PM,Wake me up at 9:00 PM,53,s88,Synthetic,1,14,2,14,ALARM,2,0.94349676,1
audio/train_005903_group_synthetic_ALARM_9_00PM_s67_v2_clean.wav,ALARM,9:00 PM,Wake me up at 9:00 PM,53,s67,Synthetic,1,14,2,14,ALARM,2,0.90486187,1
audio/train_005909_group_synthetic_ALARM_9_00PM_s26_v2_noisy.wav,ALARM,9:00 PM,Wake me up at 9:00 PM,53,s26,Synthetic,1,14,2,14,ALARM,2,0.9831161,1
audio/train_005910_group_synthetic_ALARM_9_00PM_s80_v2_clean.wav,ALARM,9:00 PM,Wake me up at 9:00 PM,53,s80,Synthetic,1,14,2,14,ALARM,2,0.96192265,1
audio/train_005920_group_synthetic_ALARM_9_00PM_s30_v2_noisy.wav,ALARM,9:00 PM,Wake me up at 9:00 PM,53,s30,Synthetic,1,14,2,14,ALARM,2,0.9829018,1
audio/train_005928_group_synthetic_ALARM_9_00PM_s74_v2_noisy.wav,ALARM,9:00 PM,Wake me up at 9:00 PM,53,s74,Synthetic,1,14,2,14,ALARM,2,0.9432657,1
audio/train_005933_group_synthetic_ALARM_9_00PM_s38_v2_noisy.wav,ALARM,9:00 PM,Wake me up at 9:00 PM,53,s38,Synthetic,1,14,2,14,ALARM,2,0.9939944,1
audio/train_005936_group_synthetic_ALARM_9_00PM_s72_v2_clean.wav,ALARM,9:00 PM,Wake me up at 9:00 PM,53,s72,Synthetic,1,14,2,14,ALARM,2,0.9704095,1
audio/train_005943_group_synthetic_ALARM_9_00PM_s82_v2_clean.wav,ALARM,9:00 PM,Wake me up at 9:00 PM,53,s82,Synthetic,1,14,2,14,ALARM,2,0.908991,1
audio/train_005944_group_synthetic_ALARM_9_00PM_s18_v2_clean.wav,ALARM,9:00 PM,Wake me up at 9:00 PM,53,s18,Synthetic,1,14,2,14,ALARM,2,0.98046446,1
audio/train_005962_group_synthetic_ALARM_9_00PM_s80_v2_noisy.wav,ALARM,9:00 PM,Wake me up at 9:00 PM,53,s80,Synthetic,1,14,2,14,ALARM,2,0.9590055,1
audio/train_005968_group_synthetic_ALARM_9_00PM_s26_v2_clean.wav,ALARM,9:00 PM,Wake me up at 9:00 PM,53,s26,Synthetic,1,14,2,14,ALARM,2,0.9738589,1
audio/train_005973_group_synthetic_ALARM_9_00PM_s88_v2_clean.wav,ALARM,9:00 PM,Wake me up at 9:00 PM,53,s88,Synthetic,1,14,2,14,ALARM,2,0.96974134,1
audio/train_005986_group_synthetic_ALARM_9_00PM_s74_v2_clean.wav,ALARM,9:00 PM,Wake me up at 9:00 PM,53,s74,Synthetic,1,14,2,14,ALARM,2,0.8887899,1
audio/train_005987_group_synthetic_ALARM_9_00PM_s18_v2_noisy.wav,ALARM,9:00 PM,Wake me up at 9:00 PM,53,s18,Synthetic,1,14,2,14,ALARM,2,0.9758321,1
audio/train_005990_group_synthetic_ALARM_9_00PM_s38_v2_clean.wav,ALARM,9:00 PM,Wake me up at 9:00 PM,53,s38,Synthetic,1,14,2,14,ALARM,2,0.98384595,1
audio/train_005993_group_synthetic_ALARM_9_00PM_s72_v2_noisy.wav,ALARM,9:00 PM,Wake me up at 9:00 PM,53,s72,Synthetic,1,14,2,14,ALARM,2,0.9780873,1
audio/train_006056_group_synthetic_ALARM_6_00AM_s26_v3_noisy.wav,ALARM,6:00 AM,Set an alarm for 6:00 AM,54,s26,Synthetic,1,14,0,14,ALARM,0,0.92637527,1
audio/train_006060_group_synthetic_ALARM_6_00AM_s30_v3_clean.wav,ALARM,6:00 AM,Set an alarm for 6:00 AM,54,s30,Synthetic,1,14,0,14,ALARM,0,0.9583562,1
audio/train_006065_group_synthetic_ALARM_6_00AM_s18_v3_noisy.wav,ALARM,6:00 AM,Set an alarm for 6:00 AM,54,s18,Synthetic,1,14,0,14,ALARM,0,0.70726717,1
audio/train_006070_group_synthetic_ALARM_6_00AM_s74_v3_noisy.wav,ALARM,6:00 AM,Set an alarm for 6:00 AM,54,s74,Synthetic,1,14,0,14,ALARM,0,0.9620737,1
audio/train_006080_group_synthetic_ALARM_6_00AM_s38_v3_noisy.wav,ALARM,6:00 AM,Set an alarm for 6:00 AM,54,s38,Synthetic,1,14,0,14,ALARM,0,0.976669,1
audio/train_006086_group_synthetic_ALARM_6_00AM_s72_v3_noisy.wav,ALARM,6:00 AM,Set an alarm for 6:00 AM,54,s72,Synthetic,1,14,0,14,ALARM,0,0.9954079,1
audio/train_006091_group_synthetic_ALARM_6_00AM_s67_v3_clean.wav,ALARM,6:00 AM,Set an alarm for 6:00 AM,54,s67,Synthetic,1,14,0,14,ALARM,0,0.981005,1
audio/train_006101_group_synthetic_ALARM_6_00AM_s88_v3_clean.wav,ALARM,6:00 AM,Set an alarm for 6:00 AM,54,s88,Synthetic,1,14,0,14,ALARM,0,0.92098284,1
audio/train_006103_group_synthetic_ALARM_6_00AM_s82_v3_noisy.wav,ALARM,6:00 AM,Set an alarm for 6:00 AM,54,s82,Synthetic,1,14,0,14,ALARM,0,0.96359044,1
audio/train_006109_SLURP_slurp_devel_4094_5425.wav,ALARM,8:00 AM,Set an alarm for 8:00 AM,55,FO-462,Other / non-native,0,14,1,14,ALARM,1,0.98095304,1
audio/train_006132_SLURP_slurp_devel_4094_5426.wav,ALARM,8:00 AM,Set an alarm for 8:00 AM,55,FO-462,Other / non-native,0,14,1,19,OUT_OF_SCOPE,-1,0.34708118,0
audio/train_006158_SLURP_slurp_train_4717_7747_train-00002-.wav,ALARM,8:00 AM,Set an alarm for 8:00 AM,55,FE-249,Native English,0,14,1,14,ALARM,1,0.97489035,1
audio/train_006161_group_synthetic_ALARM_8_00AM_s74_v3_noisy.wav,ALARM,8:00 AM,Set an alarm for 8:00 AM,55,s74,Synthetic,1,14,1,14,ALARM,1,0.51289433,1
audio/train_006173_group_synthetic_ALARM_8_00AM_s67_v3_noisy.wav,ALARM,8:00 AM,Set an alarm for 8:00 AM,55,s67,Synthetic,1,14,1,14,ALARM,1,0.94429845,1
audio/train_006186_group_synthetic_ALARM_8_00AM_s88_v3_clean.wav,ALARM,8:00 AM,Set an alarm for 8:00 AM,55,s88,Synthetic,1,14,1,14,ALARM,1,0.9156284,1
audio/train_006188_group_synthetic_ALARM_8_00AM_s18_v3_noisy.wav,ALARM,8:00 AM,Set an alarm for 8:00 AM,55,s18,Synthetic,1,14,1,14,ALARM,1,0.5534212,1
audio/train_006189_group_synthetic_ALARM_8_00AM_s82_v3_clean.wav,ALARM,8:00 AM,Set an alarm for 8:00 AM,55,s82,Synthetic,1,14,1,14,ALARM,1,0.9660579,1
audio/train_006201_group_synthetic_ALARM_8_00AM_s80_v3_noisy.wav,ALARM,8:00 AM,Set an alarm for 8:00 AM,55,s80,Synthetic,1,14,1,14,ALARM,1,0.93323225,1
audio/train_006206_group_synthetic_ALARM_8_00AM_s30_v3_clean.wav,ALARM,8:00 AM,Set an alarm for 8:00 AM,55,s30,Synthetic,1,14,1,14,ALARM,1,0.8648468,1
audio/train_006208_group_synthetic_ALARM_8_00AM_s26_v3_clean.wav,ALARM,8:00 AM,Set an alarm for 8:00 AM,55,s26,Synthetic,1,14,1,14,ALARM,1,0.97584176,1
audio/train_006215_group_synthetic_ALARM_8_00AM_s38_v3_noisy.wav,ALARM,8:00 AM,Set an alarm for 8:00 AM,55,s38,Synthetic,1,14,1,14,ALARM,1,0.97785836,1
audio/train_006232_TimersAndSuch_f1c6dc9e-f0f8-4d51-b18e-33cff9d18e9e_prompt-212_19.wav,ALARM,9:00 PM,Set an alarm for 9:00 PM,56,f1c6dc9e-f0f8-4d51-b18e-33cff9d18e9e,Unknown,0,14,2,14,ALARM,2,0.24847728,1
audio/train_006242_group_synthetic_ALARM_9_00PM_s30_v3_clean.wav,ALARM,9:00 PM,Set an alarm for 9:00 PM,56,s30,Synthetic,1,14,2,14,ALARM,2,0.9762906,1
audio/train_006243_group_synthetic_ALARM_9_00PM_s80_v3_clean.wav,ALARM,9:00 PM,Set an alarm for 9:00 PM,56,s80,Synthetic,1,14,2,14,ALARM,2,0.70803237,1
audio/train_006244_group_synthetic_ALARM_9_00PM_s88_v3_noisy.wav,ALARM,9:00 PM,Set an alarm for 9:00 PM,56,s88,Synthetic,1,14,2,14,ALARM,2,0.9458055,1
audio/train_006248_group_synthetic_ALARM_9_00PM_s26_v3_clean.wav,ALARM,9:00 PM,Set an alarm for 9:00 PM,56,s26,Synthetic,1,14,2,14,ALARM,2,0.99301803,1
audio/train_006255_group_synthetic_ALARM_9_00PM_s82_v3_noisy.wav,ALARM,9:00 PM,Set an alarm for 9:00 PM,56,s82,Synthetic,1,14,2,14,ALARM,2,0.95317143,1
audio/train_006260_group_synthetic_ALARM_9_00PM_s74_v3_clean.wav,ALARM,9:00 PM,Set an alarm for 9:00 PM,56,s74,Synthetic,1,14,2,14,ALARM,2,0.98618734,1
audio/train_006283_group_synthetic_ALARM_9_00PM_s67_v3_noisy.wav,ALARM,9:00 PM,Set an alarm for 9:00 PM,56,s67,Synthetic,1,14,2,14,ALARM,2,0.83864886,1
audio/train_006288_group_synthetic_ALARM_9_00PM_s38_v3_clean.wav,ALARM,9:00 PM,Set an alarm for 9:00 PM,56,s38,Synthetic,1,14,2,14,ALARM,2,0.9864476,1
audio/train_006300_group_synthetic_ALARM_9_00PM_s18_v3_clean.wav,ALARM,9:00 PM,Set an alarm for 9:00 PM,56,s18,Synthetic,1,14,2,14,ALARM,2,0.47503895,1
audio/train_006302_group_synthetic_ALARM_9_00PM_s72_v3_clean.wav,ALARM,9:00 PM,Set an alarm for 9:00 PM,56,s72,Synthetic,1,14,2,14,ALARM,2,0.9438682,1
audio/train_006305_group_synthetic_ALARM_9_00PM_s88_v3_clean.wav,ALARM,9:00 PM,Set an alarm for 9:00 PM,56,s88,Synthetic,1,14,2,14,ALARM,2,0.964185,1
audio/train_006306_group_synthetic_ALARM_9_00PM_s30_v3_noisy.wav,ALARM,9:00 PM,Set an alarm for 9:00 PM,56,s30,Synthetic,1,14,2,14,ALARM,2,0.99079204,1
audio/train_006308_group_synthetic_ALARM_9_00PM_s74_v3_noisy.wav,ALARM,9:00 PM,Set an alarm for 9:00 PM,56,s74,Synthetic,1,14,2,14,ALARM,2,0.9805282,1
audio/train_006312_group_synthetic_ALARM_9_00PM_s82_v3_clean.wav,ALARM,9:00 PM,Set an alarm for 9:00 PM,56,s82,Synthetic,1,14,2,14,ALARM,2,0.9550199,1
audio/train_006324_group_synthetic_ALARM_9_00PM_s67_v3_clean.wav,ALARM,9:00 PM,Set an alarm for 9:00 PM,56,s67,Synthetic,1,14,2,14,ALARM,2,0.69779986,1
audio/train_006326_group_synthetic_ALARM_9_00PM_s80_v3_noisy.wav,ALARM,9:00 PM,Set an alarm for 9:00 PM,56,s80,Synthetic,1,14,2,14,ALARM,2,0.8305705,1
audio/train_006331_group_synthetic_TEMPERATURE_18_s82_v1_noisy.wav,TEMPERATURE,18 degrees,Temperature 18 degrees,57,s82,Synthetic,1,15,0,15,TEMPERATURE,0,0.9947456,1
audio/train_006333_group_synthetic_TEMPERATURE_18_s38_v1_noisy.wav,TEMPERATURE,18 degrees,Temperature 18 degrees,57,s38,Synthetic,1,15,0,15,TEMPERATURE,0,0.99739254,1
audio/train_006334_group_synthetic_TEMPERATURE_18_s72_v1_clean.wav,TEMPERATURE,18 degrees,Temperature 18 degrees,57,s72,Synthetic,1,15,0,15,TEMPERATURE,0,0.5385702,1
audio/train_006340_group_synthetic_TEMPERATURE_18_s67_v1_noisy.wav,TEMPERATURE,18 degrees,Temperature 18 degrees,57,s67,Synthetic,1,15,0,15,TEMPERATURE,0,0.9483476,1
audio/train_006342_group_synthetic_TEMPERATURE_18_s88_v1_clean.wav,TEMPERATURE,18 degrees,Temperature 18 degrees,57,s88,Synthetic,1,15,0,15,TEMPERATURE,0,0.9703752,1
audio/train_006356_group_synthetic_TEMPERATURE_18_s18_v1_noisy.wav,TEMPERATURE,18 degrees,Temperature 18 degrees,57,s18,Synthetic,1,15,0,15,TEMPERATURE,0,0.8058883,1
audio/train_006381_group_synthetic_TEMPERATURE_18_s26_v1_noisy.wav,TEMPERATURE,18 degrees,Temperature 18 degrees,57,s26,Synthetic,1,15,0,15,TEMPERATURE,0,0.98226684,1
audio/train_006388_group_synthetic_TEMPERATURE_18_s30_v1_noisy.wav,TEMPERATURE,18 degrees,Temperature 18 degrees,57,s30,Synthetic,1,15,0,15,TEMPERATURE,0,0.9798407,1
audio/train_006390_group_synthetic_TEMPERATURE_18_s80_v1_noisy.wav,TEMPERATURE,18 degrees,Temperature 18 degrees,57,s80,Synthetic,1,15,0,19,OUT_OF_SCOPE,-1,0.29985616,0
audio/train_006397_group_synthetic_TEMPERATURE_18_s38_v1_clean.wav,TEMPERATURE,18 degrees,Temperature 18 degrees,57,s38,Synthetic,1,15,0,15,TEMPERATURE,0,0.9943877,1
audio/train_006398_group_synthetic_TEMPERATURE_18_s18_v1_clean.wav,TEMPERATURE,18 degrees,Temperature 18 degrees,57,s18,Synthetic,1,15,0,15,TEMPERATURE,0,0.76728487,1
audio/train_006415_group_synthetic_TEMPERATURE_18_s72_v1_noisy.wav,TEMPERATURE,18 degrees,Temperature 18 degrees,57,s72,Synthetic,1,15,0,15,TEMPERATURE,0,0.7764484,1
audio/train_006420_group_synthetic_TEMPERATURE_18_s88_v1_noisy.wav,TEMPERATURE,18 degrees,Temperature 18 degrees,57,s88,Synthetic,1,15,0,15,TEMPERATURE,0,0.9852836,1
audio/train_006429_group_synthetic_TEMPERATURE_18_s67_v1_clean.wav,TEMPERATURE,18 degrees,Temperature 18 degrees,57,s67,Synthetic,1,15,0,15,TEMPERATURE,0,0.9358526,1
audio/train_006439_group_synthetic_TEMPERATURE_22_s67_v1_clean.wav,TEMPERATURE,22 degrees,Temperature 22 degrees,58,s67,Synthetic,1,15,1,15,TEMPERATURE,1,0.9894399,1
audio/train_006445_group_synthetic_TEMPERATURE_22_s88_v1_noisy.wav,TEMPERATURE,22 degrees,Temperature 22 degrees,58,s88,Synthetic,1,15,1,15,TEMPERATURE,1,0.9935946,1
audio/train_006446_group_synthetic_TEMPERATURE_22_s18_v1_noisy.wav,TEMPERATURE,22 degrees,Temperature 22 degrees,58,s18,Synthetic,1,15,1,15,TEMPERATURE,1,0.9902024,1
audio/train_006451_group_synthetic_TEMPERATURE_22_s82_v1_clean.wav,TEMPERATURE,22 degrees,Temperature 22 degrees,58,s82,Synthetic,1,15,1,15,TEMPERATURE,1,0.9972389,1
audio/train_006469_group_synthetic_TEMPERATURE_22_s74_v1_noisy.wav,TEMPERATURE,22 degrees,Temperature 22 degrees,58,s74,Synthetic,1,15,1,15,TEMPERATURE,2,0.8438135,0
audio/train_006481_group_synthetic_TEMPERATURE_22_s26_v1_clean.wav,TEMPERATURE,22 degrees,Temperature 22 degrees,58,s26,Synthetic,1,15,1,15,TEMPERATURE,1,0.9938676,1
audio/train_006482_group_synthetic_TEMPERATURE_22_s72_v1_clean.wav,TEMPERATURE,22 degrees,Temperature 22 degrees,58,s72,Synthetic,1,15,1,15,TEMPERATURE,1,0.82302123,1
audio/train_006488_group_synthetic_TEMPERATURE_22_s80_v1_noisy.wav,TEMPERATURE,22 degrees,Temperature 22 degrees,58,s80,Synthetic,1,15,1,15,TEMPERATURE,1,0.65155476,1
audio/train_006498_group_synthetic_TEMPERATURE_22_s38_v1_clean.wav,TEMPERATURE,22 degrees,Temperature 22 degrees,58,s38,Synthetic,1,15,1,15,TEMPERATURE,1,0.99703825,1
audio/train_006504_group_synthetic_TEMPERATURE_22_s30_v1_noisy.wav,TEMPERATURE,22 degrees,Temperature 22 degrees,58,s30,Synthetic,1,15,1,15,TEMPERATURE,1,0.9867181,1
audio/train_006507_group_synthetic_TEMPERATURE_22_s18_v1_clean.wav,TEMPERATURE,22 degrees,Temperature 22 degrees,58,s18,Synthetic,1,15,1,15,TEMPERATURE,1,0.99102914,1
audio/train_006516_group_synthetic_TEMPERATURE_22_s88_v1_clean.wav,TEMPERATURE,22 degrees,Temperature 22 degrees,58,s88,Synthetic,1,15,1,15,TEMPERATURE,1,0.9924779,1
audio/train_006528_group_synthetic_TEMPERATURE_22_s26_v1_noisy.wav,TEMPERATURE,22 degrees,Temperature 22 degrees,58,s26,Synthetic,1,15,1,15,TEMPERATURE,1,0.9968066,1
audio/train_006534_group_synthetic_TEMPERATURE_22_s82_v1_noisy.wav,TEMPERATURE,22 degrees,Temperature 22 degrees,58,s82,Synthetic,1,15,1,15,TEMPERATURE,1,0.9971283,1
audio/train_006543_group_synthetic_TEMPERATURE_22_s72_v1_noisy.wav,TEMPERATURE,22 degrees,Temperature 22 degrees,58,s72,Synthetic,1,15,1,15,TEMPERATURE,1,0.8421094,1
audio/train_006557_group_synthetic_TEMPERATURE_26_s18_v1_noisy.wav,TEMPERATURE,26 degrees,Temperature 26 degrees,59,s18,Synthetic,1,15,2,15,TEMPERATURE,2,0.9514653,1
audio/train_006561_group_synthetic_TEMPERATURE_26_s38_v1_clean.wav,TEMPERATURE,26 degrees,Temperature 26 degrees,59,s38,Synthetic,1,15,2,15,TEMPERATURE,2,0.9780784,1
audio/train_006564_group_synthetic_TEMPERATURE_26_s88_v1_noisy.wav,TEMPERATURE,26 degrees,Temperature 26 degrees,59,s88,Synthetic,1,15,2,15,TEMPERATURE,2,0.9848355,1
audio/train_006566_group_synthetic_TEMPERATURE_26_s80_v1_clean.wav,TEMPERATURE,26 degrees,Temperature 26 degrees,59,s80,Synthetic,1,15,2,15,TEMPERATURE,2,0.8576886,1
audio/train_006579_group_synthetic_TEMPERATURE_26_s26_v1_noisy.wav,TEMPERATURE,26 degrees,Temperature 26 degrees,59,s26,Synthetic,1,15,2,15,TEMPERATURE,2,0.99008965,1
audio/train_006581_group_synthetic_TEMPERATURE_26_s72_v1_noisy.wav,TEMPERATURE,26 degrees,Temperature 26 degrees,59,s72,Synthetic,1,15,2,15,TEMPERATURE,2,0.649385,1
audio/train_006585_group_synthetic_TEMPERATURE_26_s30_v1_clean.wav,TEMPERATURE,26 degrees,Temperature 26 degrees,59,s30,Synthetic,1,15,2,15,TEMPERATURE,2,0.9732646,1
audio/train_006610_group_synthetic_TEMPERATURE_26_s74_v1_clean.wav,TEMPERATURE,26 degrees,Temperature 26 degrees,59,s74,Synthetic,1,15,2,15,TEMPERATURE,2,0.7126153,1
audio/train_006612_group_synthetic_TEMPERATURE_26_s82_v1_clean.wav,TEMPERATURE,26 degrees,Temperature 26 degrees,59,s82,Synthetic,1,15,2,15,TEMPERATURE,2,0.95804197,1
audio/train_006615_group_synthetic_TEMPERATURE_26_s67_v1_noisy.wav,TEMPERATURE,26 degrees,Temperature 26 degrees,59,s67,Synthetic,1,15,2,15,TEMPERATURE,2,0.9391619,1
audio/train_006619_group_synthetic_TEMPERATURE_26_s18_v1_clean.wav,TEMPERATURE,26 degrees,Temperature 26 degrees,59,s18,Synthetic,1,15,2,15,TEMPERATURE,2,0.9364271,1
audio/train_006621_group_synthetic_TEMPERATURE_26_s88_v1_clean.wav,TEMPERATURE,26 degrees,Temperature 26 degrees,59,s88,Synthetic,1,15,2,15,TEMPERATURE,2,0.97180355,1
audio/train_006624_group_synthetic_TEMPERATURE_26_s80_v1_noisy.wav,TEMPERATURE,26 degrees,Temperature 26 degrees,59,s80,Synthetic,1,15,2,15,TEMPERATURE,2,0.8991484,1
audio/train_006626_group_synthetic_TEMPERATURE_26_s38_v1_noisy.wav,TEMPERATURE,26 degrees,Temperature 26 degrees,59,s38,Synthetic,1,15,2,15,TEMPERATURE,2,0.9910563,1
audio/train_006648_group_synthetic_TEMPERATURE_26_s30_v1_noisy.wav,TEMPERATURE,26 degrees,Temperature 26 degrees,59,s30,Synthetic,1,15,2,15,TEMPERATURE,2,0.9810827,1
audio/train_006657_group_synthetic_TEMPERATURE_26_s72_v1_clean.wav,TEMPERATURE,26 degrees,Temperature 26 degrees,59,s72,Synthetic,1,15,2,15,TEMPERATURE,2,0.7693277,1
audio/train_006658_group_synthetic_TEMPERATURE_26_s74_v1_noisy.wav,TEMPERATURE,26 degrees,Temperature 26 degrees,59,s74,Synthetic,1,15,2,15,TEMPERATURE,2,0.6868398,1
audio/train_006669_group_synthetic_TEMPERATURE_18_s88_v2_noisy.wav,TEMPERATURE,18 degrees,Change the temperature to 18 degrees,60,s88,Synthetic,1,15,0,15,TEMPERATURE,0,0.9888793,1
audio/train_006672_group_synthetic_TEMPERATURE_18_s82_v2_noisy.wav,TEMPERATURE,18 degrees,Change the temperature to 18 degrees,60,s82,Synthetic,1,15,0,15,TEMPERATURE,0,0.98215646,1
audio/train_006677_group_synthetic_TEMPERATURE_18_s18_v2_clean.wav,TEMPERATURE,18 degrees,Change the temperature to 18 degrees,60,s18,Synthetic,1,15,0,15,TEMPERATURE,0,0.6469727,1
audio/train_006682_group_synthetic_TEMPERATURE_18_s30_v2_clean.wav,TEMPERATURE,18 degrees,Change the temperature to 18 degrees,60,s30,Synthetic,1,15,0,15,TEMPERATURE,0,0.978637,1
audio/train_006687_group_synthetic_TEMPERATURE_18_s72_v2_noisy.wav,TEMPERATURE,18 degrees,Change the temperature to 18 degrees,60,s72,Synthetic,1,15,0,15,TEMPERATURE,0,0.78353894,1
audio/train_006688_group_synthetic_TEMPERATURE_18_s26_v2_noisy.wav,TEMPERATURE,18 degrees,Change the temperature to 18 degrees,60,s26,Synthetic,1,15,0,15,TEMPERATURE,0,0.992182,1
audio/train_006696_group_synthetic_TEMPERATURE_18_s38_v2_noisy.wav,TEMPERATURE,18 degrees,Change the temperature to 18 degrees,60,s38,Synthetic,1,15,0,15,TEMPERATURE,0,0.9972932,1
audio/train_006704_group_synthetic_TEMPERATURE_18_s67_v2_clean.wav,TEMPERATURE,18 degrees,Change the temperature to 18 degrees,60,s67,Synthetic,1,15,0,15,TEMPERATURE,0,0.8715647,1
audio/train_006707_group_synthetic_TEMPERATURE_18_s74_v2_clean.wav,TEMPERATURE,18 degrees,Change the temperature to 18 degrees,60,s74,Synthetic,1,15,0,15,TEMPERATURE,0,0.94951487,1
audio/train_006714_group_synthetic_TEMPERATURE_18_s80_v2_noisy.wav,TEMPERATURE,18 degrees,Change the temperature to 18 degrees,60,s80,Synthetic,1,15,0,19,OUT_OF_SCOPE,-1,0.630503,0
audio/train_006730_group_synthetic_TEMPERATURE_18_s88_v2_clean.wav,TEMPERATURE,18 degrees,Change the temperature to 18 degrees,60,s88,Synthetic,1,15,0,15,TEMPERATURE,0,0.98876345,1
audio/train_006733_group_synthetic_TEMPERATURE_18_s18_v2_noisy.wav,TEMPERATURE,18 degrees,Change the temperature to 18 degrees,60,s18,Synthetic,1,15,0,15,TEMPERATURE,0,0.6339574,1
audio/train_006737_group_synthetic_TEMPERATURE_18_s72_v2_clean.wav,TEMPERATURE,18 degrees,Change the temperature to 18 degrees,60,s72,Synthetic,1,15,0,15,TEMPERATURE,0,0.77234817,1
audio/train_006758_group_synthetic_TEMPERATURE_18_s80_v2_clean.wav,TEMPERATURE,18 degrees,Change the temperature to 18 degrees,60,s80,Synthetic,1,15,0,19,OUT_OF_SCOPE,-1,0.7304712,0
audio/train_006759_group_synthetic_TEMPERATURE_18_s74_v2_noisy.wav,TEMPERATURE,18 degrees,Change the temperature to 18 degrees,60,s74,Synthetic,1,15,0,15,TEMPERATURE,0,0.9405834,1
audio/train_006764_group_synthetic_TEMPERATURE_18_s67_v2_noisy.wav,TEMPERATURE,18 degrees,Change the temperature to 18 degrees,60,s67,Synthetic,1,15,0,15,TEMPERATURE,0,0.87624335,1
audio/train_006773_group_synthetic_TEMPERATURE_22_s30_v2_noisy.wav,TEMPERATURE,22 degrees,Change the temperature to 22 degrees,61,s30,Synthetic,1,15,1,15,TEMPERATURE,1,0.982961,1
audio/train_006782_group_synthetic_TEMPERATURE_22_s18_v2_clean.wav,TEMPERATURE,22 degrees,Change the temperature to 22 degrees,61,s18,Synthetic,1,15,1,15,TEMPERATURE,1,0.98461133,1
audio/train_006794_group_synthetic_TEMPERATURE_22_s26_v2_clean.wav,TEMPERATURE,22 degrees,Change the temperature to 22 degrees,61,s26,Synthetic,1,15,1,15,TEMPERATURE,1,0.99454534,1
audio/train_006814_group_synthetic_TEMPERATURE_22_s88_v2_clean.wav,TEMPERATURE,22 degrees,Change the temperature to 22 degrees,61,s88,Synthetic,1,15,1,15,TEMPERATURE,1,0.9520363,1
audio/train_006815_group_synthetic_TEMPERATURE_22_s80_v2_clean.wav,TEMPERATURE,22 degrees,Change the temperature to 22 degrees,61,s80,Synthetic,1,15,1,15,TEMPERATURE,1,0.91541785,1
audio/train_006827_group_synthetic_TEMPERATURE_22_s74_v2_noisy.wav,TEMPERATURE,22 degrees,Change the temperature to 22 degrees,61,s74,Synthetic,1,15,1,15,TEMPERATURE,0,0.5948654,0
audio/train_006832_group_synthetic_TEMPERATURE_22_s82_v2_noisy.wav,TEMPERATURE,22 degrees,Change the temperature to 22 degrees,61,s82,Synthetic,1,15,1,15,TEMPERATURE,1,0.9802848,1
audio/train_006836_group_synthetic_TEMPERATURE_22_s38_v2_clean.wav,TEMPERATURE,22 degrees,Change the temperature to 22 degrees,61,s38,Synthetic,1,15,1,15,TEMPERATURE,1,0.98570526,1
audio/train_006837_group_synthetic_TEMPERATURE_22_s67_v2_clean.wav,TEMPERATURE,22 degrees,Change the temperature to 22 degrees,61,s67,Synthetic,1,15,1,15,TEMPERATURE,1,0.9787063,1
audio/train_006838_group_synthetic_TEMPERATURE_22_s72_v2_noisy.wav,TEMPERATURE,22 degrees,Change the temperature to 22 degrees,61,s72,Synthetic,1,15,1,15,TEMPERATURE,0,0.9361259,0
audio/train_006849_group_synthetic_TEMPERATURE_22_s18_v2_noisy.wav,TEMPERATURE,22 degrees,Change the temperature to 22 degrees,61,s18,Synthetic,1,15,1,15,TEMPERATURE,1,0.98857915,1
audio/train_006853_group_synthetic_TEMPERATURE_22_s30_v2_clean.wav,TEMPERATURE,22 degrees,Change the temperature to 22 degrees,61,s30,Synthetic,1,15,1,15,TEMPERATURE,1,0.9772503,1
audio/train_006865_group_synthetic_TEMPERATURE_22_s80_v2_noisy.wav,TEMPERATURE,22 degrees,Change the temperature to 22 degrees,61,s80,Synthetic,1,15,1,15,TEMPERATURE,1,0.91992515,1
audio/train_006869_group_synthetic_TEMPERATURE_22_s88_v2_noisy.wav,TEMPERATURE,22 degrees,Change the temperature to 22 degrees,61,s88,Synthetic,1,15,1,15,TEMPERATURE,1,0.9296071,1
audio/train_006889_group_synthetic_TEMPERATURE_26_s67_v2_clean.wav,TEMPERATURE,26 degrees,Change the temperature to 26 degrees,62,s67,Synthetic,1,15,2,15,TEMPERATURE,2,0.7159035,1
audio/train_006895_group_synthetic_TEMPERATURE_26_s26_v2_noisy.wav,TEMPERATURE,26 degrees,Change the temperature to 26 degrees,62,s26,Synthetic,1,15,2,15,TEMPERATURE,2,0.9920838,1
audio/train_006900_group_synthetic_TEMPERATURE_26_s82_v2_clean.wav,TEMPERATURE,26 degrees,Change the temperature to 26 degrees,62,s82,Synthetic,1,15,2,15,TEMPERATURE,2,0.97490215,1
audio/train_006925_group_synthetic_TEMPERATURE_26_s38_v2_noisy.wav,TEMPERATURE,26 degrees,Change the temperature to 26 degrees,62,s38,Synthetic,1,15,2,15,TEMPERATURE,2,0.99079996,1
audio/train_006936_group_synthetic_TEMPERATURE_26_s88_v2_noisy.wav,TEMPERATURE,26 degrees,Change the temperature to 26 degrees,62,s88,Synthetic,1,15,2,15,TEMPERATURE,2,0.91294354,1
audio/train_006938_group_synthetic_TEMPERATURE_26_s80_v2_clean.wav,TEMPERATURE,26 degrees,Change the temperature to 26 degrees,62,s80,Synthetic,1,15,2,15,TEMPERATURE,2,0.7543167,1
audio/train_006941_group_synthetic_TEMPERATURE_26_s72_v2_noisy.wav,TEMPERATURE,26 degrees,Change the temperature to 26 degrees,62,s72,Synthetic,1,15,2,15,TEMPERATURE,2,0.86741966,1
audio/train_006945_group_synthetic_TEMPERATURE_26_s18_v2_clean.wav,TEMPERATURE,26 degrees,Change the temperature to 26 degrees,62,s18,Synthetic,1,15,2,15,TEMPERATURE,2,0.922043,1
audio/train_006948_group_synthetic_TEMPERATURE_26_s30_v2_clean.wav,TEMPERATURE,26 degrees,Change the temperature to 26 degrees,62,s30,Synthetic,1,15,2,15,TEMPERATURE,2,0.9648551,1
audio/train_006951_group_synthetic_TEMPERATURE_26_s74_v2_clean.wav,TEMPERATURE,26 degrees,Change the temperature to 26 degrees,62,s74,Synthetic,1,15,2,15,TEMPERATURE,0,0.62629855,0
audio/train_006963_group_synthetic_TEMPERATURE_26_s67_v2_noisy.wav,TEMPERATURE,26 degrees,Change the temperature to 26 degrees,62,s67,Synthetic,1,15,2,15,TEMPERATURE,2,0.75357574,1
audio/train_006969_group_synthetic_TEMPERATURE_26_s82_v2_noisy.wav,TEMPERATURE,26 degrees,Change the temperature to 26 degrees,62,s82,Synthetic,1,15,2,15,TEMPERATURE,2,0.978019,1
audio/train_006970_group_synthetic_TEMPERATURE_26_s88_v2_clean.wav,TEMPERATURE,26 degrees,Change the temperature to 26 degrees,62,s88,Synthetic,1,15,2,15,TEMPERATURE,2,0.87709814,1
audio/train_006975_group_synthetic_TEMPERATURE_26_s80_v2_noisy.wav,TEMPERATURE,26 degrees,Change the temperature to 26 degrees,62,s80,Synthetic,1,15,2,15,TEMPERATURE,2,0.8182382,1
audio/train_006983_group_synthetic_TEMPERATURE_26_s18_v2_noisy.wav,TEMPERATURE,26 degrees,Change the temperature to 26 degrees,62,s18,Synthetic,1,15,2,15,TEMPERATURE,2,0.9296751,1
audio/train_006984_group_synthetic_TEMPERATURE_26_s72_v2_clean.wav,TEMPERATURE,26 degrees,Change the temperature to 26 degrees,62,s72,Synthetic,1,15,2,15,TEMPERATURE,2,0.8797172,1
audio/train_006985_group_synthetic_TEMPERATURE_26_s26_v2_clean.wav,TEMPERATURE,26 degrees,Change the temperature to 26 degrees,62,s26,Synthetic,1,15,2,15,TEMPERATURE,2,0.9839559,1
audio/train_007011_group_synthetic_TEMPERATURE_18_s74_v3_noisy.wav,TEMPERATURE,18 degrees,Set the temperature to 18 degrees,63,s74,Synthetic,1,15,0,15,TEMPERATURE,0,0.60077417,1
audio/train_007041_group_synthetic_TEMPERATURE_18_s72_v3_clean.wav,TEMPERATURE,18 degrees,Set the temperature to 18 degrees,63,s72,Synthetic,1,15,0,15,TEMPERATURE,0,0.75807697,1
audio/train_007044_group_synthetic_TEMPERATURE_18_s30_v3_clean.wav,TEMPERATURE,18 degrees,Set the temperature to 18 degrees,63,s30,Synthetic,1,15,0,15,TEMPERATURE,0,0.9781254,1
audio/train_007046_group_synthetic_TEMPERATURE_18_s67_v3_noisy.wav,TEMPERATURE,18 degrees,Set the temperature to 18 degrees,63,s67,Synthetic,1,15,0,15,TEMPERATURE,0,0.9907051,1
audio/train_007050_group_synthetic_TEMPERATURE_18_s88_v3_clean.wav,TEMPERATURE,18 degrees,Set the temperature to 18 degrees,63,s88,Synthetic,1,15,0,15,TEMPERATURE,0,0.97949344,1
audio/train_007052_group_synthetic_TEMPERATURE_18_s26_v3_noisy.wav,TEMPERATURE,18 degrees,Set the temperature to 18 degrees,63,s26,Synthetic,1,15,0,15,TEMPERATURE,0,0.9958454,1
audio/train_007061_group_synthetic_TEMPERATURE_18_s82_v3_clean.wav,TEMPERATURE,18 degrees,Set the temperature to 18 degrees,63,s82,Synthetic,1,15,0,15,TEMPERATURE,0,0.9926219,1
audio/train_007063_group_synthetic_TEMPERATURE_18_s38_v3_noisy.wav,TEMPERATURE,18 degrees,Set the temperature to 18 degrees,63,s38,Synthetic,1,15,0,15,TEMPERATURE,0,0.997503,1
audio/train_007067_group_synthetic_TEMPERATURE_18_s80_v3_noisy.wav,TEMPERATURE,18 degrees,Set the temperature to 18 degrees,63,s80,Synthetic,1,15,0,15,TEMPERATURE,0,0.90814537,1
audio/train_007076_group_synthetic_TEMPERATURE_18_s18_v3_clean.wav,TEMPERATURE,18 degrees,Set the temperature to 18 degrees,63,s18,Synthetic,1,15,0,15,TEMPERATURE,0,0.9713202,1
audio/train_007084_group_synthetic_TEMPERATURE_18_s30_v3_noisy.wav,TEMPERATURE,18 degrees,Set the temperature to 18 degrees,63,s30,Synthetic,1,15,0,15,TEMPERATURE,0,0.98145264,1
audio/train_007088_group_synthetic_TEMPERATURE_18_s88_v3_noisy.wav,TEMPERATURE,18 degrees,Set the temperature to 18 degrees,63,s88,Synthetic,1,15,0,15,TEMPERATURE,0,0.9802617,1
audio/train_007091_group_synthetic_TEMPERATURE_18_s74_v3_clean.wav,TEMPERATURE,18 degrees,Set the temperature to 18 degrees,63,s74,Synthetic,1,15,0,15,TEMPERATURE,0,0.6798024,1
audio/train_007135_group_synthetic_TEMPERATURE_22_s74_v3_clean.wav,TEMPERATURE,22 degrees,Set the temperature to 22 degrees,64,s74,Synthetic,1,15,1,15,TEMPERATURE,1,0.97135377,1
audio/train_007140_group_synthetic_TEMPERATURE_22_s30_v3_noisy.wav,TEMPERATURE,22 degrees,Set the temperature to 22 degrees,64,s30,Synthetic,1,15,1,15,TEMPERATURE,1,0.988884,1
audio/train_007145_group_synthetic_TEMPERATURE_22_s67_v3_clean.wav,TEMPERATURE,22 degrees,Set the temperature to 22 degrees,64,s67,Synthetic,1,15,1,15,TEMPERATURE,1,0.9657349,1
audio/train_007149_group_synthetic_TEMPERATURE_22_s18_v3_noisy.wav,TEMPERATURE,22 degrees,Set the temperature to 22 degrees,64,s18,Synthetic,1,15,1,15,TEMPERATURE,1,0.9841558,1
audio/train_007161_group_synthetic_TEMPERATURE_22_s72_v3_noisy.wav,TEMPERATURE,22 degrees,Set the temperature to 22 degrees,64,s72,Synthetic,1,15,1,15,TEMPERATURE,0,0.92012566,0
audio/train_007163_group_synthetic_TEMPERATURE_22_s82_v3_clean.wav,TEMPERATURE,22 degrees,Set the temperature to 22 degrees,64,s82,Synthetic,1,15,1,15,TEMPERATURE,1,0.99342114,1
audio/train_007172_group_synthetic_TEMPERATURE_22_s26_v3_clean.wav,TEMPERATURE,22 degrees,Set the temperature to 22 degrees,64,s26,Synthetic,1,15,1,15,TEMPERATURE,1,0.99703693,1
audio/train_007185_group_synthetic_TEMPERATURE_22_s38_v3_clean.wav,TEMPERATURE,22 degrees,Set the temperature to 22 degrees,64,s38,Synthetic,1,15,1,15,TEMPERATURE,1,0.9964952,1
audio/train_007190_group_synthetic_TEMPERATURE_22_s88_v3_noisy.wav,TEMPERATURE,22 degrees,Set the temperature to 22 degrees,64,s88,Synthetic,1,15,1,15,TEMPERATURE,1,0.97071403,1
audio/train_007198_group_synthetic_TEMPERATURE_22_s80_v3_noisy.wav,TEMPERATURE,22 degrees,Set the temperature to 22 degrees,64,s80,Synthetic,1,15,1,15,TEMPERATURE,1,0.8894144,1
audio/train_007202_group_synthetic_TEMPERATURE_22_s18_v3_clean.wav,TEMPERATURE,22 degrees,Set the temperature to 22 degrees,64,s18,Synthetic,1,15,1,15,TEMPERATURE,1,0.9830293,1
audio/train_007205_group_synthetic_TEMPERATURE_22_s30_v3_clean.wav,TEMPERATURE,22 degrees,Set the temperature to 22 degrees,64,s30,Synthetic,1,15,1,15,TEMPERATURE,1,0.98596364,1
audio/train_007209_group_synthetic_TEMPERATURE_22_s74_v3_noisy.wav,TEMPERATURE,22 degrees,Set the temperature to 22 degrees,64,s74,Synthetic,1,15,1,15,TEMPERATURE,1,0.9443098,1
audio/train_007211_group_synthetic_TEMPERATURE_22_s67_v3_noisy.wav,TEMPERATURE,22 degrees,Set the temperature to 22 degrees,64,s67,Synthetic,1,15,1,15,TEMPERATURE,1,0.9768275,1
audio/train_007214_group_synthetic_TEMPERATURE_22_s72_v3_clean.wav,TEMPERATURE,22 degrees,Set the temperature to 22 degrees,64,s72,Synthetic,1,15,1,15,TEMPERATURE,0,0.92002946,0
audio/train_007237_group_synthetic_TEMPERATURE_26_s72_v3_clean.wav,TEMPERATURE,26 degrees,Set the temperature to 26 degrees,65,s72,Synthetic,1,15,2,15,TEMPERATURE,2,0.8759956,1
audio/train_007243_group_synthetic_TEMPERATURE_26_s80_v3_clean.wav,TEMPERATURE,26 degrees,Set the temperature to 26 degrees,65,s80,Synthetic,1,15,2,15,TEMPERATURE,2,0.8530686,1
audio/train_007250_group_synthetic_TEMPERATURE_26_s30_v3_clean.wav,TEMPERATURE,26 degrees,Set the temperature to 26 degrees,65,s30,Synthetic,1,15,2,15,TEMPERATURE,2,0.97761315,1
audio/train_007255_group_synthetic_TEMPERATURE_26_s88_v3_noisy.wav,TEMPERATURE,26 degrees,Set the temperature to 26 degrees,65,s88,Synthetic,1,15,2,15,TEMPERATURE,2,0.9723784,1
audio/train_007272_group_synthetic_TEMPERATURE_26_s18_v3_clean.wav,TEMPERATURE,26 degrees,Set the temperature to 26 degrees,65,s18,Synthetic,1,15,2,15,TEMPERATURE,2,0.91764164,1
audio/train_007283_group_synthetic_TEMPERATURE_26_s26_v3_noisy.wav,TEMPERATURE,26 degrees,Set the temperature to 26 degrees,65,s26,Synthetic,1,15,2,15,TEMPERATURE,2,0.99255,1
audio/train_007291_group_synthetic_TEMPERATURE_26_s38_v3_clean.wav,TEMPERATURE,26 degrees,Set the temperature to 26 degrees,65,s38,Synthetic,1,15,2,15,TEMPERATURE,2,0.99075633,1
audio/train_007292_group_synthetic_TEMPERATURE_26_s82_v3_clean.wav,TEMPERATURE,26 degrees,Set the temperature to 26 degrees,65,s82,Synthetic,1,15,2,15,TEMPERATURE,2,0.9765925,1
audio/train_007294_group_synthetic_TEMPERATURE_26_s67_v3_clean.wav,TEMPERATURE,26 degrees,Set the temperature to 26 degrees,65,s67,Synthetic,1,15,2,15,TEMPERATURE,2,0.91330653,1
audio/train_007300_group_synthetic_TEMPERATURE_26_s74_v3_clean.wav,TEMPERATURE,26 degrees,Set the temperature to 26 degrees,65,s74,Synthetic,1,15,2,15,TEMPERATURE,2,0.7075934,1
audio/train_007313_group_synthetic_TEMPERATURE_26_s26_v3_clean.wav,TEMPERATURE,26 degrees,Set the temperature to 26 degrees,65,s26,Synthetic,1,15,2,15,TEMPERATURE,2,0.99227446,1
audio/train_007316_group_synthetic_TEMPERATURE_26_s18_v3_noisy.wav,TEMPERATURE,26 degrees,Set the temperature to 26 degrees,65,s18,Synthetic,1,15,2,15,TEMPERATURE,2,0.9229815,1
audio/train_007325_group_synthetic_TEMPERATURE_26_s30_v3_noisy.wav,TEMPERATURE,26 degrees,Set the temperature to 26 degrees,65,s30,Synthetic,1,15,2,15,TEMPERATURE,2,0.97794265,1
audio/train_007348_group_synthetic_BRIGHTNESS_20_s74_v1_noisy.wav,BRIGHTNESS,20 percent,Brightness 20 percent,66,s74,Synthetic,1,16,0,16,BRIGHTNESS,2,0.9811426,0
audio/train_007357_group_synthetic_BRIGHTNESS_20_s80_v1_noisy.wav,BRIGHTNESS,20 percent,Brightness 20 percent,66,s80,Synthetic,1,16,0,16,BRIGHTNESS,2,0.42557925,0
audio/train_007362_group_synthetic_BRIGHTNESS_20_s67_v1_noisy.wav,BRIGHTNESS,20 percent,Brightness 20 percent,66,s67,Synthetic,1,16,0,16,BRIGHTNESS,0,0.9959902,1
audio/train_007363_group_synthetic_BRIGHTNESS_20_s26_v1_clean.wav,BRIGHTNESS,20 percent,Brightness 20 percent,66,s26,Synthetic,1,16,0,16,BRIGHTNESS,0,0.9890008,1
audio/train_007371_group_synthetic_BRIGHTNESS_20_s30_v1_clean.wav,BRIGHTNESS,20 percent,Brightness 20 percent,66,s30,Synthetic,1,16,0,16,BRIGHTNESS,0,0.97231436,1
audio/train_007376_group_synthetic_BRIGHTNESS_20_s72_v1_clean.wav,BRIGHTNESS,20 percent,Brightness 20 percent,66,s72,Synthetic,1,16,0,16,BRIGHTNESS,0,0.9881253,1
audio/train_007377_group_synthetic_BRIGHTNESS_20_s88_v1_clean.wav,BRIGHTNESS,20 percent,Brightness 20 percent,66,s88,Synthetic,1,16,0,16,BRIGHTNESS,0,0.85141623,1
audio/train_007393_group_synthetic_BRIGHTNESS_20_s18_v1_clean.wav,BRIGHTNESS,20 percent,Brightness 20 percent,66,s18,Synthetic,1,16,0,16,BRIGHTNESS,0,0.9839797,1
audio/train_007394_group_synthetic_BRIGHTNESS_20_s82_v1_noisy.wav,BRIGHTNESS,20 percent,Brightness 20 percent,66,s82,Synthetic,1,16,0,16,BRIGHTNESS,0,0.99009866,1
audio/train_007395_group_synthetic_BRIGHTNESS_20_s38_v1_clean.wav,BRIGHTNESS,20 percent,Brightness 20 percent,66,s38,Synthetic,1,16,0,16,BRIGHTNESS,0,0.9483711,1
audio/train_007417_group_synthetic_BRIGHTNESS_20_s26_v1_noisy.wav,BRIGHTNESS,20 percent,Brightness 20 percent,66,s26,Synthetic,1,16,0,16,BRIGHTNESS,0,0.9909995,1
audio/train_007419_group_synthetic_BRIGHTNESS_20_s72_v1_noisy.wav,BRIGHTNESS,20 percent,Brightness 20 percent,66,s72,Synthetic,1,16,0,16,BRIGHTNESS,0,0.9919212,1
audio/train_007420_group_synthetic_BRIGHTNESS_20_s30_v1_noisy.wav,BRIGHTNESS,20 percent,Brightness 20 percent,66,s30,Synthetic,1,16,0,16,BRIGHTNESS,0,0.967196,1
audio/train_007422_group_synthetic_BRIGHTNESS_20_s74_v1_clean.wav,BRIGHTNESS,20 percent,Brightness 20 percent,66,s74,Synthetic,1,16,0,16,BRIGHTNESS,2,0.9678677,0
audio/train_007425_group_synthetic_BRIGHTNESS_20_s67_v1_clean.wav,BRIGHTNESS,20 percent,Brightness 20 percent,66,s67,Synthetic,1,16,0,16,BRIGHTNESS,0,0.98734796,1
audio/train_007442_group_synthetic_BRIGHTNESS_60_s74_v1_clean.wav,BRIGHTNESS,60 percent,Brightness 60 percent,67,s74,Synthetic,1,16,1,16,BRIGHTNESS,1,0.9290057,1
audio/train_007444_group_synthetic_BRIGHTNESS_60_s18_v1_clean.wav,BRIGHTNESS,60 percent,Brightness 60 percent,67,s18,Synthetic,1,16,1,16,BRIGHTNESS,1,0.95994335,1
audio/train_007449_group_synthetic_BRIGHTNESS_60_s80_v1_noisy.wav,BRIGHTNESS,60 percent,Brightness 60 percent,67,s80,Synthetic,1,16,1,16,BRIGHTNESS,1,0.8819716,1
audio/train_007452_group_synthetic_BRIGHTNESS_60_s26_v1_clean.wav,BRIGHTNESS,60 percent,Brightness 60 percent,67,s26,Synthetic,1,16,1,16,BRIGHTNESS,1,0.99228925,1
audio/train_007455_group_synthetic_BRIGHTNESS_60_s82_v1_noisy.wav,BRIGHTNESS,60 percent,Brightness 60 percent,67,s82,Synthetic,1,16,1,16,BRIGHTNESS,1,0.98203665,1
audio/train_007463_group_synthetic_BRIGHTNESS_60_s30_v1_clean.wav,BRIGHTNESS,60 percent,Brightness 60 percent,67,s30,Synthetic,1,16,1,16,BRIGHTNESS,1,0.9482479,1
audio/train_007467_group_synthetic_BRIGHTNESS_60_s67_v1_noisy.wav,BRIGHTNESS,60 percent,Brightness 60 percent,67,s67,Synthetic,1,16,1,16,BRIGHTNESS,1,0.9688843,1
audio/train_007483_group_synthetic_BRIGHTNESS_60_s72_v1_noisy.wav,BRIGHTNESS,60 percent,Brightness 60 percent,67,s72,Synthetic,1,16,1,16,BRIGHTNESS,1,0.99210525,1
audio/train_007492_group_synthetic_BRIGHTNESS_60_s88_v1_clean.wav,BRIGHTNESS,60 percent,Brightness 60 percent,67,s88,Synthetic,1,16,1,16,BRIGHTNESS,1,0.6756077,1
audio/train_007498_group_synthetic_BRIGHTNESS_60_s38_v1_noisy.wav,BRIGHTNESS,60 percent,Brightness 60 percent,67,s38,Synthetic,1,16,1,16,BRIGHTNESS,1,0.99430615,1
audio/train_007515_group_synthetic_BRIGHTNESS_60_s67_v1_clean.wav,BRIGHTNESS,60 percent,Brightness 60 percent,67,s67,Synthetic,1,16,1,16,BRIGHTNESS,1,0.9754326,1
audio/train_007518_group_synthetic_BRIGHTNESS_60_s80_v1_clean.wav,BRIGHTNESS,60 percent,Brightness 60 percent,67,s80,Synthetic,1,16,1,16,BRIGHTNESS,1,0.9315759,1
audio/train_007526_group_synthetic_BRIGHTNESS_60_s72_v1_clean.wav,BRIGHTNESS,60 percent,Brightness 60 percent,67,s72,Synthetic,1,16,1,16,BRIGHTNESS,1,0.98941016,1
audio/train_007527_group_synthetic_BRIGHTNESS_60_s74_v1_noisy.wav,BRIGHTNESS,60 percent,Brightness 60 percent,67,s74,Synthetic,1,16,1,16,BRIGHTNESS,1,0.941902,1
audio/train_007528_group_synthetic_BRIGHTNESS_60_s18_v1_noisy.wav,BRIGHTNESS,60 percent,Brightness 60 percent,67,s18,Synthetic,1,16,1,16,BRIGHTNESS,1,0.96203834,1
audio/train_007543_group_synthetic_BRIGHTNESS_60_s82_v1_clean.wav,BRIGHTNESS,60 percent,Brightness 60 percent,67,s82,Synthetic,1,16,1,16,BRIGHTNESS,1,0.94383925,1
audio/train_007545_group_synthetic_BRIGHTNESS_60_s88_v1_noisy.wav,BRIGHTNESS,60 percent,Brightness 60 percent,67,s88,Synthetic,1,16,1,16,BRIGHTNESS,1,0.67012537,1
audio/train_007546_group_synthetic_BRIGHTNESS_60_s30_v1_noisy.wav,BRIGHTNESS,60 percent,Brightness 60 percent,67,s30,Synthetic,1,16,1,16,BRIGHTNESS,1,0.98222613,1
audio/train_007555_group_synthetic_BRIGHTNESS_100_s72_v1_clean.wav,BRIGHTNESS,100 percent,Brightness 100 percent,68,s72,Synthetic,1,16,2,16,BRIGHTNESS,2,0.870984,1
audio/train_007565_group_synthetic_BRIGHTNESS_100_s80_v1_clean.wav,BRIGHTNESS,100 percent,Brightness 100 percent,68,s80,Synthetic,1,16,2,16,BRIGHTNESS,2,0.34842128,1
audio/train_007573_group_synthetic_BRIGHTNESS_100_s74_v1_clean.wav,BRIGHTNESS,100 percent,Brightness 100 percent,68,s74,Synthetic,1,16,2,16,BRIGHTNESS,2,0.9678409,1
audio/train_007576_group_synthetic_BRIGHTNESS_100_s88_v1_clean.wav,BRIGHTNESS,100 percent,Brightness 100 percent,68,s88,Synthetic,1,16,2,16,BRIGHTNESS,2,0.9881342,1
audio/train_007583_group_synthetic_BRIGHTNESS_100_s38_v1_clean.wav,BRIGHTNESS,100 percent,Brightness 100 percent,68,s38,Synthetic,1,16,2,16,BRIGHTNESS,2,0.8462443,1
audio/train_007586_group_synthetic_BRIGHTNESS_100_s82_v1_clean.wav,BRIGHTNESS,100 percent,Brightness 100 percent,68,s82,Synthetic,1,16,2,16,BRIGHTNESS,2,0.9220106,1
audio/train_007590_group_synthetic_BRIGHTNESS_100_s26_v1_noisy.wav,BRIGHTNESS,100 percent,Brightness 100 percent,68,s26,Synthetic,1,16,2,16,BRIGHTNESS,2,0.97019714,1
audio/train_007598_group_synthetic_BRIGHTNESS_100_s67_v1_clean.wav,BRIGHTNESS,100 percent,Brightness 100 percent,68,s67,Synthetic,1,16,2,16,BRIGHTNESS,2,0.9858187,1
audio/train_007601_group_synthetic_BRIGHTNESS_100_s18_v1_noisy.wav,BRIGHTNESS,100 percent,Brightness 100 percent,68,s18,Synthetic,1,16,2,16,BRIGHTNESS,2,0.9655195,1
audio/train_007604_group_synthetic_BRIGHTNESS_100_s30_v1_clean.wav,BRIGHTNESS,100 percent,Brightness 100 percent,68,s30,Synthetic,1,16,2,16,BRIGHTNESS,2,0.99075013,1
audio/train_007626_group_synthetic_BRIGHTNESS_100_s74_v1_noisy.wav,BRIGHTNESS,100 percent,Brightness 100 percent,68,s74,Synthetic,1,16,2,16,BRIGHTNESS,2,0.97641164,1
audio/train_007627_group_synthetic_BRIGHTNESS_100_s80_v1_noisy.wav,BRIGHTNESS,100 percent,Brightness 100 percent,68,s80,Synthetic,1,16,2,16,BRIGHTNESS,2,0.41079882,1
audio/train_007634_group_synthetic_BRIGHTNESS_100_s67_v1_noisy.wav,BRIGHTNESS,100 percent,Brightness 100 percent,68,s67,Synthetic,1,16,2,16,BRIGHTNESS,2,0.98619986,1
audio/train_007639_group_synthetic_BRIGHTNESS_100_s82_v1_noisy.wav,BRIGHTNESS,100 percent,Brightness 100 percent,68,s82,Synthetic,1,16,2,16,BRIGHTNESS,2,0.95393384,1
audio/train_007643_group_synthetic_BRIGHTNESS_100_s30_v1_noisy.wav,BRIGHTNESS,100 percent,Brightness 100 percent,68,s30,Synthetic,1,16,2,16,BRIGHTNESS,2,0.99505156,1
audio/train_007646_group_synthetic_BRIGHTNESS_100_s26_v1_clean.wav,BRIGHTNESS,100 percent,Brightness 100 percent,68,s26,Synthetic,1,16,2,16,BRIGHTNESS,2,0.96133906,1
audio/train_007652_group_synthetic_BRIGHTNESS_100_s18_v1_clean.wav,BRIGHTNESS,100 percent,Brightness 100 percent,68,s18,Synthetic,1,16,2,16,BRIGHTNESS,2,0.9563123,1
audio/train_007674_SLURP_slurp_train_20_3577_train-00001-.wav,BRIGHTNESS,20 percent,Adjust brightness to 20 percent,69,FO-462,Other / non-native,0,16,0,16,BRIGHTNESS,0,0.2684486,1
audio/train_007675_SNIPS_snips_smart-lights_3055_far.wav,BRIGHTNESS,20 percent,Adjust brightness to 20 percent,69,9294d77a-9d94-4903-a978-af94ab79c0d9,Other Asian English,0,16,0,19,OUT_OF_SCOPE,-1,0.85089433,0
audio/train_007684_SLURP_slurp_train_313_7911_train-00002-.wav,BRIGHTNESS,20 percent,Adjust brightness to 20 percent,69,FO-462,Other / non-native,0,16,0,9,TIME,-1,0.286972,0
audio/train_007685_SNIPS_snips_smart-lights_1384_close.wav,BRIGHTNESS,20 percent,Adjust brightness to 20 percent,69,9294d77a-9d94-4903-a978-af94ab79c0d9,Other Asian English,0,16,0,19,OUT_OF_SCOPE,-1,0.80926675,0
audio/train_007687_SLURP_slurp_train_313_7908_train-00002-.wav,BRIGHTNESS,20 percent,Adjust brightness to 20 percent,69,FO-462,Other / non-native,0,16,0,16,BRIGHTNESS,0,0.6793253,1
audio/train_007688_SNIPS_snips_smart-lights_3244_far.wav,BRIGHTNESS,20 percent,Adjust brightness to 20 percent,69,9294d77a-9d94-4903-a978-af94ab79c0d9,Other Asian English,0,16,0,19,OUT_OF_SCOPE,-1,0.515331,0
audio/train_007692_SNIPS_snips_smart-lights_1573_close.wav,BRIGHTNESS,20 percent,Adjust brightness to 20 percent,69,9294d77a-9d94-4903-a978-af94ab79c0d9,Other Asian English,0,16,0,19,OUT_OF_SCOPE,-1,0.73128533,0
audio/train_007705_SLURP_slurp_train_20_3576_train-00001-.wav,BRIGHTNESS,20 percent,Adjust brightness to 20 percent,69,FO-462,Other / non-native,0,16,0,16,BRIGHTNESS,0,0.38788772,1
audio/train_007707_SLURP_slurp_train_313_7910_train-00002-.wav,BRIGHTNESS,20 percent,Adjust brightness to 20 percent,69,FO-462,Other / non-native,0,16,0,16,BRIGHTNESS,0,0.73468965,1
audio/train_007708_SLURP_slurp_train_313_7909_train-00002-.wav,BRIGHTNESS,20 percent,Adjust brightness to 20 percent,69,FO-462,Other / non-native,0,16,0,9,TIME,-1,0.2240525,0
audio/train_007709_SNIPS_snips_smart-lights_2223_far.wav,BRIGHTNESS,20 percent,Adjust brightness to 20 percent,69,143921a6-6caa-417f-bd7e-2732023270c1,Native English,0,16,0,15,TEMPERATURE,2,0.40003717,0
audio/train_007714_SLURP_slurp_train_20_3573_train-00001-.wav,BRIGHTNESS,20 percent,Adjust brightness to 20 percent,69,FE-249,Native English,0,16,0,16,BRIGHTNESS,0,0.9636249,1
audio/train_007729_group_synthetic_BRIGHTNESS_20_s18_v2_noisy.wav,BRIGHTNESS,20 percent,Adjust brightness to 20 percent,69,s18,Synthetic,1,16,0,16,BRIGHTNESS,0,0.9702551,1
audio/train_007731_group_synthetic_BRIGHTNESS_20_s82_v2_noisy.wav,BRIGHTNESS,20 percent,Adjust brightness to 20 percent,69,s82,Synthetic,1,16,0,16,BRIGHTNESS,0,0.96307427,1
audio/train_007734_group_synthetic_BRIGHTNESS_20_s26_v2_noisy.wav,BRIGHTNESS,20 percent,Adjust brightness to 20 percent,69,s26,Synthetic,1,16,0,16,BRIGHTNESS,0,0.92160416,1
audio/train_007737_group_synthetic_BRIGHTNESS_20_s88_v2_clean.wav,BRIGHTNESS,20 percent,Adjust brightness to 20 percent,69,s88,Synthetic,1,16,0,16,BRIGHTNESS,0,0.91170245,1
audio/train_007738_group_synthetic_BRIGHTNESS_20_s67_v2_clean.wav,BRIGHTNESS,20 percent,Adjust brightness to 20 percent,69,s67,Synthetic,1,16,0,16,BRIGHTNESS,0,0.9805551,1
audio/train_007749_group_synthetic_BRIGHTNESS_20_s72_v2_noisy.wav,BRIGHTNESS,20 percent,Adjust brightness to 20 percent,69,s72,Synthetic,1,16,0,16,BRIGHTNESS,2,0.948935,0
audio/train_007762_group_synthetic_BRIGHTNESS_20_s38_v2_clean.wav,BRIGHTNESS,20 percent,Adjust brightness to 20 percent,69,s38,Synthetic,1,16,0,16,BRIGHTNESS,0,0.9694323,1
audio/train_007765_group_synthetic_BRIGHTNESS_20_s30_v2_noisy.wav,BRIGHTNESS,20 percent,Adjust brightness to 20 percent,69,s30,Synthetic,1,16,0,16,BRIGHTNESS,0,0.9866129,1
audio/train_007766_group_synthetic_BRIGHTNESS_20_s80_v2_clean.wav,BRIGHTNESS,20 percent,Adjust brightness to 20 percent,69,s80,Synthetic,1,16,0,16,BRIGHTNESS,2,0.82305914,0
audio/train_007771_group_synthetic_BRIGHTNESS_60_s72_v2_clean.wav,BRIGHTNESS,60 percent,Adjust brightness to 60 percent,70,s72,Synthetic,1,16,1,16,BRIGHTNESS,1,0.9286673,1
audio/train_007782_group_synthetic_BRIGHTNESS_60_s26_v2_clean.wav,BRIGHTNESS,60 percent,Adjust brightness to 60 percent,70,s26,Synthetic,1,16,1,16,BRIGHTNESS,1,0.99881244,1
audio/train_007784_group_synthetic_BRIGHTNESS_60_s67_v2_noisy.wav,BRIGHTNESS,60 percent,Adjust brightness to 60 percent,70,s67,Synthetic,1,16,1,16,BRIGHTNESS,1,0.9954431,1
audio/train_007792_group_synthetic_BRIGHTNESS_60_s74_v2_clean.wav,BRIGHTNESS,60 percent,Adjust brightness to 60 percent,70,s74,Synthetic,1,16,1,16,BRIGHTNESS,1,0.96072227,1
audio/train_007793_group_synthetic_BRIGHTNESS_60_s18_v2_clean.wav,BRIGHTNESS,60 percent,Adjust brightness to 60 percent,70,s18,Synthetic,1,16,1,16,BRIGHTNESS,1,0.96685755,1
audio/train_007805_group_synthetic_BRIGHTNESS_60_s82_v2_clean.wav,BRIGHTNESS,60 percent,Adjust brightness to 60 percent,70,s82,Synthetic,1,16,1,16,BRIGHTNESS,1,0.89567614,1
audio/train_007808_group_synthetic_BRIGHTNESS_60_s80_v2_noisy.wav,BRIGHTNESS,60 percent,Adjust brightness to 60 percent,70,s80,Synthetic,1,16,1,16,BRIGHTNESS,1,0.86155164,1
audio/train_007812_group_synthetic_BRIGHTNESS_60_s30_v2_noisy.wav,BRIGHTNESS,60 percent,Adjust brightness to 60 percent,70,s30,Synthetic,1,16,1,16,BRIGHTNESS,1,0.9946537,1
audio/train_007813_group_synthetic_BRIGHTNESS_60_s38_v2_noisy.wav,BRIGHTNESS,60 percent,Adjust brightness to 60 percent,70,s38,Synthetic,1,16,1,16,BRIGHTNESS,1,0.9705537,1
audio/train_007825_group_synthetic_BRIGHTNESS_60_s88_v2_clean.wav,BRIGHTNESS,60 percent,Adjust brightness to 60 percent,70,s88,Synthetic,1,16,1,16,BRIGHTNESS,1,0.96659106,1
audio/train_007841_group_synthetic_BRIGHTNESS_60_s72_v2_noisy.wav,BRIGHTNESS,60 percent,Adjust brightness to 60 percent,70,s72,Synthetic,1,16,1,16,BRIGHTNESS,1,0.9107344,1
audio/train_007843_group_synthetic_BRIGHTNESS_60_s18_v2_noisy.wav,BRIGHTNESS,60 percent,Adjust brightness to 60 percent,70,s18,Synthetic,1,16,1,16,BRIGHTNESS,1,0.9915515,1
audio/train_007851_group_synthetic_BRIGHTNESS_60_s80_v2_clean.wav,BRIGHTNESS,60 percent,Adjust brightness to 60 percent,70,s80,Synthetic,1,16,1,16,BRIGHTNESS,1,0.8902575,1
audio/train_007855_group_synthetic_BRIGHTNESS_60_s26_v2_noisy.wav,BRIGHTNESS,60 percent,Adjust brightness to 60 percent,70,s26,Synthetic,1,16,1,16,BRIGHTNESS,1,0.9992118,1
audio/train_007862_group_synthetic_BRIGHTNESS_60_s30_v2_clean.wav,BRIGHTNESS,60 percent,Adjust brightness to 60 percent,70,s30,Synthetic,1,16,1,16,BRIGHTNESS,1,0.9924953,1
audio/train_007864_group_synthetic_BRIGHTNESS_60_s67_v2_clean.wav,BRIGHTNESS,60 percent,Adjust brightness to 60 percent,70,s67,Synthetic,1,16,1,16,BRIGHTNESS,1,0.993208,1
audio/train_007878_group_synthetic_BRIGHTNESS_60_s82_v2_noisy.wav,BRIGHTNESS,60 percent,Adjust brightness to 60 percent,70,s82,Synthetic,1,16,1,16,BRIGHTNESS,1,0.9671058,1
audio/train_007880_group_synthetic_BRIGHTNESS_60_s74_v2_noisy.wav,BRIGHTNESS,60 percent,Adjust brightness to 60 percent,70,s74,Synthetic,1,16,1,16,BRIGHTNESS,1,0.9558402,1
audio/train_007901_group_synthetic_BRIGHTNESS_100_s88_v2_clean.wav,BRIGHTNESS,100 percent,Adjust brightness to 100 percent,71,s88,Synthetic,1,16,2,16,BRIGHTNESS,2,0.85825115,1
audio/train_007905_group_synthetic_BRIGHTNESS_100_s30_v2_clean.wav,BRIGHTNESS,100 percent,Adjust brightness to 100 percent,71,s30,Synthetic,1,16,2,16,BRIGHTNESS,2,0.8396573,1
audio/train_007908_group_synthetic_BRIGHTNESS_100_s72_v2_noisy.wav,BRIGHTNESS,100 percent,Adjust brightness to 100 percent,71,s72,Synthetic,1,16,2,16,BRIGHTNESS,2,0.9473577,1
audio/train_007920_group_synthetic_BRIGHTNESS_100_s67_v2_noisy.wav,BRIGHTNESS,100 percent,Adjust brightness to 100 percent,71,s67,Synthetic,1,16,2,16,BRIGHTNESS,2,0.9709753,1
audio/train_007924_group_synthetic_BRIGHTNESS_100_s26_v2_noisy.wav,BRIGHTNESS,100 percent,Adjust brightness to 100 percent,71,s26,Synthetic,1,16,2,16,BRIGHTNESS,2,0.99041057,1
audio/train_007927_group_synthetic_BRIGHTNESS_100_s18_v2_noisy.wav,BRIGHTNESS,100 percent,Adjust brightness to 100 percent,71,s18,Synthetic,1,16,2,16,BRIGHTNESS,2,0.9421168,1
audio/train_007931_group_synthetic_BRIGHTNESS_100_s38_v2_clean.wav,BRIGHTNESS,100 percent,Adjust brightness to 100 percent,71,s38,Synthetic,1,16,2,16,BRIGHTNESS,2,0.95134133,1
audio/train_007933_group_synthetic_BRIGHTNESS_100_s82_v2_clean.wav,BRIGHTNESS,100 percent,Adjust brightness to 100 percent,71,s82,Synthetic,1,16,2,16,BRIGHTNESS,2,0.7061908,1
audio/train_007943_group_synthetic_BRIGHTNESS_100_s80_v2_clean.wav,BRIGHTNESS,100 percent,Adjust brightness to 100 percent,71,s80,Synthetic,1,16,2,16,BRIGHTNESS,2,0.81107163,1
audio/train_007945_group_synthetic_BRIGHTNESS_100_s74_v2_clean.wav,BRIGHTNESS,100 percent,Adjust brightness to 100 percent,71,s74,Synthetic,1,16,2,16,BRIGHTNESS,2,0.9072165,1
audio/train_007953_group_synthetic_BRIGHTNESS_100_s88_v2_noisy.wav,BRIGHTNESS,100 percent,Adjust brightness to 100 percent,71,s88,Synthetic,1,16,2,16,BRIGHTNESS,2,0.8931504,1
audio/train_007969_group_synthetic_BRIGHTNESS_100_s18_v2_clean.wav,BRIGHTNESS,100 percent,Adjust brightness to 100 percent,71,s18,Synthetic,1,16,2,16,BRIGHTNESS,2,0.8389212,1
audio/train_007975_group_synthetic_BRIGHTNESS_100_s26_v2_clean.wav,BRIGHTNESS,100 percent,Adjust brightness to 100 percent,71,s26,Synthetic,1,16,2,16,BRIGHTNESS,2,0.96638507,1
audio/train_007983_group_synthetic_BRIGHTNESS_100_s67_v2_clean.wav,BRIGHTNESS,100 percent,Adjust brightness to 100 percent,71,s67,Synthetic,1,16,2,16,BRIGHTNESS,2,0.9611793,1
audio/train_007986_group_synthetic_BRIGHTNESS_100_s38_v2_noisy.wav,BRIGHTNESS,100 percent,Adjust brightness to 100 percent,71,s38,Synthetic,1,16,2,16,BRIGHTNESS,2,0.98137003,1
audio/train_007990_group_synthetic_BRIGHTNESS_100_s72_v2_clean.wav,BRIGHTNESS,100 percent,Adjust brightness to 100 percent,71,s72,Synthetic,1,16,2,16,BRIGHTNESS,2,0.9361774,1
audio/train_007992_SNIPS_snips_smart-lights_2687_far.wav,BRIGHTNESS,20 percent,Brightness level 20 percent,72,9294d77a-9d94-4903-a978-af94ab79c0d9,Other Asian English,0,16,0,19,OUT_OF_SCOPE,-1,0.28358364,0
audio/train_007993_SNIPS_snips_smart-lights_1016_close.wav,BRIGHTNESS,20 percent,Brightness level 20 percent,72,9294d77a-9d94-4903-a978-af94ab79c0d9,Other Asian English,0,16,0,19,OUT_OF_SCOPE,-1,0.30240178,0
audio/train_007994_group_synthetic_BRIGHTNESS_20_s88_v3_noisy.wav,BRIGHTNESS,20 percent,Brightness level 20 percent,72,s88,Synthetic,1,16,0,16,BRIGHTNESS,0,0.95913947,1
audio/train_007997_group_synthetic_BRIGHTNESS_20_s74_v3_clean.wav,BRIGHTNESS,20 percent,Brightness level 20 percent,72,s74,Synthetic,1,16,0,16,BRIGHTNESS,2,0.6524469,0
audio/train_007999_group_synthetic_BRIGHTNESS_20_s67_v3_noisy.wav,BRIGHTNESS,20 percent,Brightness level 20 percent,72,s67,Synthetic,1,16,0,16,BRIGHTNESS,0,0.9425461,1
audio/train_008004_group_synthetic_BRIGHTNESS_20_s18_v3_noisy.wav,BRIGHTNESS,20 percent,Brightness level 20 percent,72,s18,Synthetic,1,16,0,16,BRIGHTNESS,0,0.9163522,1
audio/train_008032_group_synthetic_BRIGHTNESS_20_s80_v3_clean.wav,BRIGHTNESS,20 percent,Brightness level 20 percent,72,s80,Synthetic,1,16,0,16,BRIGHTNESS,2,0.7565767,0
audio/train_008042_group_synthetic_BRIGHTNESS_20_s82_v3_noisy.wav,BRIGHTNESS,20 percent,Brightness level 20 percent,72,s82,Synthetic,1,16,0,16,BRIGHTNESS,0,0.96640444,1
audio/train_008043_group_synthetic_BRIGHTNESS_20_s38_v3_clean.wav,BRIGHTNESS,20 percent,Brightness level 20 percent,72,s38,Synthetic,1,16,0,16,BRIGHTNESS,0,0.9824249,1
audio/train_008048_group_synthetic_BRIGHTNESS_20_s26_v3_noisy.wav,BRIGHTNESS,20 percent,Brightness level 20 percent,72,s26,Synthetic,1,16,0,16,BRIGHTNESS,0,0.9694873,1
audio/train_008054_group_synthetic_BRIGHTNESS_20_s72_v3_clean.wav,BRIGHTNESS,20 percent,Brightness level 20 percent,72,s72,Synthetic,1,16,0,16,BRIGHTNESS,2,0.8689962,0
audio/train_008057_group_synthetic_BRIGHTNESS_20_s30_v3_clean.wav,BRIGHTNESS,20 percent,Brightness level 20 percent,72,s30,Synthetic,1,16,0,16,BRIGHTNESS,0,0.97192526,1
audio/train_008064_group_synthetic_BRIGHTNESS_20_s67_v3_clean.wav,BRIGHTNESS,20 percent,Brightness level 20 percent,72,s67,Synthetic,1,16,0,16,BRIGHTNESS,0,0.94039327,1
audio/train_008084_group_synthetic_BRIGHTNESS_20_s88_v3_clean.wav,BRIGHTNESS,20 percent,Brightness level 20 percent,72,s88,Synthetic,1,16,0,16,BRIGHTNESS,0,0.93393594,1
audio/train_008093_group_synthetic_BRIGHTNESS_20_s38_v3_noisy.wav,BRIGHTNESS,20 percent,Brightness level 20 percent,72,s38,Synthetic,1,16,0,16,BRIGHTNESS,0,0.99538726,1
audio/train_008094_group_synthetic_BRIGHTNESS_20_s80_v3_noisy.wav,BRIGHTNESS,20 percent,Brightness level 20 percent,72,s80,Synthetic,1,16,0,16,BRIGHTNESS,2,0.84628105,0
audio/train_008097_group_synthetic_BRIGHTNESS_20_s26_v3_clean.wav,BRIGHTNESS,20 percent,Brightness level 20 percent,72,s26,Synthetic,1,16,0,16,BRIGHTNESS,0,0.9466493,1
audio/train_008099_group_synthetic_BRIGHTNESS_20_s82_v3_clean.wav,BRIGHTNESS,20 percent,Brightness level 20 percent,72,s82,Synthetic,1,16,0,16,BRIGHTNESS,0,0.8965443,1
audio/train_008109_group_synthetic_BRIGHTNESS_60_s74_v3_clean.wav,BRIGHTNESS,60 percent,Brightness level 60 percent,73,s74,Synthetic,1,16,1,16,BRIGHTNESS,1,0.9144693,1
audio/train_008121_group_synthetic_BRIGHTNESS_60_s30_v3_noisy.wav,BRIGHTNESS,60 percent,Brightness level 60 percent,73,s30,Synthetic,1,16,1,16,BRIGHTNESS,1,0.9959364,1
audio/train_008123_group_synthetic_BRIGHTNESS_60_s38_v3_clean.wav,BRIGHTNESS,60 percent,Brightness level 60 percent,73,s38,Synthetic,1,16,1,16,BRIGHTNESS,1,0.9938397,1
audio/train_008125_group_synthetic_BRIGHTNESS_60_s26_v3_clean.wav,BRIGHTNESS,60 percent,Brightness level 60 percent,73,s26,Synthetic,1,16,1,16,BRIGHTNESS,1,0.9888293,1
audio/train_008128_group_synthetic_BRIGHTNESS_60_s80_v3_noisy.wav,BRIGHTNESS,60 percent,Brightness level 60 percent,73,s80,Synthetic,1,16,1,16,BRIGHTNESS,1,0.95994365,1
audio/train_008131_group_synthetic_BRIGHTNESS_60_s18_v3_noisy.wav,BRIGHTNESS,60 percent,Brightness level 60 percent,73,s18,Synthetic,1,16,1,16,BRIGHTNESS,1,0.94884247,1
audio/train_008132_group_synthetic_BRIGHTNESS_60_s88_v3_clean.wav,BRIGHTNESS,60 percent,Brightness level 60 percent,73,s88,Synthetic,1,16,1,16,BRIGHTNESS,1,0.95678514,1
audio/train_008155_group_synthetic_BRIGHTNESS_60_s72_v3_clean.wav,BRIGHTNESS,60 percent,Brightness level 60 percent,73,s72,Synthetic,1,16,1,16,BRIGHTNESS,1,0.9388775,1
audio/train_008168_group_synthetic_BRIGHTNESS_60_s67_v3_clean.wav,BRIGHTNESS,60 percent,Brightness level 60 percent,73,s67,Synthetic,1,16,1,16,BRIGHTNESS,1,0.9959692,1
audio/train_008169_group_synthetic_BRIGHTNESS_60_s82_v3_noisy.wav,BRIGHTNESS,60 percent,Brightness level 60 percent,73,s82,Synthetic,1,16,1,16,BRIGHTNESS,1,0.9910452,1
audio/train_008173_group_synthetic_BRIGHTNESS_60_s30_v3_clean.wav,BRIGHTNESS,60 percent,Brightness level 60 percent,73,s30,Synthetic,1,16,1,16,BRIGHTNESS,1,0.9929235,1
audio/train_008175_group_synthetic_BRIGHTNESS_60_s88_v3_noisy.wav,BRIGHTNESS,60 percent,Brightness level 60 percent,73,s88,Synthetic,1,16,1,16,BRIGHTNESS,1,0.9700744,1
audio/train_008176_group_synthetic_BRIGHTNESS_60_s38_v3_noisy.wav,BRIGHTNESS,60 percent,Brightness level 60 percent,73,s38,Synthetic,1,16,1,16,BRIGHTNESS,1,0.9979627,1
audio/train_008180_group_synthetic_BRIGHTNESS_60_s74_v3_noisy.wav,BRIGHTNESS,60 percent,Brightness level 60 percent,73,s74,Synthetic,1,16,1,16,BRIGHTNESS,1,0.8988412,1
audio/train_008188_group_synthetic_BRIGHTNESS_60_s26_v3_noisy.wav,BRIGHTNESS,60 percent,Brightness level 60 percent,73,s26,Synthetic,1,16,1,16,BRIGHTNESS,1,0.9964966,1
audio/train_008201_group_synthetic_BRIGHTNESS_60_s72_v3_noisy.wav,BRIGHTNESS,60 percent,Brightness level 60 percent,73,s72,Synthetic,1,16,1,16,BRIGHTNESS,1,0.9351452,1
audio/train_008216_group_synthetic_BRIGHTNESS_100_s26_v3_clean.wav,BRIGHTNESS,100 percent,Brightness level 100 percent,74,s26,Synthetic,1,16,2,16,BRIGHTNESS,2,0.94610703,1
audio/train_008236_group_synthetic_BRIGHTNESS_100_s18_v3_noisy.wav,BRIGHTNESS,100 percent,Brightness level 100 percent,74,s18,Synthetic,1,16,2,16,BRIGHTNESS,2,0.64208347,1
audio/train_008237_group_synthetic_BRIGHTNESS_100_s82_v3_noisy.wav,BRIGHTNESS,100 percent,Brightness level 100 percent,74,s82,Synthetic,1,16,2,16,BRIGHTNESS,2,0.9987413,1
audio/train_008238_group_synthetic_BRIGHTNESS_100_s88_v3_clean.wav,BRIGHTNESS,100 percent,Brightness level 100 percent,74,s88,Synthetic,1,16,2,16,BRIGHTNESS,2,0.99066544,1
audio/train_008254_group_synthetic_BRIGHTNESS_100_s74_v3_clean.wav,BRIGHTNESS,100 percent,Brightness level 100 percent,74,s74,Synthetic,1,16,2,16,BRIGHTNESS,2,0.7619649,1
audio/train_008255_group_synthetic_BRIGHTNESS_100_s80_v3_noisy.wav,BRIGHTNESS,100 percent,Brightness level 100 percent,74,s80,Synthetic,1,16,2,16,BRIGHTNESS,2,0.70289797,1
audio/train_008263_group_synthetic_BRIGHTNESS_100_s38_v3_clean.wav,BRIGHTNESS,100 percent,Brightness level 100 percent,74,s38,Synthetic,1,16,2,16,BRIGHTNESS,2,0.990395,1
audio/train_008273_group_synthetic_BRIGHTNESS_100_s67_v3_clean.wav,BRIGHTNESS,100 percent,Brightness level 100 percent,74,s67,Synthetic,1,16,2,16,BRIGHTNESS,2,0.9274426,1
audio/train_008274_group_synthetic_BRIGHTNESS_100_s72_v3_clean.wav,BRIGHTNESS,100 percent,Brightness level 100 percent,74,s72,Synthetic,1,16,2,16,BRIGHTNESS,2,0.83488315,1
audio/train_008277_group_synthetic_BRIGHTNESS_100_s30_v3_noisy.wav,BRIGHTNESS,100 percent,Brightness level 100 percent,74,s30,Synthetic,1,16,2,16,BRIGHTNESS,2,0.94180965,1
audio/train_008283_group_synthetic_BRIGHTNESS_100_s26_v3_noisy.wav,BRIGHTNESS,100 percent,Brightness level 100 percent,74,s26,Synthetic,1,16,2,16,BRIGHTNESS,2,0.97682595,1
audio/train_008290_group_synthetic_BRIGHTNESS_100_s88_v3_noisy.wav,BRIGHTNESS,100 percent,Brightness level 100 percent,74,s88,Synthetic,1,16,2,16,BRIGHTNESS,2,0.99505424,1
audio/train_008301_group_synthetic_BRIGHTNESS_100_s38_v3_noisy.wav,BRIGHTNESS,100 percent,Brightness level 100 percent,74,s38,Synthetic,1,16,2,16,BRIGHTNESS,2,0.99809235,1
audio/train_008303_group_synthetic_BRIGHTNESS_100_s18_v3_clean.wav,BRIGHTNESS,100 percent,Brightness level 100 percent,74,s18,Synthetic,1,16,2,16,BRIGHTNESS,2,0.6607608,1
audio/train_008324_group_synthetic_BRIGHTNESS_100_s82_v3_clean.wav,BRIGHTNESS,100 percent,Brightness level 100 percent,74,s82,Synthetic,1,16,2,16,BRIGHTNESS,2,0.9951698,1
audio/train_008325_real_voice_COLOR_V2_1_t1.wav,COLOR,Red,Change color to Red,75,202521746,Filipino (group),0,17,0,17,COLOR,0,0.7138079,1
audio/train_008326_real_voice_COLOR_V2_1_t2.wav,COLOR,Red,Change color to Red,75,202521746,Filipino (group),0,17,0,17,COLOR,0,0.54014874,1
audio/train_008327_real_voice_COLOR_V2_1_t3.wav,COLOR,Red,Change color to Red,75,202521746,Filipino (group),0,17,0,17,COLOR,0,0.45340684,1
audio/train_008333_SNIPS_snips_smart-lights_1503_close.wav,COLOR,Red,Change color to Red,75,9294d77a-9d94-4903-a978-af94ab79c0d9,Other Asian English,0,17,0,17,COLOR,0,0.38535258,1
audio/train_008337_SLURP_slurp_train_5738_5183_train-00005-.wav,COLOR,Red,Change color to Red,75,FO-462,Other / non-native,0,17,0,17,COLOR,0,0.5330408,1
audio/train_008341_SNIPS_snips_smart-lights_2458_far.wav,COLOR,Red,Change color to Red,75,9294d77a-9d94-4903-a978-af94ab79c0d9,Other Asian English,0,17,0,19,OUT_OF_SCOPE,-1,0.43998158,0
audio/train_008349_SNIPS_snips_smart-lights_3174_far.wav,COLOR,Red,Change color to Red,75,9294d77a-9d94-4903-a978-af94ab79c0d9,Other Asian English,0,17,0,17,COLOR,0,0.88885736,1
audio/train_008354_SNIPS_snips_smart-lights_1838_far.wav,COLOR,Red,Change color to Red,75,9294d77a-9d94-4903-a978-af94ab79c0d9,Other Asian English,0,17,0,19,OUT_OF_SCOPE,-1,0.3731001,0
audio/train_008361_SNIPS_snips_smart-lights_787_close.wav,COLOR,Red,Change color to Red,75,9294d77a-9d94-4903-a978-af94ab79c0d9,Other Asian English,0,17,0,19,OUT_OF_SCOPE,-1,0.58096504,0
audio/train_008366_SNIPS_snips_smart-lights_167_close.wav,COLOR,Red,Change color to Red,75,9294d77a-9d94-4903-a978-af94ab79c0d9,Other Asian English,0,17,0,19,OUT_OF_SCOPE,-1,0.8543781,0
audio/train_008371_SNIPS_snips_smart-lights_2499_far.wav,COLOR,Red,Change color to Red,75,9294d77a-9d94-4903-a978-af94ab79c0d9,Other Asian English,0,17,0,17,COLOR,0,0.3823926,1
audio/train_008373_SNIPS_snips_smart-lights_828_close.wav,COLOR,Red,Change color to Red,75,9294d77a-9d94-4903-a978-af94ab79c0d9,Other Asian English,0,17,0,19,OUT_OF_SCOPE,-1,0.4007232,0
audio/train_008386_group_synthetic_COLOR_RED_s67_v1_clean.wav,COLOR,Red,Change color to Red,75,s67,Synthetic,1,17,0,17,COLOR,0,0.99103445,1
audio/train_008388_group_synthetic_COLOR_RED_s18_v1_noisy.wav,COLOR,Red,Change color to Red,75,s18,Synthetic,1,17,0,17,COLOR,0,0.93298376,1
audio/train_008389_group_synthetic_COLOR_RED_s88_v1_clean.wav,COLOR,Red,Change color to Red,75,s88,Synthetic,1,17,0,17,COLOR,0,0.96335596,1
audio/train_008391_group_synthetic_COLOR_RED_s38_v1_clean.wav,COLOR,Red,Change color to Red,75,s38,Synthetic,1,17,0,17,COLOR,0,0.9752734,1
audio/train_008394_group_synthetic_COLOR_RED_s26_v1_clean.wav,COLOR,Red,Change color to Red,75,s26,Synthetic,1,17,0,17,COLOR,0,0.96810347,1
audio/train_008405_group_synthetic_COLOR_RED_s72_v1_clean.wav,COLOR,Red,Change color to Red,75,s72,Synthetic,1,17,0,17,COLOR,0,0.83729345,1
audio/train_008408_group_synthetic_COLOR_RED_s30_v1_clean.wav,COLOR,Red,Change color to Red,75,s30,Synthetic,1,17,0,17,COLOR,0,0.99406755,1
audio/train_008412_group_synthetic_COLOR_RED_s74_v1_clean.wav,COLOR,Red,Change color to Red,75,s74,Synthetic,1,17,0,17,COLOR,0,0.9684729,1
audio/train_008415_group_synthetic_COLOR_RED_s82_v1_clean.wav,COLOR,Red,Change color to Red,75,s82,Synthetic,1,17,0,17,COLOR,0,0.99500245,1
audio/train_008436_real_voice_COLOR_V2_2_t1.wav,COLOR,Blue,Change color to Blue,76,202521746,Filipino (group),0,17,1,17,COLOR,1,0.79245055,1
audio/train_008437_real_voice_COLOR_V2_2_t2.wav,COLOR,Blue,Change color to Blue,76,202521746,Filipino (group),0,17,1,17,COLOR,1,0.418992,1
audio/train_008438_real_voice_COLOR_V2_2_t3.wav,COLOR,Blue,Change color to Blue,76,202521746,Filipino (group),0,17,1,17,COLOR,1,0.79087836,1
audio/train_008443_SLURP_slurp_train_2820_3359_train-00003-.wav,COLOR,Blue,Change color to Blue,76,FO-171,Other / non-native,0,17,1,19,OUT_OF_SCOPE,-1,0.68780446,0
audio/train_008456_SLURP_slurp_train_2820_3363_train-00003-.wav,COLOR,Blue,Change color to Blue,76,FO-462,Other / non-native,0,17,1,19,OUT_OF_SCOPE,-1,0.57284445,0
audio/train_008473_SLURP_slurp_train_2820_3362_train-00003-.wav,COLOR,Blue,Change color to Blue,76,FO-462,Other / non-native,0,17,1,19,OUT_OF_SCOPE,-1,0.2791734,0
audio/train_008483_SLURP_slurp_train_413_2293_train-00002-.wav,COLOR,Blue,Change color to Blue,76,ME-369,Native English,0,17,1,19,OUT_OF_SCOPE,-1,0.21676192,0
audio/train_008485_SLURP_slurp_train_496_1070_train-00000-.wav,COLOR,Blue,Change color to Blue,76,FE-250,Native English,0,17,1,17,COLOR,1,0.9199317,1
audio/train_008499_group_synthetic_COLOR_BLUE_s82_v1_noisy.wav,COLOR,Blue,Change color to Blue,76,s82,Synthetic,1,17,1,17,COLOR,1,0.93033093,1
audio/train_008504_group_synthetic_COLOR_BLUE_s88_v1_noisy.wav,COLOR,Blue,Change color to Blue,76,s88,Synthetic,1,17,1,17,COLOR,0,0.79644,0
audio/train_008512_group_synthetic_COLOR_BLUE_s26_v1_clean.wav,COLOR,Blue,Change color to Blue,76,s26,Synthetic,1,17,1,17,COLOR,1,0.95761406,1
audio/train_008527_group_synthetic_COLOR_BLUE_s74_v1_noisy.wav,COLOR,Blue,Change color to Blue,76,s74,Synthetic,1,17,1,17,COLOR,1,0.5322055,1
audio/train_008528_group_synthetic_COLOR_BLUE_s30_v1_clean.wav,COLOR,Blue,Change color to Blue,76,s30,Synthetic,1,17,1,17,COLOR,1,0.99458545,1
audio/train_008532_group_synthetic_COLOR_BLUE_s38_v1_clean.wav,COLOR,Blue,Change color to Blue,76,s38,Synthetic,1,17,1,17,COLOR,1,0.9868239,1
audio/train_008535_group_synthetic_COLOR_BLUE_s18_v1_clean.wav,COLOR,Blue,Change color to Blue,76,s18,Synthetic,1,17,1,17,COLOR,1,0.83843243,1
audio/train_008543_group_synthetic_COLOR_BLUE_s80_v1_noisy.wav,COLOR,Blue,Change color to Blue,76,s80,Synthetic,1,17,1,17,COLOR,1,0.85858667,1
audio/train_008545_group_synthetic_COLOR_BLUE_s72_v1_clean.wav,COLOR,Blue,Change color to Blue,76,s72,Synthetic,1,17,1,17,COLOR,1,0.39881167,1
audio/train_008547_real_voice_COLOR_V2_3_t1.wav,COLOR,Green,Change color to Green,77,202521746,Filipino (group),0,17,2,17,COLOR,2,0.56846786,1
audio/train_008548_real_voice_COLOR_V2_3_t2.wav,COLOR,Green,Change color to Green,77,202521746,Filipino (group),0,17,2,17,COLOR,1,0.7044967,0
audio/train_008549_real_voice_COLOR_V2_3_t3.wav,COLOR,Green,Change color to Green,77,202521746,Filipino (group),0,17,2,17,COLOR,1,0.70332664,0
audio/train_008556_SLURP_slurp_devel_4827_6103.wav,COLOR,Green,Change color to Green,77,FO-462,Other / non-native,0,17,2,14,ALARM,0,0.33470702,0
audio/train_008558_SNIPS_snips_smart-lights_1867_far.wav,COLOR,Green,Change color to Green,77,9294d77a-9d94-4903-a978-af94ab79c0d9,Other Asian English,0,17,2,17,COLOR,2,0.2887646,1
audio/train_008564_SNIPS_snips_smart-lights_196_close.wav,COLOR,Green,Change color to Green,77,9294d77a-9d94-4903-a978-af94ab79c0d9,Other Asian English,0,17,2,17,COLOR,2,0.25346637,1
audio/train_008568_SNIPS_snips_smart-lights_2364_far.wav,COLOR,Green,Change color to Green,77,9294d77a-9d94-4903-a978-af94ab79c0d9,Other Asian English,0,17,2,17,COLOR,0,0.602503,0
audio/train_008570_SNIPS_snips_smart-lights_693_close.wav,COLOR,Green,Change color to Green,77,9294d77a-9d94-4903-a978-af94ab79c0d9,Other Asian English,0,17,2,4,VOLUME_UP,-1,0.1748284,0
audio/train_008580_SLURP_slurp_devel_4827_6104.wav,COLOR,Green,Change color to Green,77,FO-462,Other / non-native,0,17,2,19,OUT_OF_SCOPE,-1,0.2525988,0
audio/train_008605_group_synthetic_COLOR_GREEN_s26_v1_clean.wav,COLOR,Green,Change color to Green,77,s26,Synthetic,1,17,2,17,COLOR,2,0.87959105,1
audio/train_008608_group_synthetic_COLOR_GREEN_s82_v1_noisy.wav,COLOR,Green,Change color to Green,77,s82,Synthetic,1,17,2,17,COLOR,2,0.9195746,1
audio/train_008621_group_synthetic_COLOR_GREEN_s88_v1_noisy.wav,COLOR,Green,Change color to Green,77,s88,Synthetic,1,17,2,17,COLOR,2,0.9203123,1
audio/train_008629_group_synthetic_COLOR_GREEN_s67_v1_clean.wav,COLOR,Green,Change color to Green,77,s67,Synthetic,1,17,2,17,COLOR,2,0.9524141,1
audio/train_008637_group_synthetic_COLOR_GREEN_s74_v1_noisy.wav,COLOR,Green,Change color to Green,77,s74,Synthetic,1,17,2,17,COLOR,2,0.62802637,1
audio/train_008640_group_synthetic_COLOR_GREEN_s38_v1_clean.wav,COLOR,Green,Change color to Green,77,s38,Synthetic,1,17,2,17,COLOR,2,0.9968682,1
audio/train_008642_group_synthetic_COLOR_GREEN_s72_v1_clean.wav,COLOR,Green,Change color to Green,77,s72,Synthetic,1,17,2,17,COLOR,2,0.56663877,1
audio/train_008653_group_synthetic_COLOR_GREEN_s18_v1_clean.wav,COLOR,Green,Change color to Green,77,s18,Synthetic,1,17,2,17,COLOR,2,0.64872557,1
audio/train_008656_group_synthetic_COLOR_GREEN_s30_v1_noisy.wav,COLOR,Green,Change color to Green,77,s30,Synthetic,1,17,2,17,COLOR,2,0.9800575,1
audio/train_008688_group_synthetic_COLOR_RED_s18_v2_clean.wav,COLOR,Red,Switch color to Red,78,s18,Synthetic,1,17,0,17,COLOR,0,0.99234045,1
audio/train_008704_group_synthetic_COLOR_RED_s30_v2_noisy.wav,COLOR,Red,Switch color to Red,78,s30,Synthetic,1,17,0,17,COLOR,0,0.9412879,1
audio/train_008710_group_synthetic_COLOR_RED_s74_v2_noisy.wav,COLOR,Red,Switch color to Red,78,s74,Synthetic,1,17,0,19,OUT_OF_SCOPE,-1,0.5036108,0
audio/train_008713_group_synthetic_COLOR_RED_s38_v2_noisy.wav,COLOR,Red,Switch color to Red,78,s38,Synthetic,1,17,0,17,COLOR,0,0.7945352,1
audio/train_008714_group_synthetic_COLOR_RED_s82_v2_clean.wav,COLOR,Red,Switch color to Red,78,s82,Synthetic,1,17,0,17,COLOR,0,0.9297458,1
audio/train_008715_group_synthetic_COLOR_RED_s67_v2_noisy.wav,COLOR,Red,Switch color to Red,78,s67,Synthetic,1,17,0,17,COLOR,0,0.9685859,1
audio/train_008718_group_synthetic_COLOR_RED_s26_v2_noisy.wav,COLOR,Red,Switch color to Red,78,s26,Synthetic,1,17,0,17,COLOR,0,0.96872,1
audio/train_008735_group_synthetic_COLOR_RED_s72_v2_clean.wav,COLOR,Red,Switch color to Red,78,s72,Synthetic,1,17,0,17,COLOR,0,0.91565824,1
audio/train_008737_group_synthetic_COLOR_RED_s80_v2_noisy.wav,COLOR,Red,Switch color to Red,78,s80,Synthetic,1,17,0,17,COLOR,0,0.92373127,1
audio/train_008740_group_synthetic_COLOR_RED_s88_v2_clean.wav,COLOR,Red,Switch color to Red,78,s88,Synthetic,1,17,0,17,COLOR,0,0.9027073,1
audio/train_008756_group_synthetic_COLOR_RED_s82_v2_noisy.wav,COLOR,Red,Switch color to Red,78,s82,Synthetic,1,17,0,17,COLOR,0,0.896194,1
audio/train_008775_SLURP_slurp_train_4737_8349_train-00004-.wav,COLOR,Blue,Switch color to Blue,79,FE-249,Native English,0,17,1,17,COLOR,1,0.48544,1
audio/train_008778_SLURP_slurp_train_4163_3873_train-00000-.wav,COLOR,Blue,Switch color to Blue,79,ME-352,Native English,0,17,1,17,COLOR,1,0.66303444,1
audio/train_008786_SLURP_slurp_train_4163_3872_train-00000-.wav,COLOR,Blue,Switch color to Blue,79,ME-352,Native English,0,17,1,17,COLOR,0,0.47864562,0
audio/train_008798_group_synthetic_COLOR_BLUE_s72_v2_noisy.wav,COLOR,Blue,Switch color to Blue,79,s72,Synthetic,1,17,1,17,COLOR,1,0.78367364,1
audio/train_008808_group_synthetic_COLOR_BLUE_s38_v2_clean.wav,COLOR,Blue,Switch color to Blue,79,s38,Synthetic,1,17,1,17,COLOR,1,0.98539203,1
audio/train_008811_group_synthetic_COLOR_BLUE_s67_v2_clean.wav,COLOR,Blue,Switch color to Blue,79,s67,Synthetic,1,17,1,17,COLOR,1,0.9273252,1
audio/train_008819_group_synthetic_COLOR_BLUE_s80_v2_noisy.wav,COLOR,Blue,Switch color to Blue,79,s80,Synthetic,1,17,1,17,COLOR,1,0.6667873,1
audio/train_008826_group_synthetic_COLOR_BLUE_s30_v2_clean.wav,COLOR,Blue,Switch color to Blue,79,s30,Synthetic,1,17,1,17,COLOR,1,0.993383,1
audio/train_008831_group_synthetic_COLOR_BLUE_s18_v2_noisy.wav,COLOR,Blue,Switch color to Blue,79,s18,Synthetic,1,17,1,17,COLOR,1,0.96732527,1
audio/train_008832_group_synthetic_COLOR_BLUE_s74_v2_noisy.wav,COLOR,Blue,Switch color to Blue,79,s74,Synthetic,1,17,1,19,OUT_OF_SCOPE,-1,0.5327473,0
audio/train_008842_group_synthetic_COLOR_BLUE_s88_v2_clean.wav,COLOR,Blue,Switch color to Blue,79,s88,Synthetic,1,17,1,17,COLOR,1,0.9073789,1
audio/train_008848_group_synthetic_COLOR_BLUE_s82_v2_noisy.wav,COLOR,Blue,Switch color to Blue,79,s82,Synthetic,1,17,1,17,COLOR,1,0.937811,1
audio/train_008855_group_synthetic_COLOR_BLUE_s26_v2_noisy.wav,COLOR,Blue,Switch color to Blue,79,s26,Synthetic,1,17,1,17,COLOR,1,0.98212606,1
audio/train_008862_group_synthetic_COLOR_BLUE_s67_v2_noisy.wav,COLOR,Blue,Switch color to Blue,79,s67,Synthetic,1,17,1,17,COLOR,1,0.9867402,1
audio/train_008878_group_synthetic_COLOR_BLUE_s30_v2_noisy.wav,COLOR,Blue,Switch color to Blue,79,s30,Synthetic,1,17,1,17,COLOR,1,0.9847706,1
audio/train_008880_SNIPS_snips_smart-lights_894_close.wav,COLOR,Green,Switch color to Green,80,9294d77a-9d94-4903-a978-af94ab79c0d9,Other Asian English,0,17,2,17,COLOR,2,0.55189824,1
audio/train_008885_SNIPS_snips_smart-lights_2565_far.wav,COLOR,Green,Switch color to Green,80,9294d77a-9d94-4903-a978-af94ab79c0d9,Other Asian English,0,17,2,17,COLOR,0,0.88116026,0
audio/train_008915_group_synthetic_COLOR_GREEN_s88_v2_noisy.wav,COLOR,Green,Switch color to Green,80,s88,Synthetic,1,17,2,17,COLOR,2,0.94992906,1
audio/train_008917_group_synthetic_COLOR_GREEN_s18_v2_clean.wav,COLOR,Green,Switch color to Green,80,s18,Synthetic,1,17,2,17,COLOR,2,0.8805873,1
audio/train_008918_group_synthetic_COLOR_GREEN_s67_v2_noisy.wav,COLOR,Green,Switch color to Green,80,s67,Synthetic,1,17,2,17,COLOR,2,0.89801645,1
audio/train_008921_group_synthetic_COLOR_GREEN_s80_v2_noisy.wav,COLOR,Green,Switch color to Green,80,s80,Synthetic,1,17,2,17,COLOR,2,0.9007173,1
audio/train_008924_group_synthetic_COLOR_GREEN_s26_v2_noisy.wav,COLOR,Green,Switch color to Green,80,s26,Synthetic,1,17,2,17,COLOR,2,0.9646529,1
audio/train_008925_group_synthetic_COLOR_GREEN_s82_v2_clean.wav,COLOR,Green,Switch color to Green,80,s82,Synthetic,1,17,2,17,COLOR,2,0.95840496,1
audio/train_008929_group_synthetic_COLOR_GREEN_s38_v2_noisy.wav,COLOR,Green,Switch color to Green,80,s38,Synthetic,1,17,2,17,COLOR,2,0.8960028,1
audio/train_008930_group_synthetic_COLOR_GREEN_s72_v2_clean.wav,COLOR,Green,Switch color to Green,80,s72,Synthetic,1,17,2,17,COLOR,2,0.80081916,1
audio/train_008968_group_synthetic_COLOR_GREEN_s30_v2_clean.wav,COLOR,Green,Switch color to Green,80,s30,Synthetic,1,17,2,17,COLOR,2,0.997115,1
audio/train_008969_group_synthetic_COLOR_GREEN_s74_v2_clean.wav,COLOR,Green,Switch color to Green,80,s74,Synthetic,1,17,2,17,COLOR,2,0.78412116,1
audio/train_008981_group_synthetic_COLOR_GREEN_s80_v2_clean.wav,COLOR,Green,Switch color to Green,80,s80,Synthetic,1,17,2,17,COLOR,2,0.88896644,1
audio/train_008982_group_synthetic_COLOR_GREEN_s18_v2_noisy.wav,COLOR,Green,Switch color to Green,80,s18,Synthetic,1,17,2,17,COLOR,2,0.78961617,1
audio/train_008987_group_synthetic_COLOR_GREEN_s72_v2_noisy.wav,COLOR,Green,Switch color to Green,80,s72,Synthetic,1,17,2,17,COLOR,2,0.7645898,1
audio/train_008989_group_synthetic_COLOR_GREEN_s82_v2_noisy.wav,COLOR,Green,Switch color to Green,80,s82,Synthetic,1,17,2,17,COLOR,2,0.9542445,1
audio/train_008991_real_voice_COLOR_V1_1_t1.wav,COLOR,Red,Set color to Red,81,202521746,Filipino (group),0,17,0,17,COLOR,0,0.29150024,1
audio/train_008992_real_voice_COLOR_V1_1_t2.wav,COLOR,Red,Set color to Red,81,202521746,Filipino (group),0,17,0,1,PAUSE,-1,0.2620097,0
audio/train_008993_real_voice_COLOR_V1_1_t3.wav,COLOR,Red,Set color to Red,81,202521746,Filipino (group),0,17,0,5,VOLUME_DOWN,-1,0.2664455,0
audio/train_008994_real_voice_COLOR_V3_1_t1.wav,COLOR,Red,Set color to Red,81,202521746,Filipino (group),0,17,0,6,LIGHT_ON,-1,0.40154195,0
audio/train_008995_real_voice_COLOR_V3_1_t2.wav,COLOR,Red,Set color to Red,81,202521746,Filipino (group),0,17,0,7,LIGHT_OFF,-1,0.34637284,0
audio/train_008996_real_voice_COLOR_V3_1_t3.wav,COLOR,Red,Set color to Red,81,202521746,Filipino (group),0,17,0,6,LIGHT_ON,-1,0.35868183,0
audio/train_008999_SNIPS_snips_smart-lights_2832_far.wav,COLOR,Red,Set color to Red,81,9294d77a-9d94-4903-a978-af94ab79c0d9,Other Asian English,0,17,0,17,COLOR,1,0.57152873,0
audio/train_009009_SNIPS_snips_smart-lights_1161_close.wav,COLOR,Red,Set color to Red,81,9294d77a-9d94-4903-a978-af94ab79c0d9,Other Asian English,0,17,0,17,COLOR,0,0.52651703,1
audio/train_009028_SLURP_slurp_train_4028_5919_train-00003-.wav,COLOR,Red,Set color to Red,81,ME-369,Native English,0,17,0,17,COLOR,0,0.33882457,1
audio/train_009045_SLURP_slurp_train_4028_5918_train-00003-.wav,COLOR,Red,Set color to Red,81,ME-369,Native English,0,17,0,7,LIGHT_OFF,-1,0.291146,0
audio/train_009051_group_synthetic_COLOR_RED_s18_v3_noisy.wav,COLOR,Red,Set color to Red,81,s18,Synthetic,1,17,0,17,COLOR,0,0.94865745,1
audio/train_009055_group_synthetic_COLOR_RED_s30_v3_noisy.wav,COLOR,Red,Set color to Red,81,s30,Synthetic,1,17,0,17,COLOR,0,0.63025665,1
audio/train_009057_group_synthetic_COLOR_RED_s38_v3_noisy.wav,COLOR,Red,Set color to Red,81,s38,Synthetic,1,17,0,17,COLOR,0,0.97730595,1
audio/train_009069_group_synthetic_COLOR_RED_s80_v3_clean.wav,COLOR,Red,Set color to Red,81,s80,Synthetic,1,17,0,17,COLOR,0,0.880039,1
audio/train_009072_group_synthetic_COLOR_RED_s67_v3_clean.wav,COLOR,Red,Set color to Red,81,s67,Synthetic,1,17,0,17,COLOR,0,0.97058266,1
audio/train_009083_group_synthetic_COLOR_RED_s88_v3_clean.wav,COLOR,Red,Set color to Red,81,s88,Synthetic,1,17,0,17,COLOR,0,0.973558,1
audio/train_009091_group_synthetic_COLOR_RED_s72_v3_clean.wav,COLOR,Red,Set color to Red,81,s72,Synthetic,1,17,0,3,NEXT,-1,0.4279475,0
audio/train_009098_group_synthetic_COLOR_RED_s74_v3_noisy.wav,COLOR,Red,Set color to Red,81,s74,Synthetic,1,17,0,19,OUT_OF_SCOPE,-1,0.5084495,0
audio/train_009102_real_voice_COLOR_V1_2_t1.wav,COLOR,Blue,Set color to Blue,82,202521746,Filipino (group),0,17,1,1,PAUSE,-1,0.40370977,0
audio/train_009103_real_voice_COLOR_V1_2_t2.wav,COLOR,Blue,Set color to Blue,82,202521746,Filipino (group),0,17,1,19,OUT_OF_SCOPE,-1,0.32574195,0
audio/train_009104_real_voice_COLOR_V1_2_t3.wav,COLOR,Blue,Set color to Blue,82,202521746,Filipino (group),0,17,1,1,PAUSE,-1,0.4467681,0
audio/train_009105_real_voice_COLOR_V3_2_t1.wav,COLOR,Blue,Set color to Blue,82,202521746,Filipino (group),0,17,1,6,LIGHT_ON,-1,0.3804903,0
audio/train_009106_real_voice_COLOR_V3_2_t2.wav,COLOR,Blue,Set color to Blue,82,202521746,Filipino (group),0,17,1,17,COLOR,1,0.5076204,1
audio/train_009107_real_voice_COLOR_V3_2_t3.wav,COLOR,Blue,Set color to Blue,82,202521746,Filipino (group),0,17,1,17,COLOR,1,0.40614563,1
audio/train_009113_SLURP_slurp_devel_2120_7522.wav,COLOR,Blue,Set color to Blue,82,FO-462,Other / non-native,0,17,1,6,LIGHT_ON,-1,0.3831233,0
audio/train_009120_SLURP_slurp_devel_2120_7523.wav,COLOR,Blue,Set color to Blue,82,ME-369,Native English,0,17,1,19,OUT_OF_SCOPE,-1,0.686151,0
audio/train_009122_SLURP_slurp_test_263_1940.wav,COLOR,Blue,Set color to Blue,82,ME-138,Native English,0,17,1,17,COLOR,0,0.3497486,0
audio/train_009124_SLURP_slurp_train_1214_4382_train-00002-.wav,COLOR,Blue,Set color to Blue,82,FE-249,Native English,0,17,1,17,COLOR,1,0.44462243,1
audio/train_009133_SLURP_slurp_train_2541_2221_train-00005-.wav,COLOR,Blue,Set color to Blue,82,FE-349,Native English,0,17,1,19,OUT_OF_SCOPE,-1,0.41669223,0
audio/train_009140_SLURP_slurp_test_263_1939.wav,COLOR,Blue,Set color to Blue,82,ME-138,Native English,0,17,1,17,COLOR,0,0.90848863,0
audio/train_009141_SLURP_slurp_devel_2120_7524.wav,COLOR,Blue,Set color to Blue,82,ME-369,Native English,0,17,1,7,LIGHT_OFF,-1,0.2077077,0
audio/train_009145_SLURP_slurp_train_2541_2222_train-00005-.wav,COLOR,Blue,Set color to Blue,82,FE-349,Native English,0,17,1,17,COLOR,1,0.4513791,1
audio/train_009147_group_synthetic_COLOR_BLUE_s82_v3_noisy.wav,COLOR,Blue,Set color to Blue,82,s82,Synthetic,1,17,1,17,COLOR,1,0.94159037,1
audio/train_009148_group_synthetic_COLOR_BLUE_s72_v3_noisy.wav,COLOR,Blue,Set color to Blue,82,s72,Synthetic,1,17,1,17,COLOR,1,0.61667824,1
audio/train_009151_group_synthetic_COLOR_BLUE_s67_v3_noisy.wav,COLOR,Blue,Set color to Blue,82,s67,Synthetic,1,17,1,17,COLOR,1,0.9669806,1
audio/train_009153_group_synthetic_COLOR_BLUE_s88_v3_noisy.wav,COLOR,Blue,Set color to Blue,82,s88,Synthetic,1,17,1,17,COLOR,1,0.9859995,1
audio/train_009158_group_synthetic_COLOR_BLUE_s74_v3_clean.wav,COLOR,Blue,Set color to Blue,82,s74,Synthetic,1,17,1,17,COLOR,1,0.89287394,1
audio/train_009168_group_synthetic_COLOR_BLUE_s18_v3_clean.wav,COLOR,Blue,Set color to Blue,82,s18,Synthetic,1,17,1,17,COLOR,1,0.9759807,1
audio/train_009179_group_synthetic_COLOR_BLUE_s30_v3_noisy.wav,COLOR,Blue,Set color to Blue,82,s30,Synthetic,1,17,1,17,COLOR,1,0.9970662,1
audio/train_009184_group_synthetic_COLOR_BLUE_s38_v3_noisy.wav,COLOR,Blue,Set color to Blue,82,s38,Synthetic,1,17,1,17,COLOR,1,0.9565145,1
audio/train_009194_group_synthetic_COLOR_BLUE_s26_v3_clean.wav,COLOR,Blue,Set color to Blue,82,s26,Synthetic,1,17,1,17,COLOR,1,0.92869455,1
audio/train_009212_group_synthetic_COLOR_BLUE_s80_v3_noisy.wav,COLOR,Blue,Set color to Blue,82,s80,Synthetic,1,17,1,17,COLOR,1,0.8330357,1
audio/train_009213_real_voice_COLOR_V1_3_t1.wav,COLOR,Green,Set color to Green,83,202521746,Filipino (group),0,17,2,1,PAUSE,-1,0.64302725,0
audio/train_009214_real_voice_COLOR_V1_3_t2.wav,COLOR,Green,Set color to Green,83,202521746,Filipino (group),0,17,2,19,OUT_OF_SCOPE,-1,0.34896716,0
audio/train_009215_real_voice_COLOR_V1_3_t3.wav,COLOR,Green,Set color to Green,83,202521746,Filipino (group),0,17,2,1,PAUSE,-1,0.29794505,0
audio/train_009216_real_voice_COLOR_V3_3_t1.wav,COLOR,Green,Set color to Green,83,202521746,Filipino (group),0,17,2,17,COLOR,2,0.7363386,1
audio/train_009217_real_voice_COLOR_V3_3_t2.wav,COLOR,Green,Set color to Green,83,202521746,Filipino (group),0,17,2,17,COLOR,2,0.5572797,1
audio/train_009218_real_voice_COLOR_V3_3_t3.wav,COLOR,Green,Set color to Green,83,202521746,Filipino (group),0,17,2,17,COLOR,2,0.43884963,1
audio/train_009222_SNIPS_snips_smart-lights_2538_far.wav,COLOR,Green,Set color to Green,83,9294d77a-9d94-4903-a978-af94ab79c0d9,Other Asian English,0,17,2,17,COLOR,2,0.98795974,1
audio/train_009225_SNIPS_snips_smart-lights_867_close.wav,COLOR,Green,Set color to Green,83,9294d77a-9d94-4903-a978-af94ab79c0d9,Other Asian English,0,17,2,17,COLOR,2,0.8038284,1
audio/train_009240_group_synthetic_COLOR_GREEN_s26_v3_clean.wav,COLOR,Green,Set color to Green,83,s26,Synthetic,1,17,2,17,COLOR,2,0.95092624,1
audio/train_009247_group_synthetic_COLOR_GREEN_s38_v3_noisy.wav,COLOR,Green,Set color to Green,83,s38,Synthetic,1,17,2,17,COLOR,2,0.95379275,1
audio/train_009248_group_synthetic_COLOR_GREEN_s67_v3_noisy.wav,COLOR,Green,Set color to Green,83,s67,Synthetic,1,17,2,17,COLOR,2,0.9511042,1
audio/train_009253_group_synthetic_COLOR_GREEN_s80_v3_clean.wav,COLOR,Green,Set color to Green,83,s80,Synthetic,1,17,2,17,COLOR,2,0.67010075,1
audio/train_009257_group_synthetic_COLOR_GREEN_s82_v3_clean.wav,COLOR,Green,Set color to Green,83,s82,Synthetic,1,17,2,17,COLOR,2,0.9773088,1
audio/train_009260_group_synthetic_COLOR_GREEN_s72_v3_clean.wav,COLOR,Green,Set color to Green,83,s72,Synthetic,1,17,2,17,COLOR,2,0.8519851,1
audio/train_009267_group_synthetic_COLOR_GREEN_s30_v3_noisy.wav,COLOR,Green,Set color to Green,83,s30,Synthetic,1,17,2,17,COLOR,2,0.9938313,1
audio/train_009288_group_synthetic_COLOR_GREEN_s18_v3_noisy.wav,COLOR,Green,Set color to Green,83,s18,Synthetic,1,17,2,17,COLOR,2,0.9517552,1
audio/train_009306_group_synthetic_COLOR_GREEN_s88_v3_clean.wav,COLOR,Green,Set color to Green,83,s88,Synthetic,1,17,2,17,COLOR,2,0.9128372,1
audio/train_009310_group_synthetic_COLOR_GREEN_s38_v3_clean.wav,COLOR,Green,Set color to Green,83,s38,Synthetic,1,17,2,17,COLOR,2,0.9681889,1
audio/train_009311_group_synthetic_COLOR_GREEN_s67_v3_clean.wav,COLOR,Green,Set color to Green,83,s67,Synthetic,1,17,2,17,COLOR,2,0.95504063,1
audio/train_009314_group_synthetic_COLOR_GREEN_s80_v3_noisy.wav,COLOR,Green,Set color to Green,83,s80,Synthetic,1,17,2,17,COLOR,2,0.6357639,1
audio/train_009322_group_synthetic_COLOR_GREEN_s26_v3_noisy.wav,COLOR,Green,Set color to Green,83,s26,Synthetic,1,17,2,17,COLOR,2,0.9486023,1
audio/train_009323_group_synthetic_COLOR_GREEN_s30_v3_clean.wav,COLOR,Green,Set color to Green,83,s30,Synthetic,1,17,2,17,COLOR,2,0.99543685,1
audio/train_009332_group_synthetic_CREATE_REMINDER_DRINK_WATER_s30_v1_noisy.wav,CREATE_REMINDER,Drink water,Reminder Drink water,84,s30,Synthetic,1,18,0,18,CREATE_REMINDER,0,0.8960426,1
audio/train_009337_group_synthetic_CREATE_REMINDER_DRINK_WATER_s26_v1_clean.wav,CREATE_REMINDER,Drink water,Reminder Drink water,84,s26,Synthetic,1,18,0,18,CREATE_REMINDER,0,0.81913215,1
audio/train_009339_group_synthetic_CREATE_REMINDER_DRINK_WATER_s80_v1_clean.wav,CREATE_REMINDER,Drink water,Reminder Drink water,84,s80,Synthetic,1,18,0,18,CREATE_REMINDER,0,0.28783727,1
audio/train_009346_group_synthetic_CREATE_REMINDER_DRINK_WATER_s67_v1_clean.wav,CREATE_REMINDER,Drink water,Reminder Drink water,84,s67,Synthetic,1,18,0,18,CREATE_REMINDER,0,0.96746296,1
audio/train_009361_group_synthetic_CREATE_REMINDER_DRINK_WATER_s74_v1_noisy.wav,CREATE_REMINDER,Drink water,Reminder Drink water,84,s74,Synthetic,1,18,0,18,CREATE_REMINDER,0,0.8301392,1
audio/train_009370_group_synthetic_CREATE_REMINDER_DRINK_WATER_s88_v1_noisy.wav,CREATE_REMINDER,Drink water,Reminder Drink water,84,s88,Synthetic,1,18,0,18,CREATE_REMINDER,0,0.98020405,1
audio/train_009371_group_synthetic_CREATE_REMINDER_DRINK_WATER_s18_v1_clean.wav,CREATE_REMINDER,Drink water,Reminder Drink water,84,s18,Synthetic,1,18,0,12,LIST_REMINDERS,-1,0.37163058,0
audio/train_009381_group_synthetic_CREATE_REMINDER_DRINK_WATER_s38_v1_clean.wav,CREATE_REMINDER,Drink water,Reminder Drink water,84,s38,Synthetic,1,18,0,18,CREATE_REMINDER,0,0.8874625,1
audio/train_009382_group_synthetic_CREATE_REMINDER_DRINK_WATER_s72_v1_clean.wav,CREATE_REMINDER,Drink water,Reminder Drink water,84,s72,Synthetic,1,18,0,18,CREATE_REMINDER,0,0.91841805,1
audio/train_009388_group_synthetic_CREATE_REMINDER_DRINK_WATER_s82_v1_noisy.wav,CREATE_REMINDER,Drink water,Reminder Drink water,84,s82,Synthetic,1,18,0,18,CREATE_REMINDER,0,0.52298075,1
audio/train_009394_group_synthetic_CREATE_REMINDER_DRINK_WATER_s80_v1_noisy.wav,CREATE_REMINDER,Drink water,Reminder Drink water,84,s80,Synthetic,1,18,0,18,CREATE_REMINDER,0,0.5367037,1
audio/train_009399_group_synthetic_CREATE_REMINDER_DRINK_WATER_s30_v1_clean.wav,CREATE_REMINDER,Drink water,Reminder Drink water,84,s30,Synthetic,1,18,0,18,CREATE_REMINDER,0,0.7800602,1
audio/train_009412_group_synthetic_CREATE_REMINDER_DRINK_WATER_s72_v1_noisy.wav,CREATE_REMINDER,Drink water,Reminder Drink water,84,s72,Synthetic,1,18,0,18,CREATE_REMINDER,0,0.91149896,1
audio/train_009418_group_synthetic_CREATE_REMINDER_DRINK_WATER_s18_v1_noisy.wav,CREATE_REMINDER,Drink water,Reminder Drink water,84,s18,Synthetic,1,18,0,18,CREATE_REMINDER,0,0.38385826,1
audio/train_009423_group_synthetic_CREATE_REMINDER_DRINK_WATER_s38_v1_noisy.wav,CREATE_REMINDER,Drink water,Reminder Drink water,84,s38,Synthetic,1,18,0,18,CREATE_REMINDER,0,0.9596328,1
audio/train_009433_group_synthetic_CREATE_REMINDER_DRINK_WATER_s74_v1_clean.wav,CREATE_REMINDER,Drink water,Reminder Drink water,84,s74,Synthetic,1,18,0,18,CREATE_REMINDER,0,0.8670974,1
audio/train_009435_group_synthetic_CREATE_REMINDER_STUDY_s26_v1_noisy.wav,CREATE_REMINDER,Study,Reminder Study,85,s26,Synthetic,1,18,1,18,CREATE_REMINDER,1,0.8788116,1
audio/train_009449_group_synthetic_CREATE_REMINDER_STUDY_s88_v1_noisy.wav,CREATE_REMINDER,Study,Reminder Study,85,s88,Synthetic,1,18,1,18,CREATE_REMINDER,1,0.9804073,1
audio/train_009452_group_synthetic_CREATE_REMINDER_STUDY_s30_v1_clean.wav,CREATE_REMINDER,Study,Reminder Study,85,s30,Synthetic,1,18,1,18,CREATE_REMINDER,1,0.9726255,1
audio/train_009456_group_synthetic_CREATE_REMINDER_STUDY_s74_v1_noisy.wav,CREATE_REMINDER,Study,Reminder Study,85,s74,Synthetic,1,18,1,18,CREATE_REMINDER,1,0.94942397,1
audio/train_009469_group_synthetic_CREATE_REMINDER_STUDY_s67_v1_noisy.wav,CREATE_REMINDER,Study,Reminder Study,85,s67,Synthetic,1,18,1,18,CREATE_REMINDER,1,0.9815407,1
audio/train_009470_group_synthetic_CREATE_REMINDER_STUDY_s38_v1_clean.wav,CREATE_REMINDER,Study,Reminder Study,85,s38,Synthetic,1,18,1,18,CREATE_REMINDER,1,0.9797005,1
audio/train_009472_group_synthetic_CREATE_REMINDER_STUDY_s72_v1_noisy.wav,CREATE_REMINDER,Study,Reminder Study,85,s72,Synthetic,1,18,1,18,CREATE_REMINDER,1,0.8161384,1
audio/train_009489_group_synthetic_CREATE_REMINDER_STUDY_s18_v1_noisy.wav,CREATE_REMINDER,Study,Reminder Study,85,s18,Synthetic,1,18,1,18,CREATE_REMINDER,1,0.8916479,1
audio/train_009491_group_synthetic_CREATE_REMINDER_STUDY_s82_v1_noisy.wav,CREATE_REMINDER,Study,Reminder Study,85,s82,Synthetic,1,18,1,18,CREATE_REMINDER,1,0.63878053,1
audio/train_009509_group_synthetic_CREATE_REMINDER_STUDY_s26_v1_clean.wav,CREATE_REMINDER,Study,Reminder Study,85,s26,Synthetic,1,18,1,18,CREATE_REMINDER,1,0.8651736,1
audio/train_009513_group_synthetic_CREATE_REMINDER_STUDY_s74_v1_clean.wav,CREATE_REMINDER,Study,Reminder Study,85,s74,Synthetic,1,18,1,18,CREATE_REMINDER,1,0.9260791,1
audio/train_009520_group_synthetic_CREATE_REMINDER_STUDY_s72_v1_clean.wav,CREATE_REMINDER,Study,Reminder Study,85,s72,Synthetic,1,18,1,18,CREATE_REMINDER,1,0.79661155,1
audio/train_009523_group_synthetic_CREATE_REMINDER_STUDY_s30_v1_noisy.wav,CREATE_REMINDER,Study,Reminder Study,85,s30,Synthetic,1,18,1,18,CREATE_REMINDER,1,0.95970154,1
audio/train_009526_group_synthetic_CREATE_REMINDER_STUDY_s88_v1_clean.wav,CREATE_REMINDER,Study,Reminder Study,85,s88,Synthetic,1,18,1,18,CREATE_REMINDER,1,0.9839581,1
audio/train_009527_group_synthetic_CREATE_REMINDER_STUDY_s18_v1_clean.wav,CREATE_REMINDER,Study,Reminder Study,85,s18,Synthetic,1,18,1,18,CREATE_REMINDER,1,0.87891304,1
audio/train_009531_group_synthetic_CREATE_REMINDER_STUDY_s67_v1_clean.wav,CREATE_REMINDER,Study,Reminder Study,85,s67,Synthetic,1,18,1,18,CREATE_REMINDER,1,0.9821269,1
audio/train_009546_group_synthetic_CREATE_REMINDER_EXERCISE_s30_v1_clean.wav,CREATE_REMINDER,Exercise,Reminder Exercise,86,s30,Synthetic,1,18,2,18,CREATE_REMINDER,2,0.9811677,1
audio/train_009549_group_synthetic_CREATE_REMINDER_EXERCISE_s18_v1_clean.wav,CREATE_REMINDER,Exercise,Reminder Exercise,86,s18,Synthetic,1,18,2,18,CREATE_REMINDER,2,0.88973033,1
audio/train_009550_group_synthetic_CREATE_REMINDER_EXERCISE_s38_v1_noisy.wav,CREATE_REMINDER,Exercise,Reminder Exercise,86,s38,Synthetic,1,18,2,18,CREATE_REMINDER,2,0.99489117,1
audio/train_009552_group_synthetic_CREATE_REMINDER_EXERCISE_s67_v1_clean.wav,CREATE_REMINDER,Exercise,Reminder Exercise,86,s67,Synthetic,1,18,2,18,CREATE_REMINDER,2,0.9829169,1
audio/train_009577_group_synthetic_CREATE_REMINDER_EXERCISE_s82_v1_noisy.wav,CREATE_REMINDER,Exercise,Reminder Exercise,86,s82,Synthetic,1,18,2,18,CREATE_REMINDER,2,0.8383606,1
audio/train_009579_group_synthetic_CREATE_REMINDER_EXERCISE_s80_v1_noisy.wav,CREATE_REMINDER,Exercise,Reminder Exercise,86,s80,Synthetic,1,18,2,18,CREATE_REMINDER,2,0.92801833,1
audio/train_009592_group_synthetic_CREATE_REMINDER_EXERCISE_s72_v1_noisy.wav,CREATE_REMINDER,Exercise,Reminder Exercise,86,s72,Synthetic,1,18,2,18,CREATE_REMINDER,2,0.6057271,1
audio/train_009603_group_synthetic_CREATE_REMINDER_EXERCISE_s88_v1_noisy.wav,CREATE_REMINDER,Exercise,Reminder Exercise,86,s88,Synthetic,1,18,2,18,CREATE_REMINDER,2,0.96538216,1
audio/train_009608_group_synthetic_CREATE_REMINDER_EXERCISE_s26_v1_clean.wav,CREATE_REMINDER,Exercise,Reminder Exercise,86,s26,Synthetic,1,18,2,18,CREATE_REMINDER,2,0.913858,1
audio/train_009612_group_synthetic_CREATE_REMINDER_EXERCISE_s18_v1_noisy.wav,CREATE_REMINDER,Exercise,Reminder Exercise,86,s18,Synthetic,1,18,2,18,CREATE_REMINDER,2,0.9334825,1
audio/train_009615_group_synthetic_CREATE_REMINDER_EXERCISE_s30_v1_noisy.wav,CREATE_REMINDER,Exercise,Reminder Exercise,86,s30,Synthetic,1,18,2,18,CREATE_REMINDER,2,0.99177223,1
audio/train_009621_group_synthetic_CREATE_REMINDER_EXERCISE_s80_v1_clean.wav,CREATE_REMINDER,Exercise,Reminder Exercise,86,s80,Synthetic,1,18,2,18,CREATE_REMINDER,2,0.9399456,1
audio/train_009623_group_synthetic_CREATE_REMINDER_EXERCISE_s38_v1_clean.wav,CREATE_REMINDER,Exercise,Reminder Exercise,86,s38,Synthetic,1,18,2,18,CREATE_REMINDER,2,0.9868552,1
audio/train_009635_group_synthetic_CREATE_REMINDER_EXERCISE_s67_v1_noisy.wav,CREATE_REMINDER,Exercise,Reminder Exercise,86,s67,Synthetic,1,18,2,18,CREATE_REMINDER,2,0.98030144,1
audio/train_009655_group_synthetic_CREATE_REMINDER_EXERCISE_s26_v1_noisy.wav,CREATE_REMINDER,Exercise,Reminder Exercise,86,s26,Synthetic,1,18,2,18,CREATE_REMINDER,2,0.9302965,1
audio/train_009659_group_synthetic_CREATE_REMINDER_DRINK_WATER_s80_v2_clean.wav,CREATE_REMINDER,Drink water,Remind me to Drink water,87,s80,Synthetic,1,18,0,18,CREATE_REMINDER,0,0.489422,1
audio/train_009660_group_synthetic_CREATE_REMINDER_DRINK_WATER_s88_v2_noisy.wav,CREATE_REMINDER,Drink water,Remind me to Drink water,87,s88,Synthetic,1,18,0,18,CREATE_REMINDER,0,0.96565074,1
audio/train_009663_group_synthetic_CREATE_REMINDER_DRINK_WATER_s18_v2_clean.wav,CREATE_REMINDER,Drink water,Remind me to Drink water,87,s18,Synthetic,1,18,0,18,CREATE_REMINDER,0,0.9657349,1
audio/train_009688_group_synthetic_CREATE_REMINDER_DRINK_WATER_s26_v2_clean.wav,CREATE_REMINDER,Drink water,Remind me to Drink water,87,s26,Synthetic,1,18,0,18,CREATE_REMINDER,0,0.96733963,1
audio/train_009690_group_synthetic_CREATE_REMINDER_DRINK_WATER_s82_v2_clean.wav,CREATE_REMINDER,Drink water,Remind me to Drink water,87,s82,Synthetic,1,18,0,17,COLOR,2,0.48551562,0
audio/train_009699_group_synthetic_CREATE_REMINDER_DRINK_WATER_s38_v2_clean.wav,CREATE_REMINDER,Drink water,Remind me to Drink water,87,s38,Synthetic,1,18,0,18,CREATE_REMINDER,0,0.94281197,1
audio/train_009702_group_synthetic_CREATE_REMINDER_DRINK_WATER_s74_v2_clean.wav,CREATE_REMINDER,Drink water,Remind me to Drink water,87,s74,Synthetic,1,18,0,18,CREATE_REMINDER,0,0.5302784,1
audio/train_009705_group_synthetic_CREATE_REMINDER_DRINK_WATER_s30_v2_noisy.wav,CREATE_REMINDER,Drink water,Remind me to Drink water,87,s30,Synthetic,1,18,0,18,CREATE_REMINDER,0,0.96172404,1
audio/train_009712_group_synthetic_CREATE_REMINDER_DRINK_WATER_s67_v2_noisy.wav,CREATE_REMINDER,Drink water,Remind me to Drink water,87,s67,Synthetic,1,18,0,18,CREATE_REMINDER,0,0.94905126,1
audio/train_009720_group_synthetic_CREATE_REMINDER_DRINK_WATER_s72_v2_noisy.wav,CREATE_REMINDER,Drink water,Remind me to Drink water,87,s72,Synthetic,1,18,0,18,CREATE_REMINDER,0,0.8992877,1
audio/train_009737_group_synthetic_CREATE_REMINDER_DRINK_WATER_s80_v2_noisy.wav,CREATE_REMINDER,Drink water,Remind me to Drink water,87,s80,Synthetic,1,18,0,18,CREATE_REMINDER,0,0.4949852,1
audio/train_009747_group_synthetic_CREATE_REMINDER_DRINK_WATER_s67_v2_clean.wav,CREATE_REMINDER,Drink water,Remind me to Drink water,87,s67,Synthetic,1,18,0,18,CREATE_REMINDER,0,0.92491996,1
audio/train_009751_group_synthetic_CREATE_REMINDER_DRINK_WATER_s18_v2_noisy.wav,CREATE_REMINDER,Drink water,Remind me to Drink water,87,s18,Synthetic,1,18,0,18,CREATE_REMINDER,0,0.9698808,1
audio/train_009753_group_synthetic_CREATE_REMINDER_DRINK_WATER_s26_v2_noisy.wav,CREATE_REMINDER,Drink water,Remind me to Drink water,87,s26,Synthetic,1,18,0,18,CREATE_REMINDER,0,0.9876889,1
audio/train_009754_group_synthetic_CREATE_REMINDER_DRINK_WATER_s38_v2_noisy.wav,CREATE_REMINDER,Drink water,Remind me to Drink water,87,s38,Synthetic,1,18,0,18,CREATE_REMINDER,0,0.9492144,1
audio/train_009759_group_synthetic_CREATE_REMINDER_DRINK_WATER_s74_v2_noisy.wav,CREATE_REMINDER,Drink water,Remind me to Drink water,87,s74,Synthetic,1,18,0,18,CREATE_REMINDER,0,0.5689666,1
audio/train_009763_group_synthetic_CREATE_REMINDER_DRINK_WATER_s82_v2_noisy.wav,CREATE_REMINDER,Drink water,Remind me to Drink water,87,s82,Synthetic,1,18,0,18,CREATE_REMINDER,0,0.40064338,1
audio/train_009784_group_synthetic_CREATE_REMINDER_STUDY_s74_v2_clean.wav,CREATE_REMINDER,Study,Remind me to Study,88,s74,Synthetic,1,18,1,18,CREATE_REMINDER,1,0.87315047,1
audio/train_009787_group_synthetic_CREATE_REMINDER_STUDY_s88_v2_clean.wav,CREATE_REMINDER,Study,Remind me to Study,88,s88,Synthetic,1,18,1,18,CREATE_REMINDER,1,0.9646601,1
audio/train_009789_group_synthetic_CREATE_REMINDER_STUDY_s67_v2_clean.wav,CREATE_REMINDER,Study,Remind me to Study,88,s67,Synthetic,1,18,1,18,CREATE_REMINDER,1,0.9728539,1
audio/train_009804_group_synthetic_CREATE_REMINDER_STUDY_s82_v2_noisy.wav,CREATE_REMINDER,Study,Remind me to Study,88,s82,Synthetic,1,18,1,18,CREATE_REMINDER,1,0.7828135,1
audio/train_009817_group_synthetic_CREATE_REMINDER_STUDY_s26_v2_noisy.wav,CREATE_REMINDER,Study,Remind me to Study,88,s26,Synthetic,1,18,1,18,CREATE_REMINDER,1,0.94755983,1
audio/train_009820_group_synthetic_CREATE_REMINDER_STUDY_s72_v2_clean.wav,CREATE_REMINDER,Study,Remind me to Study,88,s72,Synthetic,1,18,1,18,CREATE_REMINDER,1,0.94190055,1
audio/train_009828_group_synthetic_CREATE_REMINDER_STUDY_s18_v2_noisy.wav,CREATE_REMINDER,Study,Remind me to Study,88,s18,Synthetic,1,18,1,18,CREATE_REMINDER,1,0.7876294,1
audio/train_009831_group_synthetic_CREATE_REMINDER_STUDY_s80_v2_noisy.wav,CREATE_REMINDER,Study,Remind me to Study,88,s80,Synthetic,1,18,1,18,CREATE_REMINDER,1,0.9795808,1
audio/train_009834_group_synthetic_CREATE_REMINDER_STUDY_s30_v2_clean.wav,CREATE_REMINDER,Study,Remind me to Study,88,s30,Synthetic,1,18,1,18,CREATE_REMINDER,1,0.959455,1
audio/train_009844_group_synthetic_CREATE_REMINDER_STUDY_s38_v2_clean.wav,CREATE_REMINDER,Study,Remind me to Study,88,s38,Synthetic,1,18,1,18,CREATE_REMINDER,1,0.98763067,1
audio/train_009857_group_synthetic_CREATE_REMINDER_STUDY_s67_v2_noisy.wav,CREATE_REMINDER,Study,Remind me to Study,88,s67,Synthetic,1,18,1,18,CREATE_REMINDER,1,0.961264,1
audio/train_009863_group_synthetic_CREATE_REMINDER_STUDY_s26_v2_clean.wav,CREATE_REMINDER,Study,Remind me to Study,88,s26,Synthetic,1,18,1,18,CREATE_REMINDER,1,0.94583267,1
audio/train_009868_group_synthetic_CREATE_REMINDER_STUDY_s82_v2_clean.wav,CREATE_REMINDER,Study,Remind me to Study,88,s82,Synthetic,1,18,1,18,CREATE_REMINDER,1,0.7793695,1
audio/train_009875_group_synthetic_CREATE_REMINDER_STUDY_s80_v2_clean.wav,CREATE_REMINDER,Study,Remind me to Study,88,s80,Synthetic,1,18,1,18,CREATE_REMINDER,1,0.97123003,1
audio/train_009887_group_synthetic_CREATE_REMINDER_EXERCISE_s67_v2_noisy.wav,CREATE_REMINDER,Exercise,Remind me to Exercise,89,s67,Synthetic,1,18,2,18,CREATE_REMINDER,2,0.7187356,1
audio/train_009889_group_synthetic_CREATE_REMINDER_EXERCISE_s18_v2_noisy.wav,CREATE_REMINDER,Exercise,Remind me to Exercise,89,s18,Synthetic,1,18,2,18,CREATE_REMINDER,2,0.94977033,1
audio/train_009891_group_synthetic_CREATE_REMINDER_EXERCISE_s74_v2_noisy.wav,CREATE_REMINDER,Exercise,Remind me to Exercise,89,s74,Synthetic,1,18,2,18,CREATE_REMINDER,2,0.64945894,1
audio/train_009896_group_synthetic_CREATE_REMINDER_EXERCISE_s26_v2_noisy.wav,CREATE_REMINDER,Exercise,Remind me to Exercise,89,s26,Synthetic,1,18,2,18,CREATE_REMINDER,2,0.9885056,1
audio/train_009901_group_synthetic_CREATE_REMINDER_EXERCISE_s72_v2_clean.wav,CREATE_REMINDER,Exercise,Remind me to Exercise,89,s72,Synthetic,1,18,2,18,CREATE_REMINDER,2,0.65472883,1
audio/train_009911_group_synthetic_CREATE_REMINDER_EXERCISE_s30_v2_noisy.wav,CREATE_REMINDER,Exercise,Remind me to Exercise,89,s30,Synthetic,1,18,2,18,CREATE_REMINDER,2,0.9472778,1
audio/train_009914_group_synthetic_CREATE_REMINDER_EXERCISE_s88_v2_clean.wav,CREATE_REMINDER,Exercise,Remind me to Exercise,89,s88,Synthetic,1,18,2,18,CREATE_REMINDER,2,0.9200328,1
audio/train_009922_group_synthetic_CREATE_REMINDER_EXERCISE_s38_v2_noisy.wav,CREATE_REMINDER,Exercise,Remind me to Exercise,89,s38,Synthetic,1,18,2,18,CREATE_REMINDER,2,0.96313477,1
audio/train_009924_group_synthetic_CREATE_REMINDER_EXERCISE_s82_v2_clean.wav,CREATE_REMINDER,Exercise,Remind me to Exercise,89,s82,Synthetic,1,18,2,18,CREATE_REMINDER,2,0.77456176,1
audio/train_009946_group_synthetic_CREATE_REMINDER_EXERCISE_s80_v2_clean.wav,CREATE_REMINDER,Exercise,Remind me to Exercise,89,s80,Synthetic,1,18,2,18,CREATE_REMINDER,2,0.5367969,1
audio/train_009948_group_synthetic_CREATE_REMINDER_EXERCISE_s74_v2_clean.wav,CREATE_REMINDER,Exercise,Remind me to Exercise,89,s74,Synthetic,1,18,2,18,CREATE_REMINDER,2,0.6654283,1
audio/train_009958_group_synthetic_CREATE_REMINDER_EXERCISE_s88_v2_noisy.wav,CREATE_REMINDER,Exercise,Remind me to Exercise,89,s88,Synthetic,1,18,2,18,CREATE_REMINDER,2,0.95344377,1
audio/train_009959_group_synthetic_CREATE_REMINDER_EXERCISE_s67_v2_clean.wav,CREATE_REMINDER,Exercise,Remind me to Exercise,89,s67,Synthetic,1,18,2,18,CREATE_REMINDER,2,0.67168564,1
audio/train_009965_group_synthetic_CREATE_REMINDER_EXERCISE_s82_v2_noisy.wav,CREATE_REMINDER,Exercise,Remind me to Exercise,89,s82,Synthetic,1,18,2,18,CREATE_REMINDER,2,0.8982201,1
audio/train_009980_group_synthetic_CREATE_REMINDER_EXERCISE_s30_v2_clean.wav,CREATE_REMINDER,Exercise,Remind me to Exercise,89,s30,Synthetic,1,18,2,18,CREATE_REMINDER,2,0.92538047,1
audio/train_009987_group_synthetic_CREATE_REMINDER_EXERCISE_s26_v2_clean.wav,CREATE_REMINDER,Exercise,Remind me to Exercise,89,s26,Synthetic,1,18,2,18,CREATE_REMINDER,2,0.99017835,1
audio/train_009998_group_synthetic_CREATE_REMINDER_DRINK_WATER_s80_v3_clean.wav,CREATE_REMINDER,Drink water,Create a reminder to Drink water,90,s80,Synthetic,1,18,0,18,CREATE_REMINDER,0,0.7717189,1
audio/train_010000_group_synthetic_CREATE_REMINDER_DRINK_WATER_s72_v3_noisy.wav,CREATE_REMINDER,Drink water,Create a reminder to Drink water,90,s72,Synthetic,1,18,0,18,CREATE_REMINDER,0,0.7161777,1
audio/train_010003_group_synthetic_CREATE_REMINDER_DRINK_WATER_s26_v3_clean.wav,CREATE_REMINDER,Drink water,Create a reminder to Drink water,90,s26,Synthetic,1,18,0,18,CREATE_REMINDER,0,0.9705208,1
audio/train_010013_group_synthetic_CREATE_REMINDER_DRINK_WATER_s88_v3_noisy.wav,CREATE_REMINDER,Drink water,Create a reminder to Drink water,90,s88,Synthetic,1,18,0,18,CREATE_REMINDER,0,0.88260305,1
audio/train_010018_group_synthetic_CREATE_REMINDER_DRINK_WATER_s82_v3_noisy.wav,CREATE_REMINDER,Drink water,Create a reminder to Drink water,90,s82,Synthetic,1,18,0,18,CREATE_REMINDER,0,0.81529313,1
audio/train_010020_group_synthetic_CREATE_REMINDER_DRINK_WATER_s74_v3_clean.wav,CREATE_REMINDER,Drink water,Create a reminder to Drink water,90,s74,Synthetic,1,18,0,18,CREATE_REMINDER,0,0.35019237,1
audio/train_010033_group_synthetic_CREATE_REMINDER_DRINK_WATER_s30_v3_clean.wav,CREATE_REMINDER,Drink water,Create a reminder to Drink water,90,s30,Synthetic,1,18,0,18,CREATE_REMINDER,0,0.9095242,1
audio/train_010042_group_synthetic_CREATE_REMINDER_DRINK_WATER_s18_v3_clean.wav,CREATE_REMINDER,Drink water,Create a reminder to Drink water,90,s18,Synthetic,1,18,0,18,CREATE_REMINDER,0,0.6391591,1
audio/train_010046_group_synthetic_CREATE_REMINDER_DRINK_WATER_s67_v3_noisy.wav,CREATE_REMINDER,Drink water,Create a reminder to Drink water,90,s67,Synthetic,1,18,0,18,CREATE_REMINDER,0,0.9487681,1
audio/train_010054_group_synthetic_CREATE_REMINDER_DRINK_WATER_s38_v3_clean.wav,CREATE_REMINDER,Drink water,Create a reminder to Drink water,90,s38,Synthetic,1,18,0,18,CREATE_REMINDER,0,0.9369843,1
audio/train_010069_group_synthetic_CREATE_REMINDER_DRINK_WATER_s88_v3_clean.wav,CREATE_REMINDER,Drink water,Create a reminder to Drink water,90,s88,Synthetic,1,18,0,18,CREATE_REMINDER,0,0.9307445,1
audio/train_010083_group_synthetic_CREATE_REMINDER_DRINK_WATER_s82_v3_clean.wav,CREATE_REMINDER,Drink water,Create a reminder to Drink water,90,s82,Synthetic,1,18,0,18,CREATE_REMINDER,0,0.7973701,1
audio/train_010091_group_synthetic_CREATE_REMINDER_DRINK_WATER_s72_v3_clean.wav,CREATE_REMINDER,Drink water,Create a reminder to Drink water,90,s72,Synthetic,1,18,0,18,CREATE_REMINDER,0,0.7089341,1
audio/train_010093_group_synthetic_CREATE_REMINDER_DRINK_WATER_s30_v3_noisy.wav,CREATE_REMINDER,Drink water,Create a reminder to Drink water,90,s30,Synthetic,1,18,0,18,CREATE_REMINDER,0,0.90432936,1
audio/train_010095_group_synthetic_CREATE_REMINDER_DRINK_WATER_s67_v3_clean.wav,CREATE_REMINDER,Drink water,Create a reminder to Drink water,90,s67,Synthetic,1,18,0,18,CREATE_REMINDER,0,0.9448438,1
audio/train_010101_group_synthetic_CREATE_REMINDER_STUDY_s72_v3_clean.wav,CREATE_REMINDER,Study,Create a reminder to Study,91,s72,Synthetic,1,18,1,18,CREATE_REMINDER,1,0.86133343,1
audio/train_010108_group_synthetic_CREATE_REMINDER_STUDY_s88_v3_clean.wav,CREATE_REMINDER,Study,Create a reminder to Study,91,s88,Synthetic,1,18,1,18,CREATE_REMINDER,1,0.9417963,1
audio/train_010110_group_synthetic_CREATE_REMINDER_STUDY_s30_v3_noisy.wav,CREATE_REMINDER,Study,Create a reminder to Study,91,s30,Synthetic,1,18,1,18,CREATE_REMINDER,1,0.9721162,1
audio/train_010114_group_synthetic_CREATE_REMINDER_STUDY_s26_v3_noisy.wav,CREATE_REMINDER,Study,Create a reminder to Study,91,s26,Synthetic,1,18,1,18,CREATE_REMINDER,1,0.94550914,1
audio/train_010125_group_synthetic_CREATE_REMINDER_STUDY_s38_v3_clean.wav,CREATE_REMINDER,Study,Create a reminder to Study,91,s38,Synthetic,1,18,1,18,CREATE_REMINDER,1,0.98391366,1
audio/train_010135_group_synthetic_CREATE_REMINDER_STUDY_s74_v3_noisy.wav,CREATE_REMINDER,Study,Create a reminder to Study,91,s74,Synthetic,1,18,1,18,CREATE_REMINDER,0,0.6194413,0
audio/train_010138_group_synthetic_CREATE_REMINDER_STUDY_s67_v3_noisy.wav,CREATE_REMINDER,Study,Create a reminder to Study,91,s67,Synthetic,1,18,1,18,CREATE_REMINDER,1,0.99089783,1
audio/train_010142_group_synthetic_CREATE_REMINDER_STUDY_s18_v3_noisy.wav,CREATE_REMINDER,Study,Create a reminder to Study,91,s18,Synthetic,1,18,1,18,CREATE_REMINDER,1,0.8638524,1
audio/train_010165_group_synthetic_CREATE_REMINDER_STUDY_s80_v3_noisy.wav,CREATE_REMINDER,Study,Create a reminder to Study,91,s80,Synthetic,1,18,1,18,CREATE_REMINDER,1,0.9273029,1
audio/train_010166_group_synthetic_CREATE_REMINDER_STUDY_s82_v3_clean.wav,CREATE_REMINDER,Study,Create a reminder to Study,91,s82,Synthetic,1,18,1,18,CREATE_REMINDER,1,0.8582054,1
audio/train_010172_group_synthetic_CREATE_REMINDER_STUDY_s30_v3_clean.wav,CREATE_REMINDER,Study,Create a reminder to Study,91,s30,Synthetic,1,18,1,18,CREATE_REMINDER,1,0.97719485,1
audio/train_010174_group_synthetic_CREATE_REMINDER_STUDY_s38_v3_noisy.wav,CREATE_REMINDER,Study,Create a reminder to Study,91,s38,Synthetic,1,18,1,18,CREATE_REMINDER,1,0.98770034,1
audio/train_010176_group_synthetic_CREATE_REMINDER_STUDY_s88_v3_noisy.wav,CREATE_REMINDER,Study,Create a reminder to Study,91,s88,Synthetic,1,18,1,18,CREATE_REMINDER,1,0.94910175,1
audio/train_010198_group_synthetic_CREATE_REMINDER_STUDY_s26_v3_clean.wav,CREATE_REMINDER,Study,Create a reminder to Study,91,s26,Synthetic,1,18,1,18,CREATE_REMINDER,1,0.9304197,1
audio/train_010201_group_synthetic_CREATE_REMINDER_STUDY_s18_v3_clean.wav,CREATE_REMINDER,Study,Create a reminder to Study,91,s18,Synthetic,1,18,1,18,CREATE_REMINDER,1,0.8479118,1
audio/train_010206_group_synthetic_CREATE_REMINDER_STUDY_s82_v3_noisy.wav,CREATE_REMINDER,Study,Create a reminder to Study,91,s82,Synthetic,1,18,1,18,CREATE_REMINDER,1,0.850567,1
audio/train_010213_group_synthetic_CREATE_REMINDER_EXERCISE_s74_v3_noisy.wav,CREATE_REMINDER,Exercise,Create a reminder to Exercise,92,s74,Synthetic,1,18,2,18,CREATE_REMINDER,2,0.21925187,1
audio/train_010230_group_synthetic_CREATE_REMINDER_EXERCISE_s80_v3_noisy.wav,CREATE_REMINDER,Exercise,Create a reminder to Exercise,92,s80,Synthetic,1,18,2,18,CREATE_REMINDER,2,0.8518225,1
audio/train_010234_group_synthetic_CREATE_REMINDER_EXERCISE_s30_v3_clean.wav,CREATE_REMINDER,Exercise,Create a reminder to Exercise,92,s30,Synthetic,1,18,2,18,CREATE_REMINDER,2,0.9440609,1
audio/train_010237_group_synthetic_CREATE_REMINDER_EXERCISE_s72_v3_clean.wav,CREATE_REMINDER,Exercise,Create a reminder to Exercise,92,s72,Synthetic,1,18,2,18,CREATE_REMINDER,2,0.9061025,1
audio/train_010243_group_synthetic_CREATE_REMINDER_EXERCISE_s26_v3_clean.wav,CREATE_REMINDER,Exercise,Create a reminder to Exercise,92,s26,Synthetic,1,18,2,18,CREATE_REMINDER,2,0.9480017,1
audio/train_010248_group_synthetic_CREATE_REMINDER_EXERCISE_s38_v3_noisy.wav,CREATE_REMINDER,Exercise,Create a reminder to Exercise,92,s38,Synthetic,1,18,2,18,CREATE_REMINDER,2,0.97701377,1
audio/train_010259_group_synthetic_CREATE_REMINDER_EXERCISE_s67_v3_noisy.wav,CREATE_REMINDER,Exercise,Create a reminder to Exercise,92,s67,Synthetic,1,18,2,18,CREATE_REMINDER,2,0.9295713,1
audio/train_010261_group_synthetic_CREATE_REMINDER_EXERCISE_s18_v3_clean.wav,CREATE_REMINDER,Exercise,Create a reminder to Exercise,92,s18,Synthetic,1,18,2,18,CREATE_REMINDER,2,0.8328511,1
audio/train_010263_group_synthetic_CREATE_REMINDER_EXERCISE_s82_v3_noisy.wav,CREATE_REMINDER,Exercise,Create a reminder to Exercise,92,s82,Synthetic,1,18,2,18,CREATE_REMINDER,2,0.97363824,1
audio/train_010268_group_synthetic_CREATE_REMINDER_EXERCISE_s88_v3_clean.wav,CREATE_REMINDER,Exercise,Create a reminder to Exercise,92,s88,Synthetic,1,18,2,18,CREATE_REMINDER,2,0.99016154,1
audio/train_010281_group_synthetic_CREATE_REMINDER_EXERCISE_s80_v3_clean.wav,CREATE_REMINDER,Exercise,Create a reminder to Exercise,92,s80,Synthetic,1,18,2,18,CREATE_REMINDER,2,0.8466879,1
audio/train_010293_group_synthetic_CREATE_REMINDER_EXERCISE_s74_v3_clean.wav,CREATE_REMINDER,Exercise,Create a reminder to Exercise,92,s74,Synthetic,1,18,2,11,MESSAGE,-1,0.27882874,0
audio/train_010295_group_synthetic_CREATE_REMINDER_EXERCISE_s30_v3_noisy.wav,CREATE_REMINDER,Exercise,Create a reminder to Exercise,92,s30,Synthetic,1,18,2,18,CREATE_REMINDER,2,0.9560467,1
audio/train_010307_group_synthetic_CREATE_REMINDER_EXERCISE_s18_v3_noisy.wav,CREATE_REMINDER,Exercise,Create a reminder to Exercise,92,s18,Synthetic,1,18,2,18,CREATE_REMINDER,2,0.83846915,1
audio/train_010308_group_synthetic_CREATE_REMINDER_EXERCISE_s82_v3_clean.wav,CREATE_REMINDER,Exercise,Create a reminder to Exercise,92,s82,Synthetic,1,18,2,18,CREATE_REMINDER,2,0.9251896,1
audio/train_010314_group_synthetic_CREATE_REMINDER_EXERCISE_s88_v3_noisy.wav,CREATE_REMINDER,Exercise,Create a reminder to Exercise,92,s88,Synthetic,1,18,2,18,CREATE_REMINDER,2,0.9933547,1
audio/train_010316_group_synthetic_CREATE_REMINDER_EXERCISE_s38_v3_clean.wav,CREATE_REMINDER,Exercise,Create a reminder to Exercise,92,s38,Synthetic,1,18,2,18,CREATE_REMINDER,2,0.9669591,1
audio/train_010322_group_synthetic_CREATE_REMINDER_EXERCISE_s72_v3_noisy.wav,CREATE_REMINDER,Exercise,Create a reminder to Exercise,92,s72,Synthetic,1,18,2,18,CREATE_REMINDER,2,0.9264632,1
audio/train_010593_CommonVoice_en_common_voice_en_37565620.wav,OUT_OF_SCOPE,,,93,55a030057be189ff6c02ffc3adcd5fdba29713e76ba279bf852f3207f93468510d68200fffc1bed5b832b7dce8b1c902c8d10dff719dae0e3ecd57ce4bd2ae14,Filipino (open-source),0,19,-1,19,OUT_OF_SCOPE,-1,0.99713504,1
audio/train_010598_CommonVoice_en_common_voice_en_18460666.wav,OUT_OF_SCOPE,,,93,d2df1988d7d45261792bcd4cd2682426fc364d184d244d43353ca80b6b0b57dbbe31ddebc890315da9e4b739b4a838d75962bc6b1380c633ed0aff25cdab3890,Filipino (open-source),0,19,-1,19,OUT_OF_SCOPE,-1,0.57137144,1
audio/train_010614_CommonVoice_en_common_voice_en_37565622.wav,OUT_OF_SCOPE,,,93,55a030057be189ff6c02ffc3adcd5fdba29713e76ba279bf852f3207f93468510d68200fffc1bed5b832b7dce8b1c902c8d10dff719dae0e3ecd57ce4bd2ae14,Filipino (open-source),0,19,-1,19,OUT_OF_SCOPE,-1,0.44051746,1
audio/train_010615_SLURP_slurp_train_4190_2169_train-00001-.wav,OUT_OF_SCOPE,,,93,FO-462,Other / non-native,0,19,-1,5,VOLUME_DOWN,-1,0.34341624,0
audio/train_010625_FluentSpeechCommands_be1b7300-45c3-11e9-8ec0-7bf21d1cfe30.wav,OUT_OF_SCOPE,,,93,xRQE5VD7rRHVdyvM,Native English,0,19,-1,17,COLOR,0,0.6486572,0
audio/train_010629_SLURP_slurp_train_7159_3531_train-00000-.wav,OUT_OF_SCOPE,,,93,FE-249,Native English,0,19,-1,19,OUT_OF_SCOPE,-1,0.22283922,1
audio/train_010633_SNIPS_snips_smart-lights_1040_close.wav,OUT_OF_SCOPE,,,93,0f9d4a24-4d36-4378-98fd-3ddbe67d2f29,Native English,0,19,-1,7,LIGHT_OFF,-1,0.5742497,0
audio/train_010636_SLURP_slurp_train_4195_857_train-00003-.wav,OUT_OF_SCOPE,,,93,FO-180,Other / non-native,0,19,-1,16,BRIGHTNESS,0,0.25810775,0
audio/train_010640_SNIPS_snips_smart-lights_1654_close.wav,OUT_OF_SCOPE,,,93,9294d77a-9d94-4903-a978-af94ab79c0d9,Other Asian English,0,19,-1,19,OUT_OF_SCOPE,-1,0.2938677,1
audio/train_010655_FluentSpeechCommands_b3eacdd0-446b-11e9-beaa-1f3e1eab7bff.wav,OUT_OF_SCOPE,,,93,AY5e3mMgZkIyG3Ox,Native English,0,19,-1,15,TEMPERATURE,2,0.4343303,0
audio/train_010657_SNIPS_snips_smart-lights_3248_far.wav,OUT_OF_SCOPE,,,93,bfc416c8-6ecd-4c63-a76d-02ea63ab9029,Native English,0,19,-1,14,ALARM,1,0.20670648,0
audio/train_010660_CommonVoice_en_common_voice_en_29658516.wav,OUT_OF_SCOPE,,,93,1693645a86757a36d1c72f6c47fbda9cc606456d244cef6a26c34a238e2f730dd749dbd74f3dd19aea565ccc95888d53bb96b52aa9b9648ade51a0e86c0247e2,Native English,0,19,-1,15,TEMPERATURE,2,0.43256658,0
audio/train_010662_SLURP_slurp_test_5370_2940.wav,OUT_OF_SCOPE,,,93,FE-250,Native English,0,19,-1,19,OUT_OF_SCOPE,-1,0.2173082,1
audio/train_010663_CommonVoice_en_common_voice_en_37290120.wav,OUT_OF_SCOPE,,,93,e334d0aad055010163d48bdafb1ed4683f7fa0f0ac6315cbce463e77695f07d59e2814ea47189b1cd77a9fdd4776b6ca2a3863b96150f4db9b6922b365b7c677,Native English,0,19,-1,19,OUT_OF_SCOPE,-1,0.7223324,1
audio/train_010667_SLURP_slurp_train_119_5932_train-00004-.wav,OUT_OF_SCOPE,,,93,FO-420,Other / non-native,0,19,-1,3,NEXT,-1,0.5356874,0
audio/train_010669_SLURP_slurp_train_12407_5996_train-00002-.wav,OUT_OF_SCOPE,,,93,FO-171,Other / non-native,0,19,-1,19,OUT_OF_SCOPE,-1,0.44748735,1
audio/train_010672_SLURP_slurp_train_5281_722_train-00005-.wav,OUT_OF_SCOPE,,,93,ME-369,Native English,0,19,-1,5,VOLUME_DOWN,-1,0.24903534,0
audio/train_010677_SLURP_slurp_devel_3973_497.wav,OUT_OF_SCOPE,,,93,FO-462,Other / non-native,0,19,-1,19,OUT_OF_SCOPE,-1,0.58020616,1
audio/train_010688_group_synthetic_PLAY_MUSIC_s74_v1_clean.wav,PLAY_MUSIC,,Play music,0,s74,Synthetic,1,0,-1,0,PLAY_MUSIC,-1,0.4826125,1
audio/train_010692_group_synthetic_PLAY_MUSIC_s72_v2_clean.wav,PLAY_MUSIC,,Start music,1,s72,Synthetic,1,0,-1,2,STOP,-1,0.48948357,0
audio/train_010704_group_synthetic_PLAY_MUSIC_s80_v2_clean.wav,PLAY_MUSIC,,Start music,1,s80,Synthetic,1,0,-1,2,STOP,-1,0.7289202,0
audio/train_010708_group_synthetic_PLAY_MUSIC_s88_v2_clean.wav,PLAY_MUSIC,,Start music,1,s88,Synthetic,1,0,-1,0,PLAY_MUSIC,-1,0.35248834,1
audio/train_010712_group_synthetic_PLAY_MUSIC_s18_v2_clean.wav,PLAY_MUSIC,,Start music,1,s18,Synthetic,1,0,-1,0,PLAY_MUSIC,-1,0.89452696,1
audio/train_010713_group_synthetic_PLAY_MUSIC_s74_v2_clean.wav,PLAY_MUSIC,,Start music,1,s74,Synthetic,1,0,-1,0,PLAY_MUSIC,-1,0.82500273,1
audio/train_010717_group_synthetic_PLAY_MUSIC_s82_v2_clean.wav,PLAY_MUSIC,,Start music,1,s82,Synthetic,1,0,-1,0,PLAY_MUSIC,-1,0.9355001,1
audio/train_010734_group_synthetic_PLAY_MUSIC_s72_v3_clean.wav,PLAY_MUSIC,,Play some music,2,s72,Synthetic,1,0,-1,0,PLAY_MUSIC,-1,0.96814954,1
audio/train_010742_group_synthetic_PLAY_MUSIC_s80_v3_clean.wav,PLAY_MUSIC,,Play some music,2,s80,Synthetic,1,0,-1,0,PLAY_MUSIC,-1,0.9523464,1
audio/train_010746_group_synthetic_PLAY_MUSIC_s82_v3_clean.wav,PLAY_MUSIC,,Play some music,2,s82,Synthetic,1,0,-1,0,PLAY_MUSIC,-1,0.9901647,1
audio/train_010753_group_synthetic_PLAY_MUSIC_s18_v3_clean.wav,PLAY_MUSIC,,Play some music,2,s18,Synthetic,1,0,-1,0,PLAY_MUSIC,-1,0.8974373,1
audio/train_010758_group_synthetic_PLAY_MUSIC_s26_v3_noisy.wav,PLAY_MUSIC,,Play some music,2,s26,Synthetic,1,0,-1,0,PLAY_MUSIC,-1,0.9596879,1
audio/train_010767_group_synthetic_PLAY_MUSIC_s30_v3_noisy.wav,PLAY_MUSIC,,Play some music,2,s30,Synthetic,1,0,-1,0,PLAY_MUSIC,-1,0.98977983,1
audio/train_010770_group_synthetic_WEATHER_s72_v1_clean.wav,WEATHER,,Weather,3,s72,Synthetic,1,8,-1,8,WEATHER,-1,0.30810088,1
audio/train_010772_group_synthetic_WEATHER_s67_v1_clean.wav,WEATHER,,Weather,3,s67,Synthetic,1,8,-1,8,WEATHER,-1,0.9592815,1
audio/train_010784_group_synthetic_WEATHER_s82_v1_clean.wav,WEATHER,,Weather,3,s82,Synthetic,1,8,-1,8,WEATHER,-1,0.996985,1
audio/train_010785_group_synthetic_WEATHER_s88_v1_clean.wav,WEATHER,,Weather,3,s88,Synthetic,1,8,-1,8,WEATHER,-1,0.82498544,1
audio/train_010797_group_synthetic_WEATHER_s18_v1_noisy.wav,WEATHER,,Weather,3,s18,Synthetic,1,8,-1,8,WEATHER,-1,0.9871349,1
audio/train_010806_group_synthetic_WEATHER_s80_v2_clean.wav,WEATHER,,What's the weather?,4,s80,Synthetic,1,8,-1,19,OUT_OF_SCOPE,-1,0.12898707,0
audio/train_010812_group_synthetic_WEATHER_s67_v2_clean.wav,WEATHER,,What's the weather?,4,s67,Synthetic,1,8,-1,8,WEATHER,-1,0.92415655,1
audio/train_010816_group_synthetic_WEATHER_s26_v2_clean.wav,WEATHER,,What's the weather?,4,s26,Synthetic,1,8,-1,8,WEATHER,-1,0.99537235,1
audio/train_010822_group_synthetic_WEATHER_s82_v2_clean.wav,WEATHER,,What's the weather?,4,s82,Synthetic,1,8,-1,8,WEATHER,-1,0.9931658,1
audio/train_010840_group_synthetic_WEATHER_s80_v3_clean.wav,WEATHER,,Tell me the weather,5,s80,Synthetic,1,8,-1,8,WEATHER,-1,0.3197411,1
audio/train_010854_group_synthetic_WEATHER_s26_v3_clean.wav,WEATHER,,Tell me the weather,5,s26,Synthetic,1,8,-1,8,WEATHER,-1,0.96513945,1
audio/train_010863_group_synthetic_WEATHER_s67_v3_clean.wav,WEATHER,,Tell me the weather,5,s67,Synthetic,1,8,-1,8,WEATHER,-1,0.67794436,1
audio/train_010866_group_synthetic_WEATHER_s18_v3_noisy.wav,WEATHER,,Tell me the weather,5,s18,Synthetic,1,8,-1,8,WEATHER,-1,0.9543399,1
audio/train_010879_group_synthetic_TIME_s67_v2_clean.wav,TIME,,What time is it?,7,s67,Synthetic,1,9,-1,9,TIME,-1,0.5905686,1
audio/train_010880_group_synthetic_TIME_s30_v2_clean.wav,TIME,,What time is it?,7,s30,Synthetic,1,9,-1,9,TIME,-1,0.8876844,1
audio/train_010883_group_synthetic_LIGHT_ON_s38_v1_clean.wav,LIGHT_ON,,Lights on,9,s38,Synthetic,1,6,-1,6,LIGHT_ON,-1,0.6408323,1
audio/train_010890_group_synthetic_LIGHT_ON_s30_v1_clean.wav,LIGHT_ON,,Lights on,9,s30,Synthetic,1,6,-1,6,LIGHT_ON,-1,0.7432775,1
audio/train_010909_group_synthetic_LIGHT_ON_s18_v1_clean.wav,LIGHT_ON,,Lights on,9,s18,Synthetic,1,6,-1,6,LIGHT_ON,-1,0.57375294,1
audio/train_010912_group_synthetic_LIGHT_ON_s18_v2_clean.wav,LIGHT_ON,,Power on the lights,10,s18,Synthetic,1,6,-1,6,LIGHT_ON,-1,0.68120146,1
audio/train_010921_group_synthetic_LIGHT_ON_s30_v2_clean.wav,LIGHT_ON,,Power on the lights,10,s30,Synthetic,1,6,-1,6,LIGHT_ON,-1,0.8759236,1
audio/train_010923_group_synthetic_LIGHT_ON_s26_v2_clean.wav,LIGHT_ON,,Power on the lights,10,s26,Synthetic,1,6,-1,6,LIGHT_ON,-1,0.5680157,1
audio/train_010924_group_synthetic_LIGHT_ON_s38_v2_clean.wav,LIGHT_ON,,Power on the lights,10,s38,Synthetic,1,6,-1,6,LIGHT_ON,-1,0.8464487,1
audio/train_010931_group_synthetic_LIGHT_ON_s88_v2_clean.wav,LIGHT_ON,,Power on the lights,10,s88,Synthetic,1,6,-1,6,LIGHT_ON,-1,0.60414994,1
audio/train_010945_group_synthetic_LIGHT_ON_s18_v3_clean.wav,LIGHT_ON,,Turn on the lights,11,s18,Synthetic,1,6,-1,6,LIGHT_ON,-1,0.51824,1
audio/train_010946_group_synthetic_LIGHT_ON_s38_v3_clean.wav,LIGHT_ON,,Turn on the lights,11,s38,Synthetic,1,6,-1,6,LIGHT_ON,-1,0.7111032,1
audio/train_010948_group_synthetic_LIGHT_OFF_s30_v1_clean.wav,LIGHT_OFF,,Lights out,12,s30,Synthetic,1,7,-1,6,LIGHT_ON,-1,0.48463818,0
audio/train_010953_group_synthetic_LIGHT_OFF_s82_v1_clean.wav,LIGHT_OFF,,Lights out,12,s82,Synthetic,1,7,-1,7,LIGHT_OFF,-1,0.66319287,1
audio/train_010965_group_synthetic_LIGHT_OFF_s18_v1_clean.wav,LIGHT_OFF,,Lights out,12,s18,Synthetic,1,7,-1,7,LIGHT_OFF,-1,0.8300722,1
audio/train_010972_group_synthetic_LIGHT_OFF_s26_v2_clean.wav,LIGHT_OFF,,Kill the lights,13,s26,Synthetic,1,7,-1,7,LIGHT_OFF,-1,0.5942872,1
audio/train_010973_group_synthetic_LIGHT_OFF_s18_v2_clean.wav,LIGHT_OFF,,Kill the lights,13,s18,Synthetic,1,7,-1,19,OUT_OF_SCOPE,-1,0.6461589,0
audio/train_010995_group_synthetic_LIGHT_OFF_s80_v3_clean.wav,LIGHT_OFF,,Shut off the lights,14,s80,Synthetic,1,7,-1,7,LIGHT_OFF,-1,0.67314315,1
audio/train_010998_group_synthetic_LIGHT_OFF_s82_v3_clean.wav,LIGHT_OFF,,Shut off the lights,14,s82,Synthetic,1,7,-1,7,LIGHT_OFF,-1,0.55437064,1
audio/train_011003_group_synthetic_LIGHT_OFF_s72_v3_clean.wav,LIGHT_OFF,,Shut off the lights,14,s72,Synthetic,1,7,-1,7,LIGHT_OFF,-1,0.36253405,1
audio/train_011008_group_synthetic_PAUSE_s30_v2_clean.wav,PAUSE,,Pause audio,16,s30,Synthetic,1,1,-1,1,PAUSE,-1,0.6373833,1
audio/train_011022_group_synthetic_PAUSE_s18_v3_clean.wav,PAUSE,,Pause song,17,s18,Synthetic,1,1,-1,1,PAUSE,-1,0.8898196,1
audio/train_011032_group_synthetic_PAUSE_s82_v3_clean.wav,PAUSE,,Pause song,17,s82,Synthetic,1,1,-1,1,PAUSE,-1,0.94059753,1
audio/train_011045_group_synthetic_NEXT_s74_v3_clean.wav,NEXT,,Play next song,23,s74,Synthetic,1,3,-1,3,NEXT,-1,0.7725244,1
audio/train_011046_group_synthetic_NEXT_s38_v3_clean.wav,NEXT,,Play next song,23,s38,Synthetic,1,3,-1,3,NEXT,-1,0.92492425,1
audio/train_011061_group_synthetic_VOLUME_DOWN_s80_v2_clean.wav,VOLUME_DOWN,,Lower the volume,28,s80,Synthetic,1,5,-1,5,VOLUME_DOWN,-1,0.69643223,1
audio/train_011066_group_synthetic_VOLUME_DOWN_s18_v3_clean.wav,VOLUME_DOWN,,Turn the volume down,29,s18,Synthetic,1,5,-1,5,VOLUME_DOWN,-1,0.7338932,1
audio/train_011077_group_synthetic_CALL_s74_v1_clean.wav,CALL,,Call,30,s74,Synthetic,1,10,-1,1,PAUSE,-1,0.40199202,0
audio/train_011080_group_synthetic_CALL_s67_v1_clean.wav,CALL,,Call,30,s67,Synthetic,1,10,-1,10,CALL,-1,0.66838896,1
audio/train_011084_group_synthetic_CALL_s72_v1_clean.wav,CALL,,Call,30,s72,Synthetic,1,10,-1,1,PAUSE,-1,0.74644023,0
audio/train_011087_group_synthetic_CALL_s80_v1_clean.wav,CALL,,Call,30,s80,Synthetic,1,10,-1,9,TIME,-1,0.64258593,0
audio/train_011092_group_synthetic_CALL_s88_v1_clean.wav,CALL,,Call,30,s88,Synthetic,1,10,-1,3,NEXT,-1,0.4255671,0
audio/train_011093_group_synthetic_CALL_s30_v1_clean.wav,CALL,,Call,30,s30,Synthetic,1,10,-1,3,NEXT,-1,0.26742855,0
audio/train_011108_group_synthetic_CALL_s18_v1_noisy.wav,CALL,,Call,30,s18,Synthetic,1,10,-1,10,CALL,-1,0.56891817,1
audio/train_011116_group_synthetic_CALL_s18_v2_clean.wav,CALL,,Make a call,31,s18,Synthetic,1,10,-1,10,CALL,-1,0.7057528,1
audio/train_011119_group_synthetic_CALL_s30_v2_clean.wav,CALL,,Make a call,31,s30,Synthetic,1,10,-1,10,CALL,-1,0.54266876,1
audio/train_011120_group_synthetic_CALL_s88_v2_clean.wav,CALL,,Make a call,31,s88,Synthetic,1,10,-1,10,CALL,-1,0.97039795,1
audio/train_011126_group_synthetic_CALL_s88_v3_clean.wav,CALL,,Make a phone call,32,s88,Synthetic,1,10,-1,10,CALL,-1,0.938951,1
audio/train_011132_group_synthetic_CALL_s80_v3_clean.wav,CALL,,Make a phone call,32,s80,Synthetic,1,10,-1,19,OUT_OF_SCOPE,-1,0.35349748,0
audio/train_011134_group_synthetic_CALL_s18_v3_clean.wav,CALL,,Make a phone call,32,s18,Synthetic,1,10,-1,19,OUT_OF_SCOPE,-1,0.45287475,0
audio/train_011135_group_synthetic_MESSAGE_s80_v1_clean.wav,MESSAGE,,Message,33,s80,Synthetic,1,11,-1,11,MESSAGE,-1,0.83178735,1
audio/train_011139_group_synthetic_MESSAGE_s67_v1_clean.wav,MESSAGE,,Message,33,s67,Synthetic,1,11,-1,11,MESSAGE,-1,0.83890885,1
audio/train_011147_group_synthetic_MESSAGE_s38_v2_clean.wav,MESSAGE,,Send a message,34,s38,Synthetic,1,11,-1,11,MESSAGE,-1,0.9783788,1
audio/train_011149_group_synthetic_MESSAGE_s30_v2_clean.wav,MESSAGE,,Send a message,34,s30,Synthetic,1,11,-1,11,MESSAGE,-1,0.9953831,1
audio/train_011158_group_synthetic_MESSAGE_s82_v2_clean.wav,MESSAGE,,Send a message,34,s82,Synthetic,1,11,-1,11,MESSAGE,-1,0.9990571,1
audio/train_011163_group_synthetic_LIST_REMINDERS_s18_v2_clean.wav,LIST_REMINDERS,,Show my reminders,37,s18,Synthetic,1,12,-1,12,LIST_REMINDERS,-1,0.8693139,1
audio/train_011164_group_synthetic_LIST_REMINDERS_s67_v2_clean.wav,LIST_REMINDERS,,Show my reminders,37,s67,Synthetic,1,12,-1,12,LIST_REMINDERS,-1,0.9473097,1
audio/train_011165_group_synthetic_LIST_REMINDERS_s72_v2_clean.wav,LIST_REMINDERS,,Show my reminders,37,s72,Synthetic,1,12,-1,12,LIST_REMINDERS,-1,0.8989749,1
audio/train_011178_group_synthetic_LIST_REMINDERS_s30_v3_clean.wav,LIST_REMINDERS,,List my reminders,38,s30,Synthetic,1,12,-1,12,LIST_REMINDERS,-1,0.959637,1
audio/train_011191_group_synthetic_oos_OOS_s18_010_clean.wav,OUT_OF_SCOPE,,,93,s18,Synthetic,1,19,-1,19,OUT_OF_SCOPE,-1,0.98001796,1
audio/train_011197_group_synthetic_oos_OOS_s26_016_clean.wav,OUT_OF_SCOPE,,,93,s26,Synthetic,1,19,-1,19,OUT_OF_SCOPE,-1,0.731125,1
audio/train_011199_group_synthetic_oos_OOS_s30_018_clean.wav,OUT_OF_SCOPE,,,93,s30,Synthetic,1,19,-1,16,BRIGHTNESS,1,0.29228765,0
audio/train_011203_group_synthetic_oos_OOS_s38_022_clean.wav,OUT_OF_SCOPE,,,93,s38,Synthetic,1,19,-1,15,TEMPERATURE,1,0.37898946,0
audio/train_011226_group_synthetic_oos_OOS_s67_045_noisy.wav,OUT_OF_SCOPE,,,93,s67,Synthetic,1,19,-1,15,TEMPERATURE,2,0.26115084,0
audio/train_011230_group_synthetic_oos_OOS_s72_049_noisy.wav,OUT_OF_SCOPE,,,93,s72,Synthetic,1,19,-1,19,OUT_OF_SCOPE,-1,0.7363723,1
audio/train_011231_group_synthetic_oos_OOS_s74_050_clean.wav,OUT_OF_SCOPE,,,93,s74,Synthetic,1,19,-1,19,OUT_OF_SCOPE,-1,0.70854324,1
audio/train_011236_group_synthetic_oos_OOS_s80_055_noisy.wav,OUT_OF_SCOPE,,,93,s80,Synthetic,1,19,-1,19,OUT_OF_SCOPE,-1,0.7341559,1
audio/train_011238_group_synthetic_oos_OOS_s82_057_noisy.wav,OUT_OF_SCOPE,,,93,s82,Synthetic,1,19,-1,19,OUT_OF_SCOPE,-1,0.2596118,1
audio/train_011243_group_synthetic_oos_OOS_s88_062_clean.wav,OUT_OF_SCOPE,,,93,s88,Synthetic,1,19,-1,19,OUT_OF_SCOPE,-1,0.80121887,1
