file,command,slot_value,variation,variation_idx,speaker_id,accent_group,is_synthetic,true_cmd_idx,true_slot_idx,pred_cmd_idx,pred_command,pred_slot_idx,max_prob,correct
audio/train_000060_group_synthetic_PLAY_MUSIC_s88_v1_noisy.wav,PLAY_MUSIC,,Play music,0,s88,Synthetic,1,0,-1,0,PLAY_MUSIC,-1,0.68027353,1
audio/train_000064_group_synthetic_PLAY_MUSIC_s26_v1_noisy.wav,PLAY_MUSIC,,Play music,0,s26,Synthetic,1,0,-1,0,PLAY_MUSIC,-1,0.91075677,1
audio/train_000068_group_synthetic_PLAY_MUSIC_s80_v1_clean.wav,PLAY_MUSIC,,Play music,0,s80,Synthetic,1,0,-1,0,PLAY_MUSIC,-1,0.41182435,1
audio/train_000081_group_synthetic_PLAY_MUSIC_s74_v1_noisy.wav,PLAY_MUSIC,,Play music,0,s74,Synthetic,1,0,-1,0,PLAY_MUSIC,-1,0.6269097,1
audio/train_000086_group_synthetic_PLAY_MUSIC_s72_v1_clean.wav,PLAY_MUSIC,,Play music,0,s72,Synthetic,1,0,-1,0,PLAY_MUSIC,-1,0.9076973,1
audio/train_000088_group_synthetic_PLAY_MUSIC_s18_v1_clean.wav,PLAY_MUSIC,,Play music,0,s18,Synthetic,1,0,-1,0,PLAY_MUSIC,-1,0.8968744,1
audio/train_000089_group_synthetic_PLAY_MUSIC_s67_v1_noisy.wav,PLAY_MUSIC,,Play music,0,s67,Synthetic,1,0,-1,0,PLAY_MUSIC,-1,0.8830787,1
audio/train_000091_group_synthetic_PLAY_MUSIC_s82_v1_noisy.wav,PLAY_MUSIC,,Play music,0,s82,Synthetic,1,0,-1,0,PLAY_MUSIC,-1,0.96253246,1
audio/train_000098_group_synthetic_PLAY_MUSIC_s38_v1_clean.wav,PLAY_MUSIC,,Play music,0,s38,Synthetic,1,0,-1,0,PLAY_MUSIC,-1,0.9242978,1
audio/train_000109_group_synthetic_PLAY_MUSIC_s30_v1_clean.wav,PLAY_MUSIC,,Play music,0,s30,Synthetic,1,0,-1,0,PLAY_MUSIC,-1,0.93770474,1
audio/train_000138_SLURP_slurp_test_614_347.wav,PLAY_MUSIC,,Start music,1,FO-462,Other / non-native,0,0,-1,2,STOP,-1,0.5188758,0
audio/train_000168_group_synthetic_PLAY_MUSIC_s67_v2_clean.wav,PLAY_MUSIC,,Start music,1,s67,Synthetic,1,0,-1,0,PLAY_MUSIC,-1,0.89054644,1
audio/train_000169_group_synthetic_PLAY_MUSIC_s88_v2_noisy.wav,PLAY_MUSIC,,Start music,1,s88,Synthetic,1,0,-1,0,PLAY_MUSIC,-1,0.88407123,1
audio/train_000172_group_synthetic_PLAY_MUSIC_s18_v2_noisy.wav,PLAY_MUSIC,,Start music,1,s18,Synthetic,1,0,-1,0,PLAY_MUSIC,-1,0.8262944,1
audio/train_000181_group_synthetic_PLAY_MUSIC_s80_v2_noisy.wav,PLAY_MUSIC,,Start music,1,s80,Synthetic,1,0,-1,0,PLAY_MUSIC,-1,0.45652512,1
audio/train_000201_group_synthetic_PLAY_MUSIC_s26_v2_clean.wav,PLAY_MUSIC,,Start music,1,s26,Synthetic,1,0,-1,0,PLAY_MUSIC,-1,0.7344236,1
audio/train_000203_group_synthetic_PLAY_MUSIC_s38_v2_clean.wav,PLAY_MUSIC,,Start music,1,s38,Synthetic,1,0,-1,0,PLAY_MUSIC,-1,0.91897404,1
audio/train_000212_group_synthetic_PLAY_MUSIC_s74_v2_noisy.wav,PLAY_MUSIC,,Start music,1,s74,Synthetic,1,0,-1,0,PLAY_MUSIC,-1,0.85457855,1
audio/train_000231_SLURP_slurp_train_4472_4854_train-00001-.wav,PLAY_MUSIC,,Play some music,2,FO-462,Other / non-native,0,0,-1,19,OUT_OF_SCOPE,-1,0.19665821,0
audio/train_000274_SLURP_slurp_train_3818_6652_train-00003-.wav,PLAY_MUSIC,,Play some music,2,FO-180,Other / non-native,0,0,-1,19,OUT_OF_SCOPE,-1,0.27984753,0
audio/train_000292_group_synthetic_PLAY_MUSIC_s18_v3_noisy.wav,PLAY_MUSIC,,Play some music,2,s18,Synthetic,1,0,-1,0,PLAY_MUSIC,-1,0.87447065,1
audio/train_000301_group_synthetic_PLAY_MUSIC_s30_v3_clean.wav,PLAY_MUSIC,,Play some music,2,s30,Synthetic,1,0,-1,0,PLAY_MUSIC,-1,0.96369696,1
audio/train_000303_group_synthetic_PLAY_MUSIC_s88_v3_clean.wav,PLAY_MUSIC,,Play some music,2,s88,Synthetic,1,0,-1,0,PLAY_MUSIC,-1,0.747196,1
audio/train_000314_group_synthetic_PLAY_MUSIC_s38_v3_clean.wav,PLAY_MUSIC,,Play some music,2,s38,Synthetic,1,0,-1,0,PLAY_MUSIC,-1,0.9228963,1
audio/train_000327_group_synthetic_PLAY_MUSIC_s67_v3_clean.wav,PLAY_MUSIC,,Play some music,2,s67,Synthetic,1,0,-1,0,PLAY_MUSIC,-1,0.9125029,1
audio/train_000329_group_synthetic_PLAY_MUSIC_s82_v3_noisy.wav,PLAY_MUSIC,,Play some music,2,s82,Synthetic,1,0,-1,0,PLAY_MUSIC,-1,0.9688681,1
audio/train_000372_SLURP_slurp_train_1455_1847_train-00000-.wav,WEATHER,,Weather,3,FO-462,Other / non-native,0,8,-1,8,WEATHER,-1,0.9365384,1
audio/train_000399_group_synthetic_WEATHER_s82_v1_noisy.wav,WEATHER,,Weather,3,s82,Synthetic,1,8,-1,8,WEATHER,-1,0.9680979,1
audio/train_000409_group_synthetic_WEATHER_s80_v1_clean.wav,WEATHER,,Weather,3,s80,Synthetic,1,8,-1,19,OUT_OF_SCOPE,-1,0.6174965,0
audio/train_000416_group_synthetic_WEATHER_s88_v1_noisy.wav,WEATHER,,Weather,3,s88,Synthetic,1,8,-1,8,WEATHER,-1,0.91301626,1
audio/train_000419_group_synthetic_WEATHER_s26_v1_clean.wav,WEATHER,,Weather,3,s26,Synthetic,1,8,-1,8,WEATHER,-1,0.9496185,1
audio/train_000429_group_synthetic_WEATHER_s72_v1_noisy.wav,WEATHER,,Weather,3,s72,Synthetic,1,8,-1,8,WEATHER,-1,0.9000797,1
audio/train_000431_group_synthetic_WEATHER_s18_v1_clean.wav,WEATHER,,Weather,3,s18,Synthetic,1,8,-1,8,WEATHER,-1,0.9581799,1
audio/train_000437_group_synthetic_WEATHER_s67_v1_noisy.wav,WEATHER,,Weather,3,s67,Synthetic,1,8,-1,8,WEATHER,-1,0.95553637,1
audio/train_000440_group_synthetic_WEATHER_s30_v1_clean.wav,WEATHER,,Weather,3,s30,Synthetic,1,8,-1,8,WEATHER,-1,0.97117865,1
audio/train_000497_SLURP_slurp_train_2331_6588_train-00001-.wav,WEATHER,,What's the weather?,4,MO-371,Other / non-native,0,8,-1,17,COLOR,0,0.4022565,0
audio/train_000501_group_synthetic_WEATHER_s38_v2_clean.wav,WEATHER,,What's the weather?,4,s38,Synthetic,1,8,-1,8,WEATHER,-1,0.95844096,1
audio/train_000514_group_synthetic_WEATHER_s67_v2_noisy.wav,WEATHER,,What's the weather?,4,s67,Synthetic,1,8,-1,8,WEATHER,-1,0.9689605,1
audio/train_000523_group_synthetic_WEATHER_s72_v2_noisy.wav,WEATHER,,What's the weather?,4,s72,Synthetic,1,8,-1,8,WEATHER,-1,0.8353578,1
audio/train_000529_group_synthetic_WEATHER_s74_v2_noisy.wav,WEATHER,,What's the weather?,4,s74,Synthetic,1,8,-1,19,OUT_OF_SCOPE,-1,0.29580125,0
audio/train_000533_group_synthetic_WEATHER_s88_v2_noisy.wav,WEATHER,,What's the weather?,4,s88,Synthetic,1,8,-1,8,WEATHER,-1,0.95718986,1
audio/train_000535_group_synthetic_WEATHER_s82_v2_noisy.wav,WEATHER,,What's the weather?,4,s82,Synthetic,1,8,-1,8,WEATHER,-1,0.96176934,1
audio/train_000536_group_synthetic_WEATHER_s80_v2_noisy.wav,WEATHER,,What's the weather?,4,s80,Synthetic,1,8,-1,8,WEATHER,-1,0.5802124,1
audio/train_000551_group_synthetic_WEATHER_s26_v2_noisy.wav,WEATHER,,What's the weather?,4,s26,Synthetic,1,8,-1,8,WEATHER,-1,0.9687093,1
audio/train_000555_SLURP_slurp_train_2918_1052_train-00005-.wav,WEATHER,,Tell me the weather,5,FO-462,Other / non-native,0,8,-1,19,OUT_OF_SCOPE,-1,0.33952156,0
audio/train_000585_SLURP_slurp_train_179_7088_train-00001-.wav,WEATHER,,Tell me the weather,5,MO-371,Other / non-native,0,8,-1,8,WEATHER,-1,0.7784493,1
audio/train_000591_SLURP_slurp_test_2611_5904.wav,WEATHER,,Tell me the weather,5,FO-462,Other / non-native,0,8,-1,4,VOLUME_UP,-1,0.42240614,0
audio/train_000621_group_synthetic_WEATHER_s88_v3_clean.wav,WEATHER,,Tell me the weather,5,s88,Synthetic,1,8,-1,8,WEATHER,-1,0.84196717,1
audio/train_000624_group_synthetic_WEATHER_s72_v3_clean.wav,WEATHER,,Tell me the weather,5,s72,Synthetic,1,8,-1,8,WEATHER,-1,0.8779808,1
audio/train_000627_group_synthetic_WEATHER_s80_v3_noisy.wav,WEATHER,,Tell me the weather,5,s80,Synthetic,1,8,-1,8,WEATHER,-1,0.95942754,1
audio/train_000630_group_synthetic_WEATHER_s67_v3_noisy.wav,WEATHER,,Tell me the weather,5,s67,Synthetic,1,8,-1,8,WEATHER,-1,0.9423598,1
audio/train_000632_group_synthetic_WEATHER_s82_v3_clean.wav,WEATHER,,Tell me the weather,5,s82,Synthetic,1,8,-1,8,WEATHER,-1,0.97194123,1
audio/train_000641_group_synthetic_WEATHER_s18_v3_clean.wav,WEATHER,,Tell me the weather,5,s18,Synthetic,1,8,-1,8,WEATHER,-1,0.96325254,1
audio/train_000651_group_synthetic_WEATHER_s26_v3_noisy.wav,WEATHER,,Tell me the weather,5,s26,Synthetic,1,8,-1,8,WEATHER,-1,0.9687316,1
audio/train_000662_group_synthetic_WEATHER_s30_v3_clean.wav,WEATHER,,Tell me the weather,5,s30,Synthetic,1,8,-1,8,WEATHER,-1,0.9700038,1
audio/train_000672_SLURP_slurp_train_2180_7583_train-00004-.wav,TIME,,Time,6,FO-462,Other / non-native,0,9,-1,9,TIME,-1,0.8513131,1
audio/train_000678_SLURP_slurp_train_2180_7582_train-00004-.wav,TIME,,Time,6,FO-462,Other / non-native,0,9,-1,9,TIME,-1,0.83138895,1
audio/train_000680_SLURP_slurp_test_5703_1528.wav,TIME,,Time,6,FE-250,Native English,0,9,-1,19,OUT_OF_SCOPE,-1,0.45916456,0
audio/train_000681_SLURP_slurp_train_4069_8285_train-00001-.wav,TIME,,Time,6,FE-249,Native English,0,9,-1,5,VOLUME_DOWN,-1,0.83178085,0
audio/train_000682_SLURP_slurp_test_5703_1531.wav,TIME,,Time,6,FE-349,Native English,0,9,-1,19,OUT_OF_SCOPE,-1,0.34433526,0
audio/train_000685_SLURP_slurp_train_2180_7577_train-00004-.wav,TIME,,Time,6,FE-250,Native English,0,9,-1,9,TIME,-1,0.8011899,1
audio/train_000686_SLURP_slurp_test_5703_1529.wav,TIME,,Time,6,FE-250,Native English,0,9,-1,5,VOLUME_DOWN,-1,0.625639,0
audio/train_000687_SLURP_slurp_train_4069_8286_train-00001-.wav,TIME,,Time,6,FE-249,Native English,0,9,-1,19,OUT_OF_SCOPE,-1,0.56464,0
audio/train_000688_SLURP_slurp_test_5703_1530.wav,TIME,,Time,6,FE-349,Native English,0,9,-1,19,OUT_OF_SCOPE,-1,0.3935011,0
audio/train_000699_group_synthetic_TIME_s88_v1_noisy.wav,TIME,,Time,6,s88,Synthetic,1,9,-1,9,TIME,-1,0.66904634,1
audio/train_000705_group_synthetic_TIME_s38_v1_clean.wav,TIME,,Time,6,s38,Synthetic,1,9,-1,9,TIME,-1,0.95484746,1
audio/train_000706_group_synthetic_TIME_s67_v1_clean.wav,TIME,,Time,6,s67,Synthetic,1,9,-1,9,TIME,-1,0.93108225,1
audio/train_000725_group_synthetic_TIME_s30_v1_noisy.wav,TIME,,Time,6,s30,Synthetic,1,9,-1,9,TIME,-1,0.96761024,1
audio/train_000737_group_synthetic_TIME_s82_v1_noisy.wav,TIME,,Time,6,s82,Synthetic,1,9,-1,9,TIME,-1,0.8845078,1
audio/train_000741_group_synthetic_TIME_s18_v1_clean.wav,TIME,,Time,6,s18,Synthetic,1,9,-1,9,TIME,-1,0.9455765,1
audio/train_000750_group_synthetic_TIME_s67_v1_noisy.wav,TIME,,Time,6,s67,Synthetic,1,9,-1,9,TIME,-1,0.87711465,1
audio/train_000756_group_synthetic_TIME_s38_v1_noisy.wav,TIME,,Time,6,s38,Synthetic,1,9,-1,9,TIME,-1,0.8924755,1
audio/train_000759_group_synthetic_TIME_s88_v1_clean.wav,TIME,,Time,6,s88,Synthetic,1,9,-1,9,TIME,-1,0.7587707,1
audio/train_000775_group_synthetic_TIME_s30_v1_clean.wav,TIME,,Time,6,s30,Synthetic,1,9,-1,9,TIME,-1,0.97332746,1
audio/train_000795_SLURP_slurp_test_197_314.wav,TIME,,What time is it?,7,MO-371,Other / non-native,0,9,-1,9,TIME,-1,0.81441766,1
audio/train_000797_SLURP_slurp_test_4667_6112.wav,TIME,,What time is it?,7,FO-462,Other / non-native,0,9,-1,19,OUT_OF_SCOPE,-1,0.30161074,0
audio/train_000821_SLURP_slurp_test_197_304.wav,TIME,,What time is it?,7,FO-462,Other / non-native,0,9,-1,9,TIME,-1,0.9620876,1
audio/train_000828_SLURP_slurp_test_197_305.wav,TIME,,What time is it?,7,FO-462,Other / non-native,0,9,-1,9,TIME,-1,0.9176464,1
audio/train_000834_group_synthetic_TIME_s80_v2_clean.wav,TIME,,What time is it?,7,s80,Synthetic,1,9,-1,9,TIME,-1,0.96853,1
audio/train_000846_group_synthetic_TIME_s67_v2_noisy.wav,TIME,,What time is it?,7,s67,Synthetic,1,9,-1,9,TIME,-1,0.9842166,1
audio/train_000861_group_synthetic_TIME_s82_v2_clean.wav,TIME,,What time is it?,7,s82,Synthetic,1,9,-1,9,TIME,-1,0.8714577,1
audio/train_000867_group_synthetic_TIME_s30_v2_noisy.wav,TIME,,What time is it?,7,s30,Synthetic,1,9,-1,9,TIME,-1,0.96898717,1
audio/train_000871_group_synthetic_TIME_s38_v2_noisy.wav,TIME,,What time is it?,7,s38,Synthetic,1,9,-1,9,TIME,-1,0.9709957,1
audio/train_000876_group_synthetic_TIME_s88_v2_clean.wav,TIME,,What time is it?,7,s88,Synthetic,1,9,-1,9,TIME,-1,0.9768838,1
audio/train_000878_group_synthetic_TIME_s74_v2_noisy.wav,TIME,,What time is it?,7,s74,Synthetic,1,9,-1,0,PLAY_MUSIC,-1,0.4856893,0
audio/train_000892_SLURP_slurp_test_360_4528.wav,TIME,,Tell me the time,8,FO-462,Other / non-native,0,9,-1,9,TIME,-1,0.96581763,1
audio/train_000908_SLURP_slurp_train_195_3189_train-00004-.wav,TIME,,Tell me the time,8,FO-171,Other / non-native,0,9,-1,9,TIME,-1,0.7300062,1
audio/train_000915_SLURP_slurp_train_270_6037_train-00005-.wav,TIME,,Tell me the time,8,FO-180,Other / non-native,0,9,-1,9,TIME,-1,0.6213122,1
audio/train_000922_SLURP_slurp_train_195_3198_train-00004-.wav,TIME,,Tell me the time,8,FO-420,Other / non-native,0,9,-1,9,TIME,-1,0.77497524,1
audio/train_000929_SLURP_slurp_train_196_7955_train-00000-.wav,TIME,,Tell me the time,8,FO-462,Other / non-native,0,9,-1,9,TIME,-1,0.97725666,1
audio/train_000933_SLURP_slurp_test_360_4531.wav,TIME,,Tell me the time,8,FO-462,Other / non-native,0,9,-1,9,TIME,-1,0.8642476,1
audio/train_000934_SLURP_slurp_train_195_3204_train-00004-.wav,TIME,,Tell me the time,8,FO-462,Other / non-native,0,9,-1,9,TIME,-1,0.9747303,1
audio/train_000937_SLURP_slurp_train_195_3206_train-00004-.wav,TIME,,Tell me the time,8,FO-462,Other / non-native,0,9,-1,9,TIME,-1,0.9295565,1
audio/train_000939_SLURP_slurp_train_196_7956_train-00000-.wav,TIME,,Tell me the time,8,FO-462,Other / non-native,0,9,-1,9,TIME,-1,0.9750659,1
audio/train_000940_SLURP_slurp_test_360_4527.wav,TIME,,Tell me the time,8,FO-462,Other / non-native,0,9,-1,9,TIME,-1,0.93981457,1
audio/train_000942_SLURP_slurp_train_1394_7280_train-00001-.wav,TIME,,Tell me the time,8,FO-462,Other / non-native,0,9,-1,9,TIME,-1,0.7352707,1
audio/train_000943_SLURP_slurp_test_360_4529.wav,TIME,,Tell me the time,8,FO-462,Other / non-native,0,9,-1,19,OUT_OF_SCOPE,-1,0.45631728,0
audio/train_000950_group_synthetic_TIME_s30_v3_noisy.wav,TIME,,Tell me the time,8,s30,Synthetic,1,9,-1,9,TIME,-1,0.9246164,1
audio/train_000953_group_synthetic_TIME_s18_v3_clean.wav,TIME,,Tell me the time,8,s18,Synthetic,1,9,-1,9,TIME,-1,0.9693746,1
audio/train_000955_group_synthetic_TIME_s72_v3_noisy.wav,TIME,,Tell me the time,8,s72,Synthetic,1,9,-1,9,TIME,-1,0.52218187,1
audio/train_000956_group_synthetic_TIME_s74_v3_clean.wav,TIME,,Tell me the time,8,s74,Synthetic,1,9,-1,19,OUT_OF_SCOPE,-1,0.3911786,0
audio/train_000971_group_synthetic_TIME_s67_v3_noisy.wav,TIME,,Tell me the time,8,s67,Synthetic,1,9,-1,9,TIME,-1,0.94075555,1
audio/train_000972_group_synthetic_TIME_s82_v3_clean.wav,TIME,,Tell me the time,8,s82,Synthetic,1,9,-1,9,TIME,-1,0.95615536,1
audio/train_000976_group_synthetic_TIME_s80_v3_clean.wav,TIME,,Tell me the time,8,s80,Synthetic,1,9,-1,9,TIME,-1,0.5202957,1
audio/train_000992_group_synthetic_TIME_s38_v3_noisy.wav,TIME,,Tell me the time,8,s38,Synthetic,1,9,-1,9,TIME,-1,0.926164,1
audio/train_001001_SLURP_slurp_devel_4287_2327.wav,LIGHT_ON,,Lights on,9,FO-462,Other / non-native,0,6,-1,7,LIGHT_OFF,-1,0.8533988,0
audio/train_001007_SLURP_slurp_devel_4287_2326.wav,LIGHT_ON,,Lights on,9,FO-462,Other / non-native,0,6,-1,7,LIGHT_OFF,-1,0.7369108,0
audio/train_001027_SLURP_slurp_devel_4287_2329.wav,LIGHT_ON,,Lights on,9,ME-220,Native English,0,6,-1,7,LIGHT_OFF,-1,0.8633945,0
audio/train_001030_SLURP_slurp_devel_4287_2330.wav,LIGHT_ON,,Lights on,9,ME-352,Native English,0,6,-1,19,OUT_OF_SCOPE,-1,0.48330885,0
audio/train_001032_SNIPS_snips_smart-lights_1549_close.wav,LIGHT_ON,,Lights on,9,143921a6-6caa-417f-bd7e-2732023270c1,Native English,0,6,-1,19,OUT_OF_SCOPE,-1,0.2545737,0
audio/train_001037_FluentSpeechCommands_3f5dc650-44f4-11e9-a1ea-79ca03012c0e.wav,LIGHT_ON,,Lights on,9,ppymZZDb2Bf4NQnE,Native English,0,6,-1,6,LIGHT_ON,-1,0.64523053,1
audio/train_001044_SNIPS_snips_smart-lights_334_close.wav,LIGHT_ON,,Lights on,9,143921a6-6caa-417f-bd7e-2732023270c1,Native English,0,6,-1,19,OUT_OF_SCOPE,-1,0.31914714,0
audio/train_001054_SNIPS_snips_smart-lights_3220_far.wav,LIGHT_ON,,Lights on,9,143921a6-6caa-417f-bd7e-2732023270c1,Native English,0,6,-1,19,OUT_OF_SCOPE,-1,0.39484617,0
audio/train_001055_group_synthetic_LIGHT_ON_s26_v1_clean.wav,LIGHT_ON,,Lights on,9,s26,Synthetic,1,6,-1,6,LIGHT_ON,-1,0.94187033,1
audio/train_001076_group_synthetic_LIGHT_ON_s38_v1_noisy.wav,LIGHT_ON,,Lights on,9,s38,Synthetic,1,6,-1,7,LIGHT_OFF,-1,0.4948303,0
audio/train_001081_group_synthetic_LIGHT_ON_s30_v1_noisy.wav,LIGHT_ON,,Lights on,9,s30,Synthetic,1,6,-1,6,LIGHT_ON,-1,0.7440631,1
audio/train_001085_group_synthetic_LIGHT_ON_s72_v1_clean.wav,LIGHT_ON,,Lights on,9,s72,Synthetic,1,6,-1,6,LIGHT_ON,-1,0.5159972,1
audio/train_001089_group_synthetic_LIGHT_ON_s74_v1_clean.wav,LIGHT_ON,,Lights on,9,s74,Synthetic,1,6,-1,6,LIGHT_ON,-1,0.6159639,1
audio/train_001093_group_synthetic_LIGHT_ON_s82_v1_noisy.wav,LIGHT_ON,,Lights on,9,s82,Synthetic,1,6,-1,6,LIGHT_ON,-1,0.86159176,1
audio/train_001104_group_synthetic_LIGHT_ON_s18_v1_noisy.wav,LIGHT_ON,,Lights on,9,s18,Synthetic,1,6,-1,6,LIGHT_ON,-1,0.68588686,1
audio/train_001105_group_synthetic_LIGHT_ON_s88_v1_noisy.wav,LIGHT_ON,,Lights on,9,s88,Synthetic,1,6,-1,7,LIGHT_OFF,-1,0.47455913,0
audio/train_001110_SLURP_slurp_train_4150_2208_train-00005-.wav,LIGHT_ON,,Power on the lights,10,FO-462,Other / non-native,0,6,-1,6,LIGHT_ON,-1,0.5008376,1
audio/train_001123_SLURP_slurp_train_4150_2209_train-00005-.wav,LIGHT_ON,,Power on the lights,10,FO-462,Other / non-native,0,6,-1,7,LIGHT_OFF,-1,0.6870564,0
audio/train_001130_SNIPS_snips_smart-lights_2515_far.wav,LIGHT_ON,,Power on the lights,10,879c3ade-29b9-4bb5-9272-dabf30186e0e,Native English,0,6,-1,19,OUT_OF_SCOPE,-1,0.31531182,0
audio/train_001136_SNIPS_snips_smart-lights_844_close.wav,LIGHT_ON,,Power on the lights,10,879c3ade-29b9-4bb5-9272-dabf30186e0e,Native English,0,6,-1,6,LIGHT_ON,-1,0.4521004,1
audio/train_001139_SNIPS_snips_smart-lights_2040_far.wav,LIGHT_ON,,Power on the lights,10,143921a6-6caa-417f-bd7e-2732023270c1,Native English,0,6,-1,17,COLOR,0,0.76263946,0
audio/train_001146_SNIPS_snips_smart-lights_369_close.wav,LIGHT_ON,,Power on the lights,10,143921a6-6caa-417f-bd7e-2732023270c1,Native English,0,6,-1,19,OUT_OF_SCOPE,-1,0.5091253,0
audio/train_001163_group_synthetic_LIGHT_ON_s74_v2_noisy.wav,LIGHT_ON,,Power on the lights,10,s74,Synthetic,1,6,-1,6,LIGHT_ON,-1,0.5324976,1
audio/train_001166_group_synthetic_LIGHT_ON_s30_v2_noisy.wav,LIGHT_ON,,Power on the lights,10,s30,Synthetic,1,6,-1,6,LIGHT_ON,-1,0.95724887,1
audio/train_001179_group_synthetic_LIGHT_ON_s82_v2_noisy.wav,LIGHT_ON,,Power on the lights,10,s82,Synthetic,1,6,-1,6,LIGHT_ON,-1,0.84188247,1
audio/train_001181_group_synthetic_LIGHT_ON_s88_v2_noisy.wav,LIGHT_ON,,Power on the lights,10,s88,Synthetic,1,6,-1,6,LIGHT_ON,-1,0.96487194,1
audio/train_001188_group_synthetic_LIGHT_ON_s67_v2_noisy.wav,LIGHT_ON,,Power on the lights,10,s67,Synthetic,1,6,-1,6,LIGHT_ON,-1,0.94425315,1
audio/train_001194_group_synthetic_LIGHT_ON_s18_v2_noisy.wav,LIGHT_ON,,Power on the lights,10,s18,Synthetic,1,6,-1,6,LIGHT_ON,-1,0.9298179,1
audio/train_001198_group_synthetic_LIGHT_ON_s80_v2_clean.wav,LIGHT_ON,,Power on the lights,10,s80,Synthetic,1,6,-1,6,LIGHT_ON,-1,0.95703334,1
audio/train_001200_group_synthetic_LIGHT_ON_s72_v2_clean.wav,LIGHT_ON,,Power on the lights,10,s72,Synthetic,1,6,-1,6,LIGHT_ON,-1,0.86119026,1
audio/train_001218_group_synthetic_LIGHT_ON_s38_v2_noisy.wav,LIGHT_ON,,Power on the lights,10,s38,Synthetic,1,6,-1,6,LIGHT_ON,-1,0.9574409,1
audio/train_001242_SLURP_slurp_train_5469_3717_train-00002-.wav,LIGHT_ON,,Turn on the lights,11,FO-462,Other / non-native,0,6,-1,6,LIGHT_ON,-1,0.79299873,1
audio/train_001281_group_synthetic_LIGHT_ON_s38_v3_noisy.wav,LIGHT_ON,,Turn on the lights,11,s38,Synthetic,1,6,-1,6,LIGHT_ON,-1,0.9318107,1
audio/train_001282_group_synthetic_LIGHT_ON_s18_v3_noisy.wav,LIGHT_ON,,Turn on the lights,11,s18,Synthetic,1,6,-1,6,LIGHT_ON,-1,0.8529505,1
audio/train_001304_group_synthetic_LIGHT_ON_s82_v3_noisy.wav,LIGHT_ON,,Turn on the lights,11,s82,Synthetic,1,6,-1,6,LIGHT_ON,-1,0.86977804,1
audio/train_001308_group_synthetic_LIGHT_ON_s74_v3_clean.wav,LIGHT_ON,,Turn on the lights,11,s74,Synthetic,1,6,-1,6,LIGHT_ON,-1,0.7908042,1
audio/train_001310_group_synthetic_LIGHT_ON_s72_v3_clean.wav,LIGHT_ON,,Turn on the lights,11,s72,Synthetic,1,6,-1,6,LIGHT_ON,-1,0.87633497,1
audio/train_001313_group_synthetic_LIGHT_ON_s88_v3_noisy.wav,LIGHT_ON,,Turn on the lights,11,s88,Synthetic,1,6,-1,6,LIGHT_ON,-1,0.9127169,1
audio/train_001315_group_synthetic_LIGHT_ON_s67_v3_clean.wav,LIGHT_ON,,Turn on the lights,11,s67,Synthetic,1,6,-1,6,LIGHT_ON,-1,0.6223394,1
audio/train_001322_group_synthetic_LIGHT_ON_s30_v3_noisy.wav,LIGHT_ON,,Turn on the lights,11,s30,Synthetic,1,6,-1,6,LIGHT_ON,-1,0.9167603,1
audio/train_001330_group_synthetic_LIGHT_ON_s26_v3_clean.wav,LIGHT_ON,,Turn on the lights,11,s26,Synthetic,1,6,-1,6,LIGHT_ON,-1,0.8066726,1
audio/train_001332_SLURP_slurp_train_225_8253_train-00005-.wav,LIGHT_OFF,,Lights out,12,FO-420,Other / non-native,0,7,-1,7,LIGHT_OFF,-1,0.5897852,1
audio/train_001336_SNIPS_snips_smart-lights_647_close.wav,LIGHT_OFF,,Lights out,12,b5843f01-177c-4b76-868b-1223dde7e178,Other Asian English,0,7,-1,7,LIGHT_OFF,-1,0.69795525,1
audio/train_001339_SNIPS_snips_smart-lights_365_close.wav,LIGHT_OFF,,Lights out,12,9294d77a-9d94-4903-a978-af94ab79c0d9,Other Asian English,0,7,-1,19,OUT_OF_SCOPE,-1,0.50116426,0
audio/train_001348_SNIPS_snips_smart-lights_1354_close.wav,LIGHT_OFF,,Lights out,12,9294d77a-9d94-4903-a978-af94ab79c0d9,Other Asian English,0,7,-1,19,OUT_OF_SCOPE,-1,0.38463297,0
audio/train_001353_SNIPS_snips_smart-lights_2318_far.wav,LIGHT_OFF,,Lights out,12,b5843f01-177c-4b76-868b-1223dde7e178,Other Asian English,0,7,-1,7,LIGHT_OFF,-1,0.6220189,1
audio/train_001355_SNIPS_snips_smart-lights_2036_far.wav,LIGHT_OFF,,Lights out,12,9294d77a-9d94-4903-a978-af94ab79c0d9,Other Asian English,0,7,-1,17,COLOR,1,0.59308606,0
audio/train_001361_SNIPS_snips_smart-lights_3025_far.wav,LIGHT_OFF,,Lights out,12,9294d77a-9d94-4903-a978-af94ab79c0d9,Other Asian English,0,7,-1,7,LIGHT_OFF,-1,0.4093774,1
audio/train_001366_SLURP_slurp_train_225_8256_train-00005-.wav,LIGHT_OFF,,Lights out,12,FO-462,Other / non-native,0,7,-1,7,LIGHT_OFF,-1,0.878723,1
audio/train_001383_SLURP_slurp_train_225_8255_train-00005-.wav,LIGHT_OFF,,Lights out,12,FO-462,Other / non-native,0,7,-1,7,LIGHT_OFF,-1,0.5619219,1
audio/train_001395_group_synthetic_LIGHT_OFF_s88_v1_clean.wav,LIGHT_OFF,,Lights out,12,s88,Synthetic,1,7,-1,19,OUT_OF_SCOPE,-1,0.41880038,0
audio/train_001405_group_synthetic_LIGHT_OFF_s38_v1_clean.wav,LIGHT_OFF,,Lights out,12,s38,Synthetic,1,7,-1,7,LIGHT_OFF,-1,0.73155993,1
audio/train_001407_group_synthetic_LIGHT_OFF_s67_v1_noisy.wav,LIGHT_OFF,,Lights out,12,s67,Synthetic,1,7,-1,7,LIGHT_OFF,-1,0.939929,1
audio/train_001410_group_synthetic_LIGHT_OFF_s82_v1_noisy.wav,LIGHT_OFF,,Lights out,12,s82,Synthetic,1,7,-1,7,LIGHT_OFF,-1,0.8915134,1
audio/train_001414_group_synthetic_LIGHT_OFF_s26_v1_clean.wav,LIGHT_OFF,,Lights out,12,s26,Synthetic,1,7,-1,7,LIGHT_OFF,-1,0.90090173,1
audio/train_001424_group_synthetic_LIGHT_OFF_s30_v1_noisy.wav,LIGHT_OFF,,Lights out,12,s30,Synthetic,1,7,-1,7,LIGHT_OFF,-1,0.946577,1
audio/train_001440_group_synthetic_LIGHT_OFF_s18_v1_noisy.wav,LIGHT_OFF,,Lights out,12,s18,Synthetic,1,7,-1,7,LIGHT_OFF,-1,0.92669374,1
audio/train_001447_SLURP_slurp_devel_11_2453.wav,LIGHT_OFF,,Kill the lights,13,FO-462,Other / non-native,0,7,-1,7,LIGHT_OFF,-1,0.85472953,1
audio/train_001448_SNIPS_snips_smart-lights_3255_far.wav,LIGHT_OFF,,Kill the lights,13,b5843f01-177c-4b76-868b-1223dde7e178,Other Asian English,0,7,-1,7,LIGHT_OFF,-1,0.41848004,1
audio/train_001453_SNIPS_snips_smart-lights_507_close.wav,LIGHT_OFF,,Kill the lights,13,9294d77a-9d94-4903-a978-af94ab79c0d9,Other Asian English,0,7,-1,7,LIGHT_OFF,-1,0.5894353,1
audio/train_001461_SNIPS_snips_smart-lights_2178_far.wav,LIGHT_OFF,,Kill the lights,13,9294d77a-9d94-4903-a978-af94ab79c0d9,Other Asian English,0,7,-1,7,LIGHT_OFF,-1,0.51989174,1
audio/train_001470_SLURP_slurp_train_5155_2306_train-00004-.wav,LIGHT_OFF,,Kill the lights,13,FO-180,Other / non-native,0,7,-1,19,OUT_OF_SCOPE,-1,0.8310356,0
audio/train_001473_SNIPS_snips_smart-lights_1584_close.wav,LIGHT_OFF,,Kill the lights,13,b5843f01-177c-4b76-868b-1223dde7e178,Other Asian English,0,7,-1,17,COLOR,0,0.54621816,0
audio/train_001492_SLURP_slurp_train_2465_5498_train-00002-.wav,LIGHT_OFF,,Kill the lights,13,FO-180,Other / non-native,0,7,-1,7,LIGHT_OFF,-1,0.91777986,1
audio/train_001499_group_synthetic_LIGHT_OFF_s67_v2_clean.wav,LIGHT_OFF,,Kill the lights,13,s67,Synthetic,1,7,-1,7,LIGHT_OFF,-1,0.89412755,1
audio/train_001509_group_synthetic_LIGHT_OFF_s82_v2_clean.wav,LIGHT_OFF,,Kill the lights,13,s82,Synthetic,1,7,-1,7,LIGHT_OFF,-1,0.77981097,1
audio/train_001516_group_synthetic_LIGHT_OFF_s74_v2_clean.wav,LIGHT_OFF,,Kill the lights,13,s74,Synthetic,1,7,-1,7,LIGHT_OFF,-1,0.87230504,1
audio/train_001526_group_synthetic_LIGHT_OFF_s26_v2_noisy.wav,LIGHT_OFF,,Kill the lights,13,s26,Synthetic,1,7,-1,7,LIGHT_OFF,-1,0.8499961,1
audio/train_001530_group_synthetic_LIGHT_OFF_s72_v2_clean.wav,LIGHT_OFF,,Kill the lights,13,s72,Synthetic,1,7,-1,19,OUT_OF_SCOPE,-1,0.24165052,0
audio/train_001534_group_synthetic_LIGHT_OFF_s18_v2_noisy.wav,LIGHT_OFF,,Kill the lights,13,s18,Synthetic,1,7,-1,7,LIGHT_OFF,-1,0.91551244,1
audio/train_001538_group_synthetic_LIGHT_OFF_s88_v2_noisy.wav,LIGHT_OFF,,Kill the lights,13,s88,Synthetic,1,7,-1,7,LIGHT_OFF,-1,0.87344277,1
audio/train_001539_group_synthetic_LIGHT_OFF_s30_v2_clean.wav,LIGHT_OFF,,Kill the lights,13,s30,Synthetic,1,7,-1,7,LIGHT_OFF,-1,0.8851329,1
audio/train_001577_SLURP_slurp_train_580_5159_train-00002-.wav,LIGHT_OFF,,Shut off the lights,14,FO-420,Other / non-native,0,7,-1,19,OUT_OF_SCOPE,-1,0.28760725,0
audio/train_001578_SNIPS_snips_smart-lights_1636_close.wav,LIGHT_OFF,,Shut off the lights,14,9294d77a-9d94-4903-a978-af94ab79c0d9,Other Asian English,0,7,-1,7,LIGHT_OFF,-1,0.8237294,1
audio/train_001591_SNIPS_snips_smart-lights_3260_far.wav,LIGHT_OFF,,Shut off the lights,14,9294d77a-9d94-4903-a978-af94ab79c0d9,Other Asian English,0,7,-1,7,LIGHT_OFF,-1,0.42427596,1
audio/train_001593_SNIPS_snips_smart-lights_1639_close.wav,LIGHT_OFF,,Shut off the lights,14,b5843f01-177c-4b76-868b-1223dde7e178,Other Asian English,0,7,-1,6,LIGHT_ON,-1,0.43470404,0
audio/train_001602_SNIPS_snips_smart-lights_2037_far.wav,LIGHT_OFF,,Shut off the lights,14,9294d77a-9d94-4903-a978-af94ab79c0d9,Other Asian English,0,7,-1,19,OUT_OF_SCOPE,-1,0.44891092,0
audio/train_001604_SLURP_slurp_train_2601_4149_train-00000-.wav,LIGHT_OFF,,Shut off the lights,14,FO-462,Other / non-native,0,7,-1,19,OUT_OF_SCOPE,-1,0.737474,0
audio/train_001605_SNIPS_snips_smart-lights_2844_far.wav,LIGHT_OFF,,Shut off the lights,14,b5843f01-177c-4b76-868b-1223dde7e178,Other Asian English,0,7,-1,19,OUT_OF_SCOPE,-1,0.30308926,0
audio/train_001611_group_synthetic_LIGHT_OFF_s26_v3_noisy.wav,LIGHT_OFF,,Shut off the lights,14,s26,Synthetic,1,7,-1,7,LIGHT_OFF,-1,0.95370173,1
audio/train_001627_group_synthetic_LIGHT_OFF_s30_v3_clean.wav,LIGHT_OFF,,Shut off the lights,14,s30,Synthetic,1,7,-1,7,LIGHT_OFF,-1,0.94612336,1
audio/train_001628_group_synthetic_LIGHT_OFF_s67_v3_clean.wav,LIGHT_OFF,,Shut off the lights,14,s67,Synthetic,1,7,-1,7,LIGHT_OFF,-1,0.96889013,1
audio/train_001641_group_synthetic_LIGHT_OFF_s88_v3_clean.wav,LIGHT_OFF,,Shut off the lights,14,s88,Synthetic,1,7,-1,7,LIGHT_OFF,-1,0.94196004,1
audio/train_001643_group_synthetic_LIGHT_OFF_s72_v3_noisy.wav,LIGHT_OFF,,Shut off the lights,14,s72,Synthetic,1,7,-1,7,LIGHT_OFF,-1,0.41195008,1
audio/train_001651_group_synthetic_LIGHT_OFF_s74_v3_clean.wav,LIGHT_OFF,,Shut off the lights,14,s74,Synthetic,1,7,-1,7,LIGHT_OFF,-1,0.83779895,1
audio/train_001653_group_synthetic_LIGHT_OFF_s82_v3_noisy.wav,LIGHT_OFF,,Shut off the lights,14,s82,Synthetic,1,7,-1,7,LIGHT_OFF,-1,0.8182985,1
audio/train_001654_group_synthetic_LIGHT_OFF_s18_v3_clean.wav,LIGHT_OFF,,Shut off the lights,14,s18,Synthetic,1,7,-1,7,LIGHT_OFF,-1,0.9536795,1
audio/train_001657_group_synthetic_LIGHT_OFF_s80_v3_noisy.wav,LIGHT_OFF,,Shut off the lights,14,s80,Synthetic,1,7,-1,7,LIGHT_OFF,-1,0.91730577,1
audio/train_001665_real_voice_PAUSE_V1_t1.wav,PAUSE,,Pause,15,202521746,Filipino (group),0,1,-1,19,OUT_OF_SCOPE,-1,0.27168304,0
audio/train_001666_real_voice_PAUSE_V1_t2.wav,PAUSE,,Pause,15,202521746,Filipino (group),0,1,-1,1,PAUSE,-1,0.8441548,1
audio/train_001667_real_voice_PAUSE_V1_t3.wav,PAUSE,,Pause,15,202521746,Filipino (group),0,1,-1,1,PAUSE,-1,0.88909596,1
audio/train_001673_FluentSpeechCommands_c0d1d6f0-44f3-11e9-a1ea-79ca03012c0e.wav,PAUSE,,Pause,15,ppymZZDb2Bf4NQnE,Native English,0,1,-1,1,PAUSE,-1,0.91972244,1
audio/train_001674_FluentSpeechCommands_f3c91440-4473-11e9-a9a5-5dbec3b8816a.wav,PAUSE,,Pause,15,ppzZqYxGkESMdA5Az,Native English,0,1,-1,19,OUT_OF_SCOPE,-1,0.57092017,0
audio/train_001676_FluentSpeechCommands_5a9b5880-44cf-11e9-a8b6-e96f2628bf65.wav,PAUSE,,Pause,15,qNY4Qwveojc8jlm4,Native English,0,1,-1,1,PAUSE,-1,0.92641276,1
audio/train_001685_FluentSpeechCommands_132b2600-4453-11e9-beaa-1f3e1eab7bff.wav,PAUSE,,Pause,15,ObdQbr9wyDfbmW4E,Native English,0,1,-1,1,PAUSE,-1,0.9477202,1
audio/train_001693_FluentSpeechCommands_2140e740-45f0-11e9-aa19-e96346c3828f.wav,PAUSE,,Pause,15,Gym5dABePPHA8mZK9,Native English,0,1,-1,1,PAUSE,-1,0.9186955,1
audio/train_001700_FluentSpeechCommands_0b058b10-45c4-11e9-8ec0-7bf21d1cfe30.wav,PAUSE,,Pause,15,xRQE5VD7rRHVdyvM,Native English,0,1,-1,1,PAUSE,-1,0.9027241,1
audio/train_001703_FluentSpeechCommands_e0889480-45e7-11e9-b578-494a5b19ab8b.wav,PAUSE,,Pause,15,8B9N9jOOXGUordVG,Native English,0,1,-1,1,PAUSE,-1,0.9172457,1
audio/train_001708_FluentSpeechCommands_6da5cd10-446c-11e9-beaa-1f3e1eab7bff.wav,PAUSE,,Pause,15,AY5e3mMgZkIyG3Ox,Native English,0,1,-1,1,PAUSE,-1,0.96067727,1
audio/train_001735_group_synthetic_PAUSE_s82_v1_clean.wav,PAUSE,,Pause,15,s82,Synthetic,1,1,-1,1,PAUSE,-1,0.9448502,1
audio/train_001739_group_synthetic_PAUSE_s38_v1_noisy.wav,PAUSE,,Pause,15,s38,Synthetic,1,1,-1,1,PAUSE,-1,0.9165097,1
audio/train_001746_group_synthetic_PAUSE_s74_v1_clean.wav,PAUSE,,Pause,15,s74,Synthetic,1,1,-1,1,PAUSE,-1,0.86306494,1
audio/train_001754_group_synthetic_PAUSE_s26_v1_clean.wav,PAUSE,,Pause,15,s26,Synthetic,1,1,-1,1,PAUSE,-1,0.9433643,1
audio/train_001758_group_synthetic_PAUSE_s88_v1_noisy.wav,PAUSE,,Pause,15,s88,Synthetic,1,1,-1,1,PAUSE,-1,0.78392184,1
audio/train_001763_group_synthetic_PAUSE_s30_v1_clean.wav,PAUSE,,Pause,15,s30,Synthetic,1,1,-1,1,PAUSE,-1,0.88304716,1
audio/train_001772_group_synthetic_PAUSE_s18_v1_noisy.wav,PAUSE,,Pause,15,s18,Synthetic,1,1,-1,1,PAUSE,-1,0.81804323,1
audio/train_001774_group_synthetic_PAUSE_s67_v1_clean.wav,PAUSE,,Pause,15,s67,Synthetic,1,1,-1,1,PAUSE,-1,0.8306464,1
audio/train_001776_real_voice_PAUSE_V2_t1.wav,PAUSE,,Pause audio,16,202521746,Filipino (group),0,1,-1,1,PAUSE,-1,0.9344951,1
audio/train_001777_real_voice_PAUSE_V2_t2.wav,PAUSE,,Pause audio,16,202521746,Filipino (group),0,1,-1,1,PAUSE,-1,0.9234936,1
audio/train_001778_real_voice_PAUSE_V2_t3.wav,PAUSE,,Pause audio,16,202521746,Filipino (group),0,1,-1,1,PAUSE,-1,0.8941091,1
audio/train_001793_FluentSpeechCommands_f0d03690-45e7-11e9-b578-494a5b19ab8b.wav,PAUSE,,Pause audio,16,8B9N9jOOXGUordVG,Native English,0,1,-1,1,PAUSE,-1,0.8847511,1
audio/train_001797_FluentSpeechCommands_702f7f90-44f8-11e9-a1ea-79ca03012c0e.wav,PAUSE,,Pause audio,16,Z7BXPnplxGUjZdmBZ,Native English,0,1,-1,1,PAUSE,-1,0.8750552,1
audio/train_001808_FluentSpeechCommands_1ea56d40-446e-11e9-beaa-1f3e1eab7bff.wav,PAUSE,,Pause audio,16,AY5e3mMgZkIyG3Ox,Native English,0,1,-1,1,PAUSE,-1,0.94219404,1
audio/train_001811_FluentSpeechCommands_61f0a270-44cf-11e9-a8b6-e96f2628bf65.wav,PAUSE,,Pause audio,16,qNY4Qwveojc8jlm4,Native English,0,1,-1,1,PAUSE,-1,0.9531922,1
audio/train_001819_FluentSpeechCommands_ecf22a50-45ed-11e9-aa19-e96346c3828f.wav,PAUSE,,Pause audio,16,Gym5dABePPHA8mZK9,Native English,0,1,-1,1,PAUSE,-1,0.94333774,1
audio/train_001821_FluentSpeechCommands_c0908f90-44f0-11e9-a1ea-79ca03012c0e.wav,PAUSE,,Pause audio,16,ppymZZDb2Bf4NQnE,Native English,0,1,-1,1,PAUSE,-1,0.9437856,1
audio/train_001823_FluentSpeechCommands_05146d40-44cd-11e9-a8b6-e96f2628bf65.wav,PAUSE,,Pause audio,16,aokxBz9LxXHzZzay,Native English,0,1,-1,1,PAUSE,-1,0.90907747,1
audio/train_001827_FluentSpeechCommands_98b2da10-45c6-11e9-8ec0-7bf21d1cfe30.wav,PAUSE,,Pause audio,16,xRQE5VD7rRHVdyvM,Native English,0,1,-1,1,PAUSE,-1,0.89917463,1
audio/train_001828_FluentSpeechCommands_2a52f920-443f-11e9-beaa-1f3e1eab7bff.wav,PAUSE,,Pause audio,16,ObdQbr9wyDfbmW4E,Native English,0,1,-1,1,PAUSE,-1,0.9355242,1
audio/train_001829_FluentSpeechCommands_8e7e2c40-4529-11e9-a843-8db76f4b5e29.wav,PAUSE,,Pause audio,16,Xygv5loxdZtrywr9,Native English,0,1,-1,1,PAUSE,-1,0.699962,1
audio/train_001831_FluentSpeechCommands_2acdf660-45bc-11e9-8ec0-7bf21d1cfe30.wav,PAUSE,,Pause audio,16,NgQEvO2x7Vh3xy2xz,Native English,0,1,-1,1,PAUSE,-1,0.91648555,1
audio/train_001838_group_synthetic_PAUSE_s67_v2_clean.wav,PAUSE,,Pause audio,16,s67,Synthetic,1,1,-1,1,PAUSE,-1,0.9526974,1
audio/train_001840_group_synthetic_PAUSE_s74_v2_noisy.wav,PAUSE,,Pause audio,16,s74,Synthetic,1,1,-1,1,PAUSE,-1,0.4501149,1
audio/train_001861_group_synthetic_PAUSE_s82_v2_noisy.wav,PAUSE,,Pause audio,16,s82,Synthetic,1,1,-1,1,PAUSE,-1,0.76077473,1
audio/train_001862_group_synthetic_PAUSE_s80_v2_noisy.wav,PAUSE,,Pause audio,16,s80,Synthetic,1,1,-1,1,PAUSE,-1,0.917294,1
audio/train_001867_group_synthetic_PAUSE_s18_v2_clean.wav,PAUSE,,Pause audio,16,s18,Synthetic,1,1,-1,1,PAUSE,-1,0.96944505,1
audio/train_001868_group_synthetic_PAUSE_s26_v2_clean.wav,PAUSE,,Pause audio,16,s26,Synthetic,1,1,-1,1,PAUSE,-1,0.9624593,1
audio/train_001870_group_synthetic_PAUSE_s38_v2_noisy.wav,PAUSE,,Pause audio,16,s38,Synthetic,1,1,-1,1,PAUSE,-1,0.9638172,1
audio/train_001873_group_synthetic_PAUSE_s72_v2_clean.wav,PAUSE,,Pause audio,16,s72,Synthetic,1,1,-1,1,PAUSE,-1,0.938018,1
audio/train_001887_real_voice_PAUSE_V3_t1.wav,PAUSE,,Pause song,17,202521746,Filipino (group),0,1,-1,1,PAUSE,-1,0.41674313,1
audio/train_001888_real_voice_PAUSE_V3_t2.wav,PAUSE,,Pause song,17,202521746,Filipino (group),0,1,-1,19,OUT_OF_SCOPE,-1,0.34022853,0
audio/train_001889_real_voice_PAUSE_V3_t3.wav,PAUSE,,Pause song,17,202521746,Filipino (group),0,1,-1,19,OUT_OF_SCOPE,-1,0.35539696,0
audio/train_001893_SLURP_slurp_train_9750_3846_train-00004-.wav,PAUSE,,Pause song,17,FO-462,Other / non-native,0,1,-1,1,PAUSE,-1,0.883106,1
audio/train_001900_SLURP_slurp_train_1087_3172_train-00002-.wav,PAUSE,,Pause song,17,FO-420,Other / non-native,0,1,-1,1,PAUSE,-1,0.42421255,1
audio/train_001906_SLURP_slurp_test_9689_2520.wav,PAUSE,,Pause song,17,FO-462,Other / non-native,0,1,-1,19,OUT_OF_SCOPE,-1,0.8290018,0
audio/train_001923_SLURP_slurp_train_9750_3845_train-00004-.wav,PAUSE,,Pause song,17,FO-462,Other / non-native,0,1,-1,1,PAUSE,-1,0.8997959,1
audio/train_001924_SLURP_slurp_test_9689_2519.wav,PAUSE,,Pause song,17,FO-462,Other / non-native,0,1,-1,1,PAUSE,-1,0.9143216,1
audio/train_001950_group_synthetic_PAUSE_s30_v3_clean.wav,PAUSE,,Pause song,17,s30,Synthetic,1,1,-1,1,PAUSE,-1,0.8294788,1
audio/train_001952_group_synthetic_PAUSE_s67_v3_clean.wav,PAUSE,,Pause song,17,s67,Synthetic,1,1,-1,1,PAUSE,-1,0.95108795,1
audio/train_001958_group_synthetic_PAUSE_s80_v3_clean.wav,PAUSE,,Pause song,17,s80,Synthetic,1,1,-1,1,PAUSE,-1,0.7150263,1
audio/train_001960_group_synthetic_PAUSE_s26_v3_clean.wav,PAUSE,,Pause song,17,s26,Synthetic,1,1,-1,1,PAUSE,-1,0.64570856,1
audio/train_001965_group_synthetic_PAUSE_s72_v3_clean.wav,PAUSE,,Pause song,17,s72,Synthetic,1,1,-1,1,PAUSE,-1,0.73977166,1
audio/train_001966_group_synthetic_PAUSE_s74_v3_noisy.wav,PAUSE,,Pause song,17,s74,Synthetic,1,1,-1,1,PAUSE,-1,0.602554,1
audio/train_001972_group_synthetic_PAUSE_s82_v3_noisy.wav,PAUSE,,Pause song,17,s82,Synthetic,1,1,-1,1,PAUSE,-1,0.89465106,1
audio/train_001984_group_synthetic_PAUSE_s18_v3_noisy.wav,PAUSE,,Pause song,17,s18,Synthetic,1,1,-1,1,PAUSE,-1,0.94821966,1
audio/train_001997_group_synthetic_PAUSE_s88_v3_noisy.wav,PAUSE,,Pause song,17,s88,Synthetic,1,1,-1,1,PAUSE,-1,0.8902746,1
audio/train_001998_real_voice_STOP_V2_t1.wav,STOP,,Stop,18,202521746,Filipino (group),0,2,-1,2,STOP,-1,0.4703469,1
audio/train_001999_real_voice_STOP_V2_t2.wav,STOP,,Stop,18,202521746,Filipino (group),0,2,-1,2,STOP,-1,0.57412606,1
audio/train_002000_real_voice_STOP_V2_t3.wav,STOP,,Stop,18,202521746,Filipino (group),0,2,-1,2,STOP,-1,0.55999035,1
audio/train_002023_SLURP_slurp_train_5_3991_train-00001-.wav,STOP,,Stop,18,MO-371,Other / non-native,0,2,-1,2,STOP,-1,0.71847755,1
audio/train_002024_SLURP_slurp_train_5_3964_train-00001-.wav,STOP,,Stop,18,FO-180,Other / non-native,0,2,-1,19,OUT_OF_SCOPE,-1,0.53313416,0
audio/train_002036_SLURP_slurp_train_5_3965_train-00001-.wav,STOP,,Stop,18,FO-180,Other / non-native,0,2,-1,2,STOP,-1,0.950594,1
audio/train_002037_SLURP_slurp_train_5_3992_train-00001-.wav,STOP,,Stop,18,MO-371,Other / non-native,0,2,-1,2,STOP,-1,0.87846625,1
audio/train_002049_SLURP_slurp_train_5_3988_train-00001-.wav,STOP,,Stop,18,ME-352,Native English,0,2,-1,2,STOP,-1,0.86904824,1
audio/train_002061_group_synthetic_STOP_s30_v1_clean.wav,STOP,,Stop,18,s30,Synthetic,1,2,-1,2,STOP,-1,0.7787009,1
audio/train_002065_group_synthetic_STOP_s67_v1_clean.wav,STOP,,Stop,18,s67,Synthetic,1,2,-1,2,STOP,-1,0.937493,1
audio/train_002066_group_synthetic_STOP_s18_v1_clean.wav,STOP,,Stop,18,s18,Synthetic,1,2,-1,2,STOP,-1,0.9371195,1
audio/train_002078_group_synthetic_STOP_s88_v1_noisy.wav,STOP,,Stop,18,s88,Synthetic,1,2,-1,2,STOP,-1,0.82871705,1
audio/train_002079_group_synthetic_STOP_s72_v1_noisy.wav,STOP,,Stop,18,s72,Synthetic,1,2,-1,2,STOP,-1,0.72920364,1
audio/train_002086_group_synthetic_STOP_s82_v1_clean.wav,STOP,,Stop,18,s82,Synthetic,1,2,-1,2,STOP,-1,0.92046773,1
audio/train_002087_group_synthetic_STOP_s74_v1_clean.wav,STOP,,Stop,18,s74,Synthetic,1,2,-1,19,OUT_OF_SCOPE,-1,0.6235777,0
audio/train_002100_group_synthetic_STOP_s80_v1_clean.wav,STOP,,Stop,18,s80,Synthetic,1,2,-1,2,STOP,-1,0.8976897,1
audio/train_002107_group_synthetic_STOP_s38_v1_clean.wav,STOP,,Stop,18,s38,Synthetic,1,2,-1,19,OUT_OF_SCOPE,-1,0.38516244,0
audio/train_002109_real_voice_STOP_V1_t1.wav,STOP,,Stop playing,19,202521746,Filipino (group),0,2,-1,19,OUT_OF_SCOPE,-1,0.3535576,0
audio/train_002110_real_voice_STOP_V1_t2.wav,STOP,,Stop playing,19,202521746,Filipino (group),0,2,-1,2,STOP,-1,0.45074695,1
audio/train_002111_real_voice_STOP_V1_t3.wav,STOP,,Stop playing,19,202521746,Filipino (group),0,2,-1,2,STOP,-1,0.51411766,1
audio/train_002112_real_voice_STOP_V3_t1.wav,STOP,,Stop playing,19,202521746,Filipino (group),0,2,-1,0,PLAY_MUSIC,-1,0.69564265,0
audio/train_002113_real_voice_STOP_V3_t2.wav,STOP,,Stop playing,19,202521746,Filipino (group),0,2,-1,0,PLAY_MUSIC,-1,0.50056434,0
audio/train_002114_real_voice_STOP_V3_t3.wav,STOP,,Stop playing,19,202521746,Filipino (group),0,2,-1,2,STOP,-1,0.482826,1
audio/train_002144_FluentSpeechCommands_50df7550-45c0-11e9-8ec0-7bf21d1cfe30.wav,STOP,,Stop playing,19,xRQE5VD7rRHVdyvM,Native English,0,2,-1,2,STOP,-1,0.95355356,1
audio/train_002146_FluentSpeechCommands_31f25ed0-4518-11e9-9035-7943ec3b842a.wav,STOP,,Stop playing,19,Xygv5loxdZtrywr9,Native English,0,2,-1,1,PAUSE,-1,0.46754885,0
audio/train_002158_FluentSpeechCommands_621ef700-45e3-11e9-81ce-69b74fd7e64e.wav,STOP,,Stop playing,19,8B9N9jOOXGUordVG,Native English,0,2,-1,2,STOP,-1,0.9277731,1
audio/train_002195_group_synthetic_STOP_s67_v2_clean.wav,STOP,,Stop playing,19,s67,Synthetic,1,2,-1,2,STOP,-1,0.94281596,1
audio/train_002196_group_synthetic_STOP_s38_v2_clean.wav,STOP,,Stop playing,19,s38,Synthetic,1,2,-1,2,STOP,-1,0.91411865,1
audio/train_002205_group_synthetic_STOP_s80_v2_clean.wav,STOP,,Stop playing,19,s80,Synthetic,1,2,-1,2,STOP,-1,0.88838536,1
audio/train_002206_group_synthetic_STOP_s30_v2_clean.wav,STOP,,Stop playing,19,s30,Synthetic,1,2,-1,2,STOP,-1,0.90157974,1
audio/train_002211_group_synthetic_STOP_s72_v2_clean.wav,STOP,,Stop playing,19,s72,Synthetic,1,2,-1,2,STOP,-1,0.85203433,1
audio/train_002217_group_synthetic_STOP_s74_v2_clean.wav,STOP,,Stop playing,19,s74,Synthetic,1,2,-1,0,PLAY_MUSIC,-1,0.81384516,0
audio/train_002218_group_synthetic_STOP_s88_v2_noisy.wav,STOP,,Stop playing,19,s88,Synthetic,1,2,-1,2,STOP,-1,0.9528887,1
audio/train_002224_FluentSpeechCommands_7955a070-44cd-11e9-a8b6-e96f2628bf65.wav,STOP,,End playback,20,aokxBz9LxXHzZzay,Native English,0,2,-1,2,STOP,-1,0.9354224,1
audio/train_002233_FluentSpeechCommands_6dc749b0-446a-11e9-beaa-1f3e1eab7bff.wav,STOP,,End playback,20,AY5e3mMgZkIyG3Ox,Native English,0,2,-1,2,STOP,-1,0.9287618,1
audio/train_002238_FluentSpeechCommands_1881f720-446f-11e9-a9a5-5dbec3b8816a.wav,STOP,,End playback,20,ppzZqYxGkESMdA5Az,Native English,0,2,-1,19,OUT_OF_SCOPE,-1,0.62951016,0
audio/train_002240_FluentSpeechCommands_f4d79640-44f0-11e9-a1ea-79ca03012c0e.wav,STOP,,End playback,20,ppymZZDb2Bf4NQnE,Native English,0,2,-1,2,STOP,-1,0.94848454,1
audio/train_002241_FluentSpeechCommands_4f934970-45c4-11e9-8ec0-7bf21d1cfe30.wav,STOP,,End playback,20,xRQE5VD7rRHVdyvM,Native English,0,2,-1,2,STOP,-1,0.94299835,1
audio/train_002245_FluentSpeechCommands_9d473ad0-45bc-11e9-8ec0-7bf21d1cfe30.wav,STOP,,End playback,20,NgQEvO2x7Vh3xy2xz,Native English,0,2,-1,2,STOP,-1,0.82442456,1
audio/train_002246_FluentSpeechCommands_4936fb20-45e8-11e9-b578-494a5b19ab8b.wav,STOP,,End playback,20,8B9N9jOOXGUordVG,Native English,0,2,-1,2,STOP,-1,0.94677913,1
audio/train_002251_FluentSpeechCommands_78f56f90-443f-11e9-beaa-1f3e1eab7bff.wav,STOP,,End playback,20,ObdQbr9wyDfbmW4E,Native English,0,2,-1,2,STOP,-1,0.92621756,1
audio/train_002257_FluentSpeechCommands_8e215920-44cf-11e9-a8b6-e96f2628bf65.wav,STOP,,End playback,20,qNY4Qwveojc8jlm4,Native English,0,2,-1,2,STOP,-1,0.8119247,1
audio/train_002259_FluentSpeechCommands_5fe6a750-45f0-11e9-aa19-e96346c3828f.wav,STOP,,End playback,20,Gym5dABePPHA8mZK9,Native English,0,2,-1,2,STOP,-1,0.9085511,1
audio/train_002270_FluentSpeechCommands_2ef2da70-4518-11e9-9035-7943ec3b842a.wav,STOP,,End playback,20,Xygv5loxdZtrywr9,Native English,0,2,-1,2,STOP,-1,0.7782789,1
audio/train_002293_group_synthetic_STOP_s82_v3_clean.wav,STOP,,End playback,20,s82,Synthetic,1,2,-1,2,STOP,-1,0.90828514,1
audio/train_002296_group_synthetic_STOP_s26_v3_clean.wav,STOP,,End playback,20,s26,Synthetic,1,2,-1,2,STOP,-1,0.9085482,1
audio/train_002298_group_synthetic_STOP_s74_v3_noisy.wav,STOP,,End playback,20,s74,Synthetic,1,2,-1,19,OUT_OF_SCOPE,-1,0.21757331,0
audio/train_002299_group_synthetic_STOP_s18_v3_clean.wav,STOP,,End playback,20,s18,Synthetic,1,2,-1,2,STOP,-1,0.9041144,1
audio/train_002307_group_synthetic_STOP_s30_v3_clean.wav,STOP,,End playback,20,s30,Synthetic,1,2,-1,2,STOP,-1,0.9320922,1
audio/train_002312_group_synthetic_STOP_s38_v3_noisy.wav,STOP,,End playback,20,s38,Synthetic,1,2,-1,2,STOP,-1,0.8173278,1
audio/train_002313_group_synthetic_STOP_s67_v3_clean.wav,STOP,,End playback,20,s67,Synthetic,1,2,-1,2,STOP,-1,0.90001947,1
audio/train_002316_group_synthetic_STOP_s72_v3_noisy.wav,STOP,,End playback,20,s72,Synthetic,1,2,-1,2,STOP,-1,0.8532383,1
audio/train_002327_group_synthetic_STOP_s80_v3_clean.wav,STOP,,End playback,20,s80,Synthetic,1,2,-1,2,STOP,-1,0.7532619,1
audio/train_002331_real_voice_NEXT_V2_t1.wav,NEXT,,Next song,21,202521746,Filipino (group),0,3,-1,3,NEXT,-1,0.96625096,1
audio/train_002332_real_voice_NEXT_V2_t2.wav,NEXT,,Next song,21,202521746,Filipino (group),0,3,-1,3,NEXT,-1,0.95561135,1
audio/train_002333_real_voice_NEXT_V2_t3.wav,NEXT,,Next song,21,202521746,Filipino (group),0,3,-1,3,NEXT,-1,0.9700925,1
audio/train_002369_SLURP_slurp_test_11261_2764.wav,NEXT,,Next song,21,FE-349,Native English,0,3,-1,3,NEXT,-1,0.93806714,1
audio/train_002378_SLURP_slurp_test_11261_2763.wav,NEXT,,Next song,21,FE-349,Native English,0,3,-1,3,NEXT,-1,0.9488748,1
audio/train_002383_xela_Multi-Sensor_VCM_006043.wav,NEXT,,Next song,21,Spk03,Unknown,0,3,-1,3,NEXT,-1,0.9681273,1
audio/train_002384_xela_Multi-Sensor_VCM_006113.wav,NEXT,,Next song,21,Spk06,Unknown,0,3,-1,3,NEXT,-1,0.6265658,1
audio/train_002385_xela_Multi-Sensor_VCM_006484.wav,NEXT,,Next song,21,Spk12,Unknown,0,3,-1,3,NEXT,-1,0.9668396,1
audio/train_002386_xela_Multi-Sensor_VCM_006573.wav,NEXT,,Next song,21,Spk15,Unknown,0,3,-1,3,NEXT,-1,0.92979985,1
audio/train_002411_group_synthetic_NEXT_s80_v1_clean.wav,NEXT,,Next song,21,s80,Synthetic,1,3,-1,3,NEXT,-1,0.96090144,1
audio/train_002414_group_synthetic_NEXT_s26_v1_noisy.wav,NEXT,,Next song,21,s26,Synthetic,1,3,-1,3,NEXT,-1,0.9687253,1
audio/train_002417_group_synthetic_NEXT_s88_v1_clean.wav,NEXT,,Next song,21,s88,Synthetic,1,3,-1,3,NEXT,-1,0.96119505,1
audio/train_002427_group_synthetic_NEXT_s30_v1_noisy.wav,NEXT,,Next song,21,s30,Synthetic,1,3,-1,3,NEXT,-1,0.95776963,1
audio/train_002436_group_synthetic_NEXT_s72_v1_clean.wav,NEXT,,Next song,21,s72,Synthetic,1,3,-1,3,NEXT,-1,0.94030464,1
audio/train_002442_real_voice_NEXT_V1_t1.wav,NEXT,,Skip song,22,202521746,Filipino (group),0,3,-1,3,NEXT,-1,0.96507114,1
audio/train_002443_real_voice_NEXT_V1_t2.wav,NEXT,,Skip song,22,202521746,Filipino (group),0,3,-1,3,NEXT,-1,0.9724988,1
audio/train_002444_real_voice_NEXT_V1_t3.wav,NEXT,,Skip song,22,202521746,Filipino (group),0,3,-1,3,NEXT,-1,0.9706358,1
audio/train_002460_SLURP_slurp_train_11264_3025_train-00002-.wav,NEXT,,Skip song,22,FO-462,Other / non-native,0,3,-1,19,OUT_OF_SCOPE,-1,0.2553351,0
audio/train_002465_SLURP_slurp_train_2819_8325_train-00004-.wav,NEXT,,Skip song,22,FO-462,Other / non-native,0,3,-1,19,OUT_OF_SCOPE,-1,0.24530865,0
audio/train_002469_SLURP_slurp_train_2819_8324_train-00004-.wav,NEXT,,Skip song,22,FO-462,Other / non-native,0,3,-1,3,NEXT,-1,0.73021406,1
audio/train_002470_SLURP_slurp_train_2819_8326_train-00004-.wav,NEXT,,Skip song,22,ME-220,Native English,0,3,-1,3,NEXT,-1,0.8482878,1
audio/train_002471_SLURP_slurp_train_2819_8327_train-00004-.wav,NEXT,,Skip song,22,ME-220,Native English,0,3,-1,3,NEXT,-1,0.5553752,1
audio/train_002474_group_synthetic_NEXT_s74_v2_noisy.wav,NEXT,,Skip song,22,s74,Synthetic,1,3,-1,3,NEXT,-1,0.964646,1
audio/train_002477_group_synthetic_NEXT_s72_v2_clean.wav,NEXT,,Skip song,22,s72,Synthetic,1,3,-1,3,NEXT,-1,0.95623153,1
audio/train_002479_group_synthetic_NEXT_s26_v2_clean.wav,NEXT,,Skip song,22,s26,Synthetic,1,3,-1,3,NEXT,-1,0.9571207,1
audio/train_002485_group_synthetic_NEXT_s88_v2_noisy.wav,NEXT,,Skip song,22,s88,Synthetic,1,3,-1,3,NEXT,-1,0.94320536,1
audio/train_002491_group_synthetic_NEXT_s82_v2_clean.wav,NEXT,,Skip song,22,s82,Synthetic,1,3,-1,3,NEXT,-1,0.948919,1
audio/train_002505_group_synthetic_NEXT_s80_v2_noisy.wav,NEXT,,Skip song,22,s80,Synthetic,1,3,-1,3,NEXT,-1,0.8484093,1
audio/train_002507_group_synthetic_NEXT_s67_v2_noisy.wav,NEXT,,Skip song,22,s67,Synthetic,1,3,-1,3,NEXT,-1,0.94700646,1
audio/train_002514_group_synthetic_NEXT_s30_v2_clean.wav,NEXT,,Skip song,22,s30,Synthetic,1,3,-1,3,NEXT,-1,0.9294955,1
audio/train_002515_group_synthetic_NEXT_s18_v2_noisy.wav,NEXT,,Skip song,22,s18,Synthetic,1,3,-1,3,NEXT,-1,0.96588445,1
audio/train_002534_group_synthetic_NEXT_s38_v2_clean.wav,NEXT,,Skip song,22,s38,Synthetic,1,3,-1,3,NEXT,-1,0.955369,1
audio/train_002549_group_synthetic_NEXT_s80_v2_clean.wav,NEXT,,Skip song,22,s80,Synthetic,1,3,-1,3,NEXT,-1,0.8539024,1
audio/train_002550_group_synthetic_NEXT_s88_v2_clean.wav,NEXT,,Skip song,22,s88,Synthetic,1,3,-1,3,NEXT,-1,0.9551574,1
audio/train_002553_real_voice_NEXT_V3_t1.wav,NEXT,,Play next song,23,202521746,Filipino (group),0,3,-1,3,NEXT,-1,0.94293106,1
audio/train_002554_real_voice_NEXT_V3_t2.wav,NEXT,,Play next song,23,202521746,Filipino (group),0,3,-1,3,NEXT,-1,0.9446038,1
audio/train_002555_real_voice_NEXT_V3_t3.wav,NEXT,,Play next song,23,202521746,Filipino (group),0,3,-1,3,NEXT,-1,0.9384867,1
audio/train_002579_SLURP_slurp_devel_2993_119.wav,NEXT,,Play next song,23,ME-369,Native English,0,3,-1,3,NEXT,-1,0.90784407,1
audio/train_002588_SLURP_slurp_devel_2993_120.wav,NEXT,,Play next song,23,ME-369,Native English,0,3,-1,3,NEXT,-1,0.94021714,1
audio/train_002596_group_synthetic_NEXT_s67_v3_clean.wav,NEXT,,Play next song,23,s67,Synthetic,1,3,-1,3,NEXT,-1,0.95287097,1
audio/train_002600_group_synthetic_NEXT_s30_v3_noisy.wav,NEXT,,Play next song,23,s30,Synthetic,1,3,-1,3,NEXT,-1,0.8470233,1
audio/train_002602_group_synthetic_NEXT_s72_v3_noisy.wav,NEXT,,Play next song,23,s72,Synthetic,1,3,-1,3,NEXT,-1,0.9633791,1
audio/train_002609_group_synthetic_NEXT_s38_v3_noisy.wav,NEXT,,Play next song,23,s38,Synthetic,1,3,-1,3,NEXT,-1,0.954222,1
audio/train_002614_group_synthetic_NEXT_s80_v3_clean.wav,NEXT,,Play next song,23,s80,Synthetic,1,3,-1,3,NEXT,-1,0.92284554,1
audio/train_002618_group_synthetic_NEXT_s88_v3_clean.wav,NEXT,,Play next song,23,s88,Synthetic,1,3,-1,3,NEXT,-1,0.9158793,1
audio/train_002644_group_synthetic_NEXT_s74_v3_noisy.wav,NEXT,,Play next song,23,s74,Synthetic,1,3,-1,3,NEXT,-1,0.9061348,1
audio/train_002651_group_synthetic_NEXT_s82_v3_clean.wav,NEXT,,Play next song,23,s82,Synthetic,1,3,-1,3,NEXT,-1,0.96812916,1
audio/train_002652_group_synthetic_NEXT_s26_v3_clean.wav,NEXT,,Play next song,23,s26,Synthetic,1,3,-1,3,NEXT,-1,0.96739274,1
audio/train_002658_group_synthetic_NEXT_s18_v3_clean.wav,NEXT,,Play next song,23,s18,Synthetic,1,3,-1,3,NEXT,-1,0.89766943,1
audio/train_002661_group_synthetic_NEXT_s30_v3_clean.wav,NEXT,,Play next song,23,s30,Synthetic,1,3,-1,3,NEXT,-1,0.8970552,1
audio/train_002701_SLURP_slurp_devel_188_5640.wav,VOLUME_UP,,Volume up,24,MO-371,Other / non-native,0,4,-1,4,VOLUME_UP,-1,0.83371377,1
audio/train_002702_SLURP_slurp_train_2487_3028_train-00005-.wav,VOLUME_UP,,Volume up,24,FO-462,Other / non-native,0,4,-1,5,VOLUME_DOWN,-1,0.5593699,0
audio/train_002718_SLURP_slurp_train_1297_7455_train-00002-.wav,VOLUME_UP,,Volume up,24,FO-462,Other / non-native,0,4,-1,4,VOLUME_UP,-1,0.815104,1
audio/train_002727_group_synthetic_VOLUME_UP_s88_v1_clean.wav,VOLUME_UP,,Volume up,24,s88,Synthetic,1,4,-1,4,VOLUME_UP,-1,0.5802434,1
audio/train_002732_group_synthetic_VOLUME_UP_s72_v1_noisy.wav,VOLUME_UP,,Volume up,24,s72,Synthetic,1,4,-1,4,VOLUME_UP,-1,0.9577001,1
audio/train_002734_group_synthetic_VOLUME_UP_s80_v1_clean.wav,VOLUME_UP,,Volume up,24,s80,Synthetic,1,4,-1,4,VOLUME_UP,-1,0.9645909,1
audio/train_002743_group_synthetic_VOLUME_UP_s74_v1_noisy.wav,VOLUME_UP,,Volume up,24,s74,Synthetic,1,4,-1,19,OUT_OF_SCOPE,-1,0.34282824,0
audio/train_002745_group_synthetic_VOLUME_UP_s82_v1_noisy.wav,VOLUME_UP,,Volume up,24,s82,Synthetic,1,4,-1,4,VOLUME_UP,-1,0.75211143,1
audio/train_002759_group_synthetic_VOLUME_UP_s26_v1_noisy.wav,VOLUME_UP,,Volume up,24,s26,Synthetic,1,4,-1,4,VOLUME_UP,-1,0.9492783,1
audio/train_002765_group_synthetic_VOLUME_UP_s30_v1_clean.wav,VOLUME_UP,,Volume up,24,s30,Synthetic,1,4,-1,4,VOLUME_UP,-1,0.9429233,1
audio/train_002791_SLURP_slurp_train_3710_1464_train-00005-.wav,VOLUME_UP,,Increase the volume,25,FO-462,Other / non-native,0,4,-1,19,OUT_OF_SCOPE,-1,0.3265164,0
audio/train_002796_SLURP_slurp_train_573_38_train-00003-.wav,VOLUME_UP,,Increase the volume,25,MO-371,Other / non-native,0,4,-1,4,VOLUME_UP,-1,0.83397555,1
audio/train_002815_SLURP_slurp_train_1880_737_train-00004-.wav,VOLUME_UP,,Increase the volume,25,FO-462,Other / non-native,0,4,-1,4,VOLUME_UP,-1,0.7475972,1
audio/train_002821_SLURP_slurp_train_4762_4609_train-00005-.wav,VOLUME_UP,,Increase the volume,25,FO-462,Other / non-native,0,4,-1,4,VOLUME_UP,-1,0.609677,1
audio/train_002827_SLURP_slurp_devel_691_4232.wav,VOLUME_UP,,Increase the volume,25,FO-462,Other / non-native,0,4,-1,19,OUT_OF_SCOPE,-1,0.32864472,0
audio/train_002836_group_synthetic_VOLUME_UP_s18_v2_clean.wav,VOLUME_UP,,Increase the volume,25,s18,Synthetic,1,4,-1,4,VOLUME_UP,-1,0.90311277,1
audio/train_002849_group_synthetic_VOLUME_UP_s88_v2_noisy.wav,VOLUME_UP,,Increase the volume,25,s88,Synthetic,1,4,-1,4,VOLUME_UP,-1,0.71857655,1
audio/train_002851_group_synthetic_VOLUME_UP_s74_v2_clean.wav,VOLUME_UP,,Increase the volume,25,s74,Synthetic,1,4,-1,4,VOLUME_UP,-1,0.5792981,1
audio/train_002854_group_synthetic_VOLUME_UP_s38_v2_noisy.wav,VOLUME_UP,,Increase the volume,25,s38,Synthetic,1,4,-1,4,VOLUME_UP,-1,0.95572895,1
audio/train_002862_group_synthetic_VOLUME_UP_s30_v2_clean.wav,VOLUME_UP,,Increase the volume,25,s30,Synthetic,1,4,-1,4,VOLUME_UP,-1,0.8822298,1
audio/train_002869_group_synthetic_VOLUME_UP_s26_v2_noisy.wav,VOLUME_UP,,Increase the volume,25,s26,Synthetic,1,4,-1,4,VOLUME_UP,-1,0.8993765,1
audio/train_002875_group_synthetic_VOLUME_UP_s72_v2_clean.wav,VOLUME_UP,,Increase the volume,25,s72,Synthetic,1,4,-1,4,VOLUME_UP,-1,0.7905749,1
audio/train_002878_group_synthetic_VOLUME_UP_s67_v2_noisy.wav,VOLUME_UP,,Increase the volume,25,s67,Synthetic,1,4,-1,4,VOLUME_UP,-1,0.9258888,1
audio/train_002901_SLURP_slurp_train_187_6398_train-00000-.wav,VOLUME_UP,,Turn the volume up,26,FO-462,Other / non-native,0,4,-1,4,VOLUME_UP,-1,0.85459214,1
audio/train_002902_SLURP_slurp_train_3014_4369_train-00005-.wav,VOLUME_UP,,Turn the volume up,26,FO-171,Other / non-native,0,4,-1,4,VOLUME_UP,-1,0.9022569,1
audio/train_002907_SLURP_slurp_train_187_6393_train-00000-.wav,VOLUME_UP,,Turn the volume up,26,FO-180,Other / non-native,0,4,-1,4,VOLUME_UP,-1,0.50261194,1
audio/train_002918_SLURP_slurp_train_1432_2926_train-00004-.wav,VOLUME_UP,,Turn the volume up,26,FO-462,Other / non-native,0,4,-1,4,VOLUME_UP,-1,0.84988534,1
audio/train_002931_SLURP_slurp_train_5032_4064_train-00005-.wav,VOLUME_UP,,Turn the volume up,26,FO-462,Other / non-native,0,4,-1,19,OUT_OF_SCOPE,-1,0.36735755,0
audio/train_002933_SLURP_slurp_train_187_6396_train-00000-.wav,VOLUME_UP,,Turn the volume up,26,FO-462,Other / non-native,0,4,-1,4,VOLUME_UP,-1,0.91131777,1
audio/train_002936_SLURP_slurp_train_5294_6411_train-00003-.wav,VOLUME_UP,,Turn the volume up,26,FO-462,Other / non-native,0,4,-1,4,VOLUME_UP,-1,0.49423045,1
audio/train_002938_SLURP_slurp_train_1641_2875_train-00003-.wav,VOLUME_UP,,Turn the volume up,26,FO-462,Other / non-native,0,4,-1,4,VOLUME_UP,-1,0.7039226,1
audio/train_002940_SLURP_slurp_devel_4579_6222.wav,VOLUME_UP,,Turn the volume up,26,FO-462,Other / non-native,0,4,-1,4,VOLUME_UP,-1,0.47632223,1
audio/train_002953_group_synthetic_VOLUME_UP_s67_v3_noisy.wav,VOLUME_UP,,Turn the volume up,26,s67,Synthetic,1,4,-1,4,VOLUME_UP,-1,0.9659972,1
audio/train_002954_group_synthetic_VOLUME_UP_s26_v3_clean.wav,VOLUME_UP,,Turn the volume up,26,s26,Synthetic,1,4,-1,4,VOLUME_UP,-1,0.9607666,1
audio/train_002973_group_synthetic_VOLUME_UP_s74_v3_clean.wav,VOLUME_UP,,Turn the volume up,26,s74,Synthetic,1,4,-1,4,VOLUME_UP,-1,0.8086277,1
audio/train_002977_group_synthetic_VOLUME_UP_s88_v3_clean.wav,VOLUME_UP,,Turn the volume up,26,s88,Synthetic,1,4,-1,4,VOLUME_UP,-1,0.9325277,1
audio/train_002978_group_synthetic_VOLUME_UP_s30_v3_noisy.wav,VOLUME_UP,,Turn the volume up,26,s30,Synthetic,1,4,-1,4,VOLUME_UP,-1,0.9552801,1
audio/train_002979_group_synthetic_VOLUME_UP_s38_v3_clean.wav,VOLUME_UP,,Turn the volume up,26,s38,Synthetic,1,4,-1,4,VOLUME_UP,-1,0.9534065,1
audio/train_002980_group_synthetic_VOLUME_UP_s82_v3_clean.wav,VOLUME_UP,,Turn the volume up,26,s82,Synthetic,1,4,-1,4,VOLUME_UP,-1,0.9136254,1
audio/train_002988_group_synthetic_VOLUME_UP_s18_v3_noisy.wav,VOLUME_UP,,Turn the volume up,26,s18,Synthetic,1,4,-1,4,VOLUME_UP,-1,0.89163595,1
audio/train_002997_real_voice_VOLUME_DOWN_V1_t1.wav,VOLUME_DOWN,,Volume down,27,202521746,Filipino (group),0,5,-1,5,VOLUME_DOWN,-1,0.90518564,1
audio/train_002998_real_voice_VOLUME_DOWN_V1_t2.wav,VOLUME_DOWN,,Volume down,27,202521746,Filipino (group),0,5,-1,5,VOLUME_DOWN,-1,0.92258674,1
audio/train_002999_real_voice_VOLUME_DOWN_V1_t3.wav,VOLUME_DOWN,,Volume down,27,202521746,Filipino (group),0,5,-1,5,VOLUME_DOWN,-1,0.93085414,1
audio/train_003034_SLURP_slurp_train_4732_7358_train-00001-.wav,VOLUME_DOWN,,Volume down,27,FE-349,Native English,0,5,-1,5,VOLUME_DOWN,-1,0.46196383,1
audio/train_003047_FluentSpeechCommands_3239fca0-45bc-11e9-8ec0-7bf21d1cfe30.wav,VOLUME_DOWN,,Volume down,27,NgQEvO2x7Vh3xy2xz,Native English,0,5,-1,5,VOLUME_DOWN,-1,0.93716604,1
audio/train_003048_FluentSpeechCommands_22020490-4454-11e9-beaa-1f3e1eab7bff.wav,VOLUME_DOWN,,Volume down,27,ObdQbr9wyDfbmW4E,Native English,0,5,-1,19,OUT_OF_SCOPE,-1,0.36353463,0
audio/train_003054_group_synthetic_VOLUME_DOWN_s38_v1_clean.wav,VOLUME_DOWN,,Volume down,27,s38,Synthetic,1,5,-1,5,VOLUME_DOWN,-1,0.9707437,1
audio/train_003059_group_synthetic_VOLUME_DOWN_s88_v1_noisy.wav,VOLUME_DOWN,,Volume down,27,s88,Synthetic,1,5,-1,5,VOLUME_DOWN,-1,0.8903843,1
audio/train_003076_group_synthetic_VOLUME_DOWN_s72_v1_noisy.wav,VOLUME_DOWN,,Volume down,27,s72,Synthetic,1,5,-1,5,VOLUME_DOWN,-1,0.92692506,1
audio/train_003081_group_synthetic_VOLUME_DOWN_s80_v1_noisy.wav,VOLUME_DOWN,,Volume down,27,s80,Synthetic,1,5,-1,5,VOLUME_DOWN,-1,0.84142274,1
audio/train_003085_group_synthetic_VOLUME_DOWN_s30_v1_clean.wav,VOLUME_DOWN,,Volume down,27,s30,Synthetic,1,5,-1,5,VOLUME_DOWN,-1,0.91831636,1
audio/train_003093_group_synthetic_VOLUME_DOWN_s74_v1_clean.wav,VOLUME_DOWN,,Volume down,27,s74,Synthetic,1,5,-1,5,VOLUME_DOWN,-1,0.84389186,1
audio/train_003098_group_synthetic_VOLUME_DOWN_s18_v1_noisy.wav,VOLUME_DOWN,,Volume down,27,s18,Synthetic,1,5,-1,5,VOLUME_DOWN,-1,0.96983665,1
audio/train_003103_group_synthetic_VOLUME_DOWN_s67_v1_noisy.wav,VOLUME_DOWN,,Volume down,27,s67,Synthetic,1,5,-1,5,VOLUME_DOWN,-1,0.9577166,1
audio/train_003108_real_voice_VOLUME_DOWN_V2_t1.wav,VOLUME_DOWN,,Lower the volume,28,202521746,Filipino (group),0,5,-1,5,VOLUME_DOWN,-1,0.9046894,1
audio/train_003109_real_voice_VOLUME_DOWN_V2_t2.wav,VOLUME_DOWN,,Lower the volume,28,202521746,Filipino (group),0,5,-1,5,VOLUME_DOWN,-1,0.8342745,1
audio/train_003110_real_voice_VOLUME_DOWN_V2_t3.wav,VOLUME_DOWN,,Lower the volume,28,202521746,Filipino (group),0,5,-1,5,VOLUME_DOWN,-1,0.8553949,1
audio/train_003118_SLURP_slurp_train_2894_2163_train-00003-.wav,VOLUME_DOWN,,Lower the volume,28,FO-462,Other / non-native,0,5,-1,5,VOLUME_DOWN,-1,0.8570032,1
audio/train_003125_SLURP_slurp_devel_331_6653.wav,VOLUME_DOWN,,Lower the volume,28,FO-180,Other / non-native,0,5,-1,2,STOP,-1,0.5999229,0
audio/train_003140_SLURP_slurp_train_1787_4158_train-00003-.wav,VOLUME_DOWN,,Lower the volume,28,FO-462,Other / non-native,0,5,-1,4,VOLUME_UP,-1,0.9570862,0
audio/train_003155_SLURP_slurp_train_690_1875_train-00002-.wav,VOLUME_DOWN,,Lower the volume,28,FO-462,Other / non-native,0,5,-1,4,VOLUME_UP,-1,0.7062121,0
audio/train_003159_SLURP_slurp_devel_4979_7460.wav,VOLUME_DOWN,,Lower the volume,28,FO-462,Other / non-native,0,5,-1,19,OUT_OF_SCOPE,-1,0.5791027,0
audio/train_003165_group_synthetic_VOLUME_DOWN_s72_v2_noisy.wav,VOLUME_DOWN,,Lower the volume,28,s72,Synthetic,1,5,-1,5,VOLUME_DOWN,-1,0.7308404,1
audio/train_003167_group_synthetic_VOLUME_DOWN_s80_v2_noisy.wav,VOLUME_DOWN,,Lower the volume,28,s80,Synthetic,1,5,-1,5,VOLUME_DOWN,-1,0.47038358,1
audio/train_003174_group_synthetic_VOLUME_DOWN_s38_v2_noisy.wav,VOLUME_DOWN,,Lower the volume,28,s38,Synthetic,1,5,-1,5,VOLUME_DOWN,-1,0.89977795,1
audio/train_003176_group_synthetic_VOLUME_DOWN_s82_v2_noisy.wav,VOLUME_DOWN,,Lower the volume,28,s82,Synthetic,1,5,-1,5,VOLUME_DOWN,-1,0.88961005,1
audio/train_003177_group_synthetic_VOLUME_DOWN_s74_v2_clean.wav,VOLUME_DOWN,,Lower the volume,28,s74,Synthetic,1,5,-1,5,VOLUME_DOWN,-1,0.6819537,1
audio/train_003182_group_synthetic_VOLUME_DOWN_s67_v2_clean.wav,VOLUME_DOWN,,Lower the volume,28,s67,Synthetic,1,5,-1,5,VOLUME_DOWN,-1,0.9502141,1
audio/train_003185_group_synthetic_VOLUME_DOWN_s30_v2_noisy.wav,VOLUME_DOWN,,Lower the volume,28,s30,Synthetic,1,5,-1,5,VOLUME_DOWN,-1,0.87756604,1
audio/train_003205_group_synthetic_VOLUME_DOWN_s18_v2_clean.wav,VOLUME_DOWN,,Lower the volume,28,s18,Synthetic,1,5,-1,5,VOLUME_DOWN,-1,0.93352324,1
audio/train_003219_real_voice_VOLUME_DOWN_V3_t1.wav,VOLUME_DOWN,,Turn the volume down,29,202521746,Filipino (group),0,5,-1,5,VOLUME_DOWN,-1,0.94515073,1
audio/train_003220_real_voice_VOLUME_DOWN_V3_t2.wav,VOLUME_DOWN,,Turn the volume down,29,202521746,Filipino (group),0,5,-1,5,VOLUME_DOWN,-1,0.9316567,1
audio/train_003221_real_voice_VOLUME_DOWN_V3_t3.wav,VOLUME_DOWN,,Turn the volume down,29,202521746,Filipino (group),0,5,-1,5,VOLUME_DOWN,-1,0.89936227,1
audio/train_003229_SLURP_slurp_train_4901_1512_train-00000-.wav,VOLUME_DOWN,,Turn the volume down,29,FO-462,Other / non-native,0,5,-1,5,VOLUME_DOWN,-1,0.4490528,1
audio/train_003240_SLURP_slurp_test_1639_1756.wav,VOLUME_DOWN,,Turn the volume down,29,FO-420,Other / non-native,0,5,-1,5,VOLUME_DOWN,-1,0.51921564,1
audio/train_003247_SLURP_slurp_train_4390_1202_train-00001-.wav,VOLUME_DOWN,,Turn the volume down,29,FO-462,Other / non-native,0,5,-1,5,VOLUME_DOWN,-1,0.61488056,1
audio/train_003255_SLURP_slurp_train_1367_2407_train-00003-.wav,VOLUME_DOWN,,Turn the volume down,29,FO-462,Other / non-native,0,5,-1,5,VOLUME_DOWN,-1,0.57882893,1
audio/train_003296_group_synthetic_VOLUME_DOWN_s67_v3_noisy.wav,VOLUME_DOWN,,Turn the volume down,29,s67,Synthetic,1,5,-1,5,VOLUME_DOWN,-1,0.9531879,1
audio/train_003308_group_synthetic_VOLUME_DOWN_s30_v3_noisy.wav,VOLUME_DOWN,,Turn the volume down,29,s30,Synthetic,1,5,-1,5,VOLUME_DOWN,-1,0.9679722,1
audio/train_003309_group_synthetic_VOLUME_DOWN_s80_v3_noisy.wav,VOLUME_DOWN,,Turn the volume down,29,s80,Synthetic,1,5,-1,5,VOLUME_DOWN,-1,0.8047304,1
audio/train_003312_group_synthetic_VOLUME_DOWN_s26_v3_noisy.wav,VOLUME_DOWN,,Turn the volume down,29,s26,Synthetic,1,5,-1,5,VOLUME_DOWN,-1,0.971732,1
audio/train_003313_group_synthetic_VOLUME_DOWN_s88_v3_noisy.wav,VOLUME_DOWN,,Turn the volume down,29,s88,Synthetic,1,5,-1,5,VOLUME_DOWN,-1,0.8900142,1
audio/train_003315_group_synthetic_VOLUME_DOWN_s82_v3_clean.wav,VOLUME_DOWN,,Turn the volume down,29,s82,Synthetic,1,5,-1,5,VOLUME_DOWN,-1,0.9271598,1
audio/train_003318_group_synthetic_VOLUME_DOWN_s38_v3_noisy.wav,VOLUME_DOWN,,Turn the volume down,29,s38,Synthetic,1,5,-1,5,VOLUME_DOWN,-1,0.9684433,1
audio/train_003323_group_synthetic_VOLUME_DOWN_s74_v3_noisy.wav,VOLUME_DOWN,,Turn the volume down,29,s74,Synthetic,1,5,-1,5,VOLUME_DOWN,-1,0.9501614,1
audio/train_003324_group_synthetic_VOLUME_DOWN_s18_v3_noisy.wav,VOLUME_DOWN,,Turn the volume down,29,s18,Synthetic,1,5,-1,5,VOLUME_DOWN,-1,0.95437694,1
audio/train_003330_real_voice_CALL_V1_t1.wav,CALL,,Call,30,202521746,Filipino (group),0,10,-1,10,CALL,-1,0.63689077,1
audio/train_003331_real_voice_CALL_V1_t2.wav,CALL,,Call,30,202521746,Filipino (group),0,10,-1,10,CALL,-1,0.66068876,1
audio/train_003332_real_voice_CALL_V1_t3.wav,CALL,,Call,30,202521746,Filipino (group),0,10,-1,10,CALL,-1,0.7876066,1
audio/train_003367_SLURP_slurp_train_16863_4130_train-00003-.wav,CALL,,Call,30,FO-180,Other / non-native,0,10,-1,19,OUT_OF_SCOPE,-1,0.40377656,0
audio/train_003389_group_synthetic_CALL_s67_v1_noisy.wav,CALL,,Call,30,s67,Synthetic,1,10,-1,10,CALL,-1,0.85311455,1
audio/train_003398_group_synthetic_CALL_s80_v1_noisy.wav,CALL,,Call,30,s80,Synthetic,1,10,-1,1,PAUSE,-1,0.4399039,0
audio/train_003405_group_synthetic_CALL_s30_v1_noisy.wav,CALL,,Call,30,s30,Synthetic,1,10,-1,10,CALL,-1,0.8255574,1
audio/train_003417_group_synthetic_CALL_s18_v1_clean.wav,CALL,,Call,30,s18,Synthetic,1,10,-1,10,CALL,-1,0.9381393,1
audio/train_003433_group_synthetic_CALL_s38_v1_noisy.wav,CALL,,Call,30,s38,Synthetic,1,10,-1,10,CALL,-1,0.7752042,1
audio/train_003435_group_synthetic_CALL_s88_v1_noisy.wav,CALL,,Call,30,s88,Synthetic,1,10,-1,10,CALL,-1,0.91006345,1
audio/train_003436_group_synthetic_CALL_s72_v1_noisy.wav,CALL,,Call,30,s72,Synthetic,1,10,-1,10,CALL,-1,0.6949969,1
audio/train_003438_group_synthetic_CALL_s74_v1_noisy.wav,CALL,,Call,30,s74,Synthetic,1,10,-1,19,OUT_OF_SCOPE,-1,0.3726304,0
audio/train_003441_real_voice_CALL_V2_t1.wav,CALL,,Make a call,31,202521746,Filipino (group),0,10,-1,10,CALL,-1,0.8959159,1
audio/train_003442_real_voice_CALL_V2_t2.wav,CALL,,Make a call,31,202521746,Filipino (group),0,10,-1,10,CALL,-1,0.5863292,1
audio/train_003443_real_voice_CALL_V2_t3.wav,CALL,,Make a call,31,202521746,Filipino (group),0,10,-1,10,CALL,-1,0.86901563,1
audio/train_003452_SLURP_slurp_test_16532_2064.wav,CALL,,Make a call,31,FE-250,Native English,0,10,-1,17,COLOR,1,0.65399855,0
audio/train_003456_SLURP_slurp_test_16532_2063.wav,CALL,,Make a call,31,FE-250,Native English,0,10,-1,19,OUT_OF_SCOPE,-1,0.27568853,0
audio/train_003472_group_synthetic_CALL_s30_v2_noisy.wav,CALL,,Make a call,31,s30,Synthetic,1,10,-1,10,CALL,-1,0.9608454,1
audio/train_003476_group_synthetic_CALL_s26_v2_clean.wav,CALL,,Make a call,31,s26,Synthetic,1,10,-1,10,CALL,-1,0.8780358,1
audio/train_003481_group_synthetic_CALL_s67_v2_noisy.wav,CALL,,Make a call,31,s67,Synthetic,1,10,-1,10,CALL,-1,0.976279,1
audio/train_003485_group_synthetic_CALL_s18_v2_noisy.wav,CALL,,Make a call,31,s18,Synthetic,1,10,-1,10,CALL,-1,0.91254497,1
audio/train_003486_group_synthetic_CALL_s72_v2_noisy.wav,CALL,,Make a call,31,s72,Synthetic,1,10,-1,10,CALL,-1,0.9467224,1
audio/train_003494_group_synthetic_CALL_s82_v2_clean.wav,CALL,,Make a call,31,s82,Synthetic,1,10,-1,10,CALL,-1,0.9719106,1
audio/train_003506_group_synthetic_CALL_s74_v2_noisy.wav,CALL,,Make a call,31,s74,Synthetic,1,10,-1,10,CALL,-1,0.7296846,1
audio/train_003513_group_synthetic_CALL_s88_v2_noisy.wav,CALL,,Make a call,31,s88,Synthetic,1,10,-1,10,CALL,-1,0.9463374,1
audio/train_003524_group_synthetic_CALL_s26_v2_noisy.wav,CALL,,Make a call,31,s26,Synthetic,1,10,-1,10,CALL,-1,0.91260564,1
audio/train_003537_group_synthetic_CALL_s82_v2_noisy.wav,CALL,,Make a call,31,s82,Synthetic,1,10,-1,10,CALL,-1,0.97216034,1
audio/train_003539_group_synthetic_CALL_s67_v2_clean.wav,CALL,,Make a call,31,s67,Synthetic,1,10,-1,10,CALL,-1,0.97309,1
audio/train_003549_group_synthetic_CALL_s74_v2_clean.wav,CALL,,Make a call,31,s74,Synthetic,1,10,-1,10,CALL,-1,0.49886093,1
audio/train_003550_group_synthetic_CALL_s72_v2_clean.wav,CALL,,Make a call,31,s72,Synthetic,1,10,-1,10,CALL,-1,0.9396559,1
audio/train_003552_real_voice_CALL_V3_t1.wav,CALL,,Make a phone call,32,202521746,Filipino (group),0,10,-1,10,CALL,-1,0.7689156,1
audio/train_003553_real_voice_CALL_V3_t2.wav,CALL,,Make a phone call,32,202521746,Filipino (group),0,10,-1,10,CALL,-1,0.82358444,1
audio/train_003554_real_voice_CALL_V3_t3.wav,CALL,,Make a phone call,32,202521746,Filipino (group),0,10,-1,10,CALL,-1,0.7803189,1
audio/train_003602_group_synthetic_CALL_s30_v3_clean.wav,CALL,,Make a phone call,32,s30,Synthetic,1,10,-1,10,CALL,-1,0.8977556,1
audio/train_003604_group_synthetic_CALL_s18_v3_noisy.wav,CALL,,Make a phone call,32,s18,Synthetic,1,10,-1,10,CALL,-1,0.55906504,1
audio/train_003608_group_synthetic_CALL_s67_v3_noisy.wav,CALL,,Make a phone call,32,s67,Synthetic,1,10,-1,10,CALL,-1,0.95654,1
audio/train_003612_group_synthetic_CALL_s38_v3_clean.wav,CALL,,Make a phone call,32,s38,Synthetic,1,10,-1,10,CALL,-1,0.9332344,1
audio/train_003614_group_synthetic_CALL_s88_v3_noisy.wav,CALL,,Make a phone call,32,s88,Synthetic,1,10,-1,10,CALL,-1,0.936617,1
audio/train_003625_group_synthetic_CALL_s74_v3_clean.wav,CALL,,Make a phone call,32,s74,Synthetic,1,10,-1,10,CALL,-1,0.80559874,1
audio/train_003627_group_synthetic_CALL_s80_v3_noisy.wav,CALL,,Make a phone call,32,s80,Synthetic,1,10,-1,10,CALL,-1,0.9441743,1
audio/train_003631_group_synthetic_CALL_s26_v3_clean.wav,CALL,,Make a phone call,32,s26,Synthetic,1,10,-1,10,CALL,-1,0.95486313,1
audio/train_003632_group_synthetic_CALL_s72_v3_noisy.wav,CALL,,Make a phone call,32,s72,Synthetic,1,10,-1,10,CALL,-1,0.8787908,1
audio/train_003637_group_synthetic_CALL_s82_v3_noisy.wav,CALL,,Make a phone call,32,s82,Synthetic,1,10,-1,10,CALL,-1,0.96318156,1
audio/train_003659_group_synthetic_CALL_s30_v3_noisy.wav,CALL,,Make a phone call,32,s30,Synthetic,1,10,-1,10,CALL,-1,0.9025594,1
audio/train_003660_group_synthetic_CALL_s38_v3_noisy.wav,CALL,,Make a phone call,32,s38,Synthetic,1,10,-1,10,CALL,-1,0.93218607,1
audio/train_003661_group_synthetic_CALL_s67_v3_clean.wav,CALL,,Make a phone call,32,s67,Synthetic,1,10,-1,10,CALL,-1,0.93553233,1
audio/train_003687_group_synthetic_MESSAGE_s88_v1_noisy.wav,MESSAGE,,Message,33,s88,Synthetic,1,11,-1,11,MESSAGE,-1,0.90462,1
audio/train_003693_group_synthetic_MESSAGE_s18_v1_clean.wav,MESSAGE,,Message,33,s18,Synthetic,1,11,-1,11,MESSAGE,-1,0.88961446,1
audio/train_003702_group_synthetic_MESSAGE_s72_v1_noisy.wav,MESSAGE,,Message,33,s72,Synthetic,1,11,-1,11,MESSAGE,-1,0.90398175,1
audio/train_003706_group_synthetic_MESSAGE_s38_v1_noisy.wav,MESSAGE,,Message,33,s38,Synthetic,1,11,-1,11,MESSAGE,-1,0.9562953,1
audio/train_003707_group_synthetic_MESSAGE_s80_v1_noisy.wav,MESSAGE,,Message,33,s80,Synthetic,1,11,-1,11,MESSAGE,-1,0.93789387,1
audio/train_003713_group_synthetic_MESSAGE_s67_v1_noisy.wav,MESSAGE,,Message,33,s67,Synthetic,1,11,-1,11,MESSAGE,-1,0.9590458,1
audio/train_003718_group_synthetic_MESSAGE_s74_v1_clean.wav,MESSAGE,,Message,33,s74,Synthetic,1,11,-1,11,MESSAGE,-1,0.86547136,1
audio/train_003719_group_synthetic_MESSAGE_s82_v1_noisy.wav,MESSAGE,,Message,33,s82,Synthetic,1,11,-1,11,MESSAGE,-1,0.9478231,1
audio/train_003737_group_synthetic_MESSAGE_s72_v1_clean.wav,MESSAGE,,Message,33,s72,Synthetic,1,11,-1,11,MESSAGE,-1,0.8945943,1
audio/train_003740_group_synthetic_MESSAGE_s74_v1_noisy.wav,MESSAGE,,Message,33,s74,Synthetic,1,11,-1,11,MESSAGE,-1,0.8920681,1
audio/train_003747_group_synthetic_MESSAGE_s38_v1_clean.wav,MESSAGE,,Message,33,s38,Synthetic,1,11,-1,11,MESSAGE,-1,0.943894,1
audio/train_003749_group_synthetic_MESSAGE_s88_v1_clean.wav,MESSAGE,,Message,33,s88,Synthetic,1,11,-1,11,MESSAGE,-1,0.89487785,1
audio/train_003757_group_synthetic_MESSAGE_s82_v1_clean.wav,MESSAGE,,Message,33,s82,Synthetic,1,11,-1,11,MESSAGE,-1,0.9472717,1
audio/train_003768_group_synthetic_MESSAGE_s18_v1_noisy.wav,MESSAGE,,Message,33,s18,Synthetic,1,11,-1,11,MESSAGE,-1,0.9097962,1
audio/train_003777_SLURP_slurp_train_16882_5739_train-00005-.wav,MESSAGE,,Send a message,34,FO-462,Other / non-native,0,11,-1,19,OUT_OF_SCOPE,-1,0.66767335,0
audio/train_003781_SLURP_slurp_train_16882_5740_train-00005-.wav,MESSAGE,,Send a message,34,FO-462,Other / non-native,0,11,-1,19,OUT_OF_SCOPE,-1,0.97859883,0
audio/train_003785_SLURP_slurp_train_15833_7653_train-00004-.wav,MESSAGE,,Send a message,34,ME-220,Native English,0,11,-1,19,OUT_OF_SCOPE,-1,0.8051901,0
audio/train_003795_SLURP_slurp_train_15833_7652_train-00004-.wav,MESSAGE,,Send a message,34,ME-220,Native English,0,11,-1,19,OUT_OF_SCOPE,-1,0.87559325,0
audio/train_003804_group_synthetic_MESSAGE_s67_v2_clean.wav,MESSAGE,,Send a message,34,s67,Synthetic,1,11,-1,11,MESSAGE,-1,0.95901895,1
audio/train_003808_group_synthetic_MESSAGE_s88_v2_clean.wav,MESSAGE,,Send a message,34,s88,Synthetic,1,11,-1,11,MESSAGE,-1,0.94149387,1
audio/train_003811_group_synthetic_MESSAGE_s38_v2_noisy.wav,MESSAGE,,Send a message,34,s38,Synthetic,1,11,-1,11,MESSAGE,-1,0.94082665,1
audio/train_003814_group_synthetic_MESSAGE_s18_v2_noisy.wav,MESSAGE,,Send a message,34,s18,Synthetic,1,11,-1,11,MESSAGE,-1,0.9617456,1
audio/train_003824_group_synthetic_MESSAGE_s26_v2_noisy.wav,MESSAGE,,Send a message,34,s26,Synthetic,1,11,-1,11,MESSAGE,-1,0.96888846,1
audio/train_003830_group_synthetic_MESSAGE_s80_v2_clean.wav,MESSAGE,,Send a message,34,s80,Synthetic,1,11,-1,11,MESSAGE,-1,0.908227,1
audio/train_003831_group_synthetic_MESSAGE_s30_v2_noisy.wav,MESSAGE,,Send a message,34,s30,Synthetic,1,11,-1,11,MESSAGE,-1,0.96092147,1
audio/train_003846_group_synthetic_MESSAGE_s72_v2_clean.wav,MESSAGE,,Send a message,34,s72,Synthetic,1,11,-1,11,MESSAGE,-1,0.9198832,1
audio/train_003851_group_synthetic_MESSAGE_s82_v2_noisy.wav,MESSAGE,,Send a message,34,s82,Synthetic,1,11,-1,11,MESSAGE,-1,0.9641112,1
audio/train_003868_group_synthetic_MESSAGE_s88_v2_noisy.wav,MESSAGE,,Send a message,34,s88,Synthetic,1,11,-1,11,MESSAGE,-1,0.95842314,1
audio/train_003874_group_synthetic_MESSAGE_s26_v2_clean.wav,MESSAGE,,Send a message,34,s26,Synthetic,1,11,-1,11,MESSAGE,-1,0.96536505,1
audio/train_003876_group_synthetic_MESSAGE_s80_v2_noisy.wav,MESSAGE,,Send a message,34,s80,Synthetic,1,11,-1,11,MESSAGE,-1,0.9073178,1
audio/train_003878_group_synthetic_MESSAGE_s18_v2_clean.wav,MESSAGE,,Send a message,34,s18,Synthetic,1,11,-1,11,MESSAGE,-1,0.95815897,1
audio/train_003895_group_synthetic_MESSAGE_s67_v3_noisy.wav,MESSAGE,,Send my message,35,s67,Synthetic,1,11,-1,11,MESSAGE,-1,0.94944286,1
audio/train_003897_group_synthetic_MESSAGE_s74_v3_noisy.wav,MESSAGE,,Send my message,35,s74,Synthetic,1,11,-1,11,MESSAGE,-1,0.72182846,1
audio/train_003899_group_synthetic_MESSAGE_s26_v3_noisy.wav,MESSAGE,,Send my message,35,s26,Synthetic,1,11,-1,11,MESSAGE,-1,0.9444732,1
audio/train_003904_group_synthetic_MESSAGE_s38_v3_clean.wav,MESSAGE,,Send my message,35,s38,Synthetic,1,11,-1,11,MESSAGE,-1,0.9410251,1
audio/train_003909_group_synthetic_MESSAGE_s18_v3_clean.wav,MESSAGE,,Send my message,35,s18,Synthetic,1,11,-1,11,MESSAGE,-1,0.9390624,1
audio/train_003926_group_synthetic_MESSAGE_s72_v3_noisy.wav,MESSAGE,,Send my message,35,s72,Synthetic,1,11,-1,11,MESSAGE,-1,0.94560784,1
audio/train_003928_group_synthetic_MESSAGE_s80_v3_clean.wav,MESSAGE,,Send my message,35,s80,Synthetic,1,11,-1,11,MESSAGE,-1,0.84879065,1
audio/train_003935_group_synthetic_MESSAGE_s30_v3_clean.wav,MESSAGE,,Send my message,35,s30,Synthetic,1,11,-1,11,MESSAGE,-1,0.9659639,1
audio/train_003943_group_synthetic_MESSAGE_s82_v3_clean.wav,MESSAGE,,Send my message,35,s82,Synthetic,1,11,-1,11,MESSAGE,-1,0.94972765,1
audio/train_003945_group_synthetic_MESSAGE_s88_v3_noisy.wav,MESSAGE,,Send my message,35,s88,Synthetic,1,11,-1,11,MESSAGE,-1,0.9442921,1
audio/train_003953_group_synthetic_MESSAGE_s38_v3_noisy.wav,MESSAGE,,Send my message,35,s38,Synthetic,1,11,-1,11,MESSAGE,-1,0.937174,1
audio/train_003955_group_synthetic_MESSAGE_s26_v3_clean.wav,MESSAGE,,Send my message,35,s26,Synthetic,1,11,-1,11,MESSAGE,-1,0.9479281,1
audio/train_003959_group_synthetic_MESSAGE_s18_v3_noisy.wav,MESSAGE,,Send my message,35,s18,Synthetic,1,11,-1,11,MESSAGE,-1,0.9418158,1
audio/train_003968_group_synthetic_MESSAGE_s80_v3_noisy.wav,MESSAGE,,Send my message,35,s80,Synthetic,1,11,-1,11,MESSAGE,-1,0.7877243,1
audio/train_003973_group_synthetic_MESSAGE_s72_v3_clean.wav,MESSAGE,,Send my message,35,s72,Synthetic,1,11,-1,11,MESSAGE,-1,0.9408237,1
audio/train_003992_group_synthetic_MESSAGE_s67_v3_clean.wav,MESSAGE,,Send my message,35,s67,Synthetic,1,11,-1,11,MESSAGE,-1,0.95222056,1
audio/train_003994_group_synthetic_MESSAGE_s82_v3_noisy.wav,MESSAGE,,Send my message,35,s82,Synthetic,1,11,-1,11,MESSAGE,-1,0.949397,1
audio/train_004010_group_synthetic_LIST_REMINDERS_s18_v1_clean.wav,LIST_REMINDERS,,Reminders,36,s18,Synthetic,1,12,-1,12,LIST_REMINDERS,-1,0.9488449,1
audio/train_004012_group_synthetic_LIST_REMINDERS_s38_v1_clean.wav,LIST_REMINDERS,,Reminders,36,s38,Synthetic,1,12,-1,12,LIST_REMINDERS,-1,0.949064,1
audio/train_004020_group_synthetic_LIST_REMINDERS_s72_v1_noisy.wav,LIST_REMINDERS,,Reminders,36,s72,Synthetic,1,12,-1,12,LIST_REMINDERS,-1,0.8737453,1
audio/train_004029_group_synthetic_LIST_REMINDERS_s30_v1_clean.wav,LIST_REMINDERS,,Reminders,36,s30,Synthetic,1,12,-1,12,LIST_REMINDERS,-1,0.9528471,1
audio/train_004030_group_synthetic_LIST_REMINDERS_s67_v1_noisy.wav,LIST_REMINDERS,,Reminders,36,s67,Synthetic,1,12,-1,12,LIST_REMINDERS,-1,0.9389056,1
audio/train_004032_group_synthetic_LIST_REMINDERS_s26_v1_clean.wav,LIST_REMINDERS,,Reminders,36,s26,Synthetic,1,12,-1,12,LIST_REMINDERS,-1,0.9618743,1
audio/train_004043_group_synthetic_LIST_REMINDERS_s82_v1_clean.wav,LIST_REMINDERS,,Reminders,36,s82,Synthetic,1,12,-1,12,LIST_REMINDERS,-1,0.8991904,1
audio/train_004049_group_synthetic_LIST_REMINDERS_s88_v1_noisy.wav,LIST_REMINDERS,,Reminders,36,s88,Synthetic,1,12,-1,12,LIST_REMINDERS,-1,0.9310955,1
audio/train_004060_group_synthetic_LIST_REMINDERS_s72_v1_clean.wav,LIST_REMINDERS,,Reminders,36,s72,Synthetic,1,12,-1,12,LIST_REMINDERS,-1,0.8628014,1
audio/train_004069_group_synthetic_LIST_REMINDERS_s18_v1_noisy.wav,LIST_REMINDERS,,Reminders,36,s18,Synthetic,1,12,-1,12,LIST_REMINDERS,-1,0.95041233,1
audio/train_004072_group_synthetic_LIST_REMINDERS_s82_v1_noisy.wav,LIST_REMINDERS,,Reminders,36,s82,Synthetic,1,12,-1,12,LIST_REMINDERS,-1,0.90297323,1
audio/train_004073_group_synthetic_LIST_REMINDERS_s30_v1_noisy.wav,LIST_REMINDERS,,Reminders,36,s30,Synthetic,1,12,-1,12,LIST_REMINDERS,-1,0.9620013,1
audio/train_004079_group_synthetic_LIST_REMINDERS_s67_v1_clean.wav,LIST_REMINDERS,,Reminders,36,s67,Synthetic,1,12,-1,12,LIST_REMINDERS,-1,0.91224647,1
audio/train_004088_group_synthetic_LIST_REMINDERS_s38_v1_noisy.wav,LIST_REMINDERS,,Reminders,36,s38,Synthetic,1,12,-1,12,LIST_REMINDERS,-1,0.95429736,1
audio/train_004104_group_synthetic_LIST_REMINDERS_s26_v1_noisy.wav,LIST_REMINDERS,,Reminders,36,s26,Synthetic,1,12,-1,12,LIST_REMINDERS,-1,0.9720221,1
audio/train_004106_group_synthetic_LIST_REMINDERS_s88_v1_clean.wav,LIST_REMINDERS,,Reminders,36,s88,Synthetic,1,12,-1,12,LIST_REMINDERS,-1,0.86398935,1
audio/train_004132_SLURP_slurp_test_8795_4231.wav,LIST_REMINDERS,,Show my reminders,37,FO-171,Other / non-native,0,12,-1,12,LIST_REMINDERS,-1,0.8396712,1
audio/train_004134_SLURP_slurp_test_9198_5597.wav,LIST_REMINDERS,,Show my reminders,37,FO-462,Other / non-native,0,12,-1,12,LIST_REMINDERS,-1,0.602932,1
audio/train_004135_SLURP_slurp_test_9198_5598.wav,LIST_REMINDERS,,Show my reminders,37,FO-462,Other / non-native,0,12,-1,12,LIST_REMINDERS,-1,0.49786252,1
audio/train_004139_SLURP_slurp_test_9198_5596.wav,LIST_REMINDERS,,Show my reminders,37,FO-462,Other / non-native,0,12,-1,12,LIST_REMINDERS,-1,0.5048615,1
audio/train_004141_SLURP_slurp_test_9198_5599.wav,LIST_REMINDERS,,Show my reminders,37,FO-462,Other / non-native,0,12,-1,12,LIST_REMINDERS,-1,0.5314495,1
audio/train_004147_SLURP_slurp_train_7386_6623_train-00002-.wav,LIST_REMINDERS,,Show my reminders,37,FE-349,Native English,0,12,-1,12,LIST_REMINDERS,-1,0.7761173,1
audio/train_004151_SLURP_slurp_train_7386_6624_train-00002-.wav,LIST_REMINDERS,,Show my reminders,37,FE-349,Native English,0,12,-1,12,LIST_REMINDERS,-1,0.8690863,1
audio/train_004155_group_synthetic_LIST_REMINDERS_s72_v2_noisy.wav,LIST_REMINDERS,,Show my reminders,37,s72,Synthetic,1,12,-1,12,LIST_REMINDERS,-1,0.94656944,1
audio/train_004161_group_synthetic_LIST_REMINDERS_s38_v2_noisy.wav,LIST_REMINDERS,,Show my reminders,37,s38,Synthetic,1,12,-1,12,LIST_REMINDERS,-1,0.9734418,1
audio/train_004170_group_synthetic_LIST_REMINDERS_s67_v2_noisy.wav,LIST_REMINDERS,,Show my reminders,37,s67,Synthetic,1,12,-1,12,LIST_REMINDERS,-1,0.94262487,1
audio/train_004183_group_synthetic_LIST_REMINDERS_s82_v2_clean.wav,LIST_REMINDERS,,Show my reminders,37,s82,Synthetic,1,12,-1,12,LIST_REMINDERS,-1,0.94208854,1
audio/train_004184_group_synthetic_LIST_REMINDERS_s30_v2_clean.wav,LIST_REMINDERS,,Show my reminders,37,s30,Synthetic,1,12,-1,12,LIST_REMINDERS,-1,0.9626197,1
audio/train_004191_group_synthetic_LIST_REMINDERS_s26_v2_clean.wav,LIST_REMINDERS,,Show my reminders,37,s26,Synthetic,1,12,-1,12,LIST_REMINDERS,-1,0.94531053,1
audio/train_004195_group_synthetic_LIST_REMINDERS_s88_v2_noisy.wav,LIST_REMINDERS,,Show my reminders,37,s88,Synthetic,1,12,-1,12,LIST_REMINDERS,-1,0.9536263,1
audio/train_004197_group_synthetic_LIST_REMINDERS_s74_v2_noisy.wav,LIST_REMINDERS,,Show my reminders,37,s74,Synthetic,1,12,-1,12,LIST_REMINDERS,-1,0.90692025,1
audio/train_004230_SLURP_slurp_devel_7720_2350.wav,LIST_REMINDERS,,List my reminders,38,FE-249,Native English,0,12,-1,12,LIST_REMINDERS,-1,0.80913717,1
audio/train_004243_group_synthetic_LIST_REMINDERS_s74_v3_clean.wav,LIST_REMINDERS,,List my reminders,38,s74,Synthetic,1,12,-1,12,LIST_REMINDERS,-1,0.8183021,1
audio/train_004245_group_synthetic_LIST_REMINDERS_s18_v3_clean.wav,LIST_REMINDERS,,List my reminders,38,s18,Synthetic,1,12,-1,12,LIST_REMINDERS,-1,0.9510921,1
audio/train_004259_group_synthetic_LIST_REMINDERS_s30_v3_noisy.wav,LIST_REMINDERS,,List my reminders,38,s30,Synthetic,1,12,-1,12,LIST_REMINDERS,-1,0.97183865,1
audio/train_004270_group_synthetic_LIST_REMINDERS_s67_v3_noisy.wav,LIST_REMINDERS,,List my reminders,38,s67,Synthetic,1,12,-1,12,LIST_REMINDERS,-1,0.94720155,1
audio/train_004272_group_synthetic_LIST_REMINDERS_s26_v3_noisy.wav,LIST_REMINDERS,,List my reminders,38,s26,Synthetic,1,12,-1,12,LIST_REMINDERS,-1,0.96400195,1
audio/train_004274_group_synthetic_LIST_REMINDERS_s72_v3_clean.wav,LIST_REMINDERS,,List my reminders,38,s72,Synthetic,1,12,-1,12,LIST_REMINDERS,-1,0.9742357,1
audio/train_004280_group_synthetic_LIST_REMINDERS_s38_v3_noisy.wav,LIST_REMINDERS,,List my reminders,38,s38,Synthetic,1,12,-1,12,LIST_REMINDERS,-1,0.96973914,1
audio/train_004293_group_synthetic_LIST_REMINDERS_s82_v3_clean.wav,LIST_REMINDERS,,List my reminders,38,s82,Synthetic,1,12,-1,12,LIST_REMINDERS,-1,0.9524679,1
audio/train_004297_group_synthetic_LIST_REMINDERS_s88_v3_clean.wav,LIST_REMINDERS,,List my reminders,38,s88,Synthetic,1,12,-1,12,LIST_REMINDERS,-1,0.8776206,1
audio/train_004308_group_synthetic_LIST_REMINDERS_s74_v3_noisy.wav,LIST_REMINDERS,,List my reminders,38,s74,Synthetic,1,12,-1,12,LIST_REMINDERS,-1,0.7582206,1
audio/train_004316_group_synthetic_LIST_REMINDERS_s26_v3_clean.wav,LIST_REMINDERS,,List my reminders,38,s26,Synthetic,1,12,-1,12,LIST_REMINDERS,-1,0.9621774,1
audio/train_004333_group_synthetic_TIMER_10s_s72_v1_noisy.wav,TIMER,10 seconds,Timer 10 seconds,39,s72,Synthetic,1,13,0,13,TIMER,0,0.9540243,1
audio/train_004341_group_synthetic_TIMER_10s_s82_v1_clean.wav,TIMER,10 seconds,Timer 10 seconds,39,s82,Synthetic,1,13,0,13,TIMER,0,0.9418971,1
audio/train_004354_group_synthetic_TIMER_10s_s67_v1_clean.wav,TIMER,10 seconds,Timer 10 seconds,39,s67,Synthetic,1,13,0,13,TIMER,0,0.9487655,1
audio/train_004365_group_synthetic_TIMER_10s_s18_v1_noisy.wav,TIMER,10 seconds,Timer 10 seconds,39,s18,Synthetic,1,13,0,13,TIMER,0,0.94447875,1
audio/train_004366_group_synthetic_TIMER_10s_s88_v1_noisy.wav,TIMER,10 seconds,Timer 10 seconds,39,s88,Synthetic,1,13,0,13,TIMER,0,0.946388,1
audio/train_004369_group_synthetic_TIMER_10s_s38_v1_noisy.wav,TIMER,10 seconds,Timer 10 seconds,39,s38,Synthetic,1,13,0,13,TIMER,0,0.8873085,1
audio/train_004372_group_synthetic_TIMER_10s_s74_v1_noisy.wav,TIMER,10 seconds,Timer 10 seconds,39,s74,Synthetic,1,13,0,13,TIMER,0,0.96857274,1
audio/train_004374_group_synthetic_TIMER_10s_s30_v1_clean.wav,TIMER,10 seconds,Timer 10 seconds,39,s30,Synthetic,1,13,0,13,TIMER,0,0.9702967,1
audio/train_004386_group_synthetic_TIMER_10s_s26_v1_noisy.wav,TIMER,10 seconds,Timer 10 seconds,39,s26,Synthetic,1,13,0,13,TIMER,0,0.93942827,1
audio/train_004390_group_synthetic_TIMER_10s_s80_v1_clean.wav,TIMER,10 seconds,Timer 10 seconds,39,s80,Synthetic,1,13,0,13,TIMER,0,0.9501339,1
audio/train_004404_group_synthetic_TIMER_10s_s18_v1_clean.wav,TIMER,10 seconds,Timer 10 seconds,39,s18,Synthetic,1,13,0,13,TIMER,0,0.94205195,1
audio/train_004405_group_synthetic_TIMER_10s_s67_v1_noisy.wav,TIMER,10 seconds,Timer 10 seconds,39,s67,Synthetic,1,13,0,13,TIMER,0,0.9435475,1
audio/train_004408_group_synthetic_TIMER_10s_s82_v1_noisy.wav,TIMER,10 seconds,Timer 10 seconds,39,s82,Synthetic,1,13,0,13,TIMER,0,0.9410307,1
audio/train_004410_group_synthetic_TIMER_10s_s30_v1_noisy.wav,TIMER,10 seconds,Timer 10 seconds,39,s30,Synthetic,1,13,0,13,TIMER,0,0.96951073,1
audio/train_004418_group_synthetic_TIMER_10s_s88_v1_clean.wav,TIMER,10 seconds,Timer 10 seconds,39,s88,Synthetic,1,13,0,13,TIMER,0,0.944391,1
audio/train_004420_group_synthetic_TIMER_10s_s72_v1_clean.wav,TIMER,10 seconds,Timer 10 seconds,39,s72,Synthetic,1,13,0,13,TIMER,0,0.9528499,1
audio/train_004430_group_synthetic_TIMER_10s_s26_v1_clean.wav,TIMER,10 seconds,Timer 10 seconds,39,s26,Synthetic,1,13,0,13,TIMER,0,0.94401383,1
audio/train_004432_group_synthetic_TIMER_10s_s74_v1_clean.wav,TIMER,10 seconds,Timer 10 seconds,39,s74,Synthetic,1,13,0,13,TIMER,0,0.96732336,1
audio/train_004445_group_synthetic_TIMER_30s_s67_v1_noisy.wav,TIMER,30 seconds,Timer 30 seconds,40,s67,Synthetic,1,13,1,13,TIMER,1,0.9231631,1
audio/train_004446_group_synthetic_TIMER_30s_s72_v1_noisy.wav,TIMER,30 seconds,Timer 30 seconds,40,s72,Synthetic,1,13,1,13,TIMER,1,0.511934,1
audio/train_004459_group_synthetic_TIMER_30s_s18_v1_clean.wav,TIMER,30 seconds,Timer 30 seconds,40,s18,Synthetic,1,13,1,13,TIMER,1,0.8109625,1
audio/train_004479_group_synthetic_TIMER_30s_s38_v1_clean.wav,TIMER,30 seconds,Timer 30 seconds,40,s38,Synthetic,1,13,1,13,TIMER,1,0.9444245,1
audio/train_004483_group_synthetic_TIMER_30s_s26_v1_noisy.wav,TIMER,30 seconds,Timer 30 seconds,40,s26,Synthetic,1,13,1,13,TIMER,1,0.9259736,1
audio/train_004486_group_synthetic_TIMER_30s_s80_v1_noisy.wav,TIMER,30 seconds,Timer 30 seconds,40,s80,Synthetic,1,13,1,13,TIMER,1,0.88580793,1
audio/train_004488_group_synthetic_TIMER_30s_s82_v1_clean.wav,TIMER,30 seconds,Timer 30 seconds,40,s82,Synthetic,1,13,1,13,TIMER,1,0.9448101,1
audio/train_004493_group_synthetic_TIMER_30s_s88_v1_noisy.wav,TIMER,30 seconds,Timer 30 seconds,40,s88,Synthetic,1,13,1,13,TIMER,1,0.9162219,1
audio/train_004504_group_synthetic_TIMER_30s_s30_v1_clean.wav,TIMER,30 seconds,Timer 30 seconds,40,s30,Synthetic,1,13,1,13,TIMER,1,0.95124894,1
audio/train_004506_group_synthetic_TIMER_30s_s74_v1_clean.wav,TIMER,30 seconds,Timer 30 seconds,40,s74,Synthetic,1,13,1,13,TIMER,1,0.9534088,1
audio/train_004514_group_synthetic_TIMER_30s_s38_v1_noisy.wav,TIMER,30 seconds,Timer 30 seconds,40,s38,Synthetic,1,13,1,13,TIMER,1,0.939953,1
audio/train_004520_group_synthetic_TIMER_30s_s88_v1_clean.wav,TIMER,30 seconds,Timer 30 seconds,40,s88,Synthetic,1,13,1,13,TIMER,1,0.91817474,1
audio/train_004522_group_synthetic_TIMER_30s_s18_v1_noisy.wav,TIMER,30 seconds,Timer 30 seconds,40,s18,Synthetic,1,13,1,13,TIMER,1,0.8093585,1
audio/train_004528_group_synthetic_TIMER_30s_s26_v1_clean.wav,TIMER,30 seconds,Timer 30 seconds,40,s26,Synthetic,1,13,1,13,TIMER,1,0.92105937,1
audio/train_004531_group_synthetic_TIMER_30s_s67_v1_clean.wav,TIMER,30 seconds,Timer 30 seconds,40,s67,Synthetic,1,13,1,13,TIMER,1,0.9255773,1
audio/train_004544_group_synthetic_TIMER_30s_s82_v1_noisy.wav,TIMER,30 seconds,Timer 30 seconds,40,s82,Synthetic,1,13,1,13,TIMER,1,0.9468659,1
audio/train_004551_group_synthetic_TIMER_1m_s80_v1_clean.wav,TIMER,1 minute,Timer 1 minute,41,s80,Synthetic,1,13,2,13,TIMER,2,0.6836279,1
audio/train_004564_group_synthetic_TIMER_1m_s18_v1_clean.wav,TIMER,1 minute,Timer 1 minute,41,s18,Synthetic,1,13,2,13,TIMER,2,0.9615965,1
audio/train_004566_group_synthetic_TIMER_1m_s88_v1_clean.wav,TIMER,1 minute,Timer 1 minute,41,s88,Synthetic,1,13,2,13,TIMER,2,0.8657798,1
audio/train_004569_group_synthetic_TIMER_1m_s26_v1_clean.wav,TIMER,1 minute,Timer 1 minute,41,s26,Synthetic,1,13,2,13,TIMER,2,0.96877253,1
audio/train_004580_group_synthetic_TIMER_1m_s74_v1_noisy.wav,TIMER,1 minute,Timer 1 minute,41,s74,Synthetic,1,13,2,13,TIMER,2,0.94810915,1
audio/train_004586_group_synthetic_TIMER_1m_s67_v1_clean.wav,TIMER,1 minute,Timer 1 minute,41,s67,Synthetic,1,13,2,13,TIMER,2,0.9635547,1
audio/train_004597_group_synthetic_TIMER_1m_s30_v1_noisy.wav,TIMER,1 minute,Timer 1 minute,41,s30,Synthetic,1,13,2,13,TIMER,2,0.9624465,1
audio/train_004599_group_synthetic_TIMER_1m_s82_v1_clean.wav,TIMER,1 minute,Timer 1 minute,41,s82,Synthetic,1,13,2,13,TIMER,2,0.88146085,1
audio/train_004621_group_synthetic_TIMER_1m_s80_v1_noisy.wav,TIMER,1 minute,Timer 1 minute,41,s80,Synthetic,1,13,2,13,TIMER,2,0.9235519,1
audio/train_004626_group_synthetic_TIMER_1m_s67_v1_noisy.wav,TIMER,1 minute,Timer 1 minute,41,s67,Synthetic,1,13,2,13,TIMER,2,0.9660104,1
audio/train_004635_group_synthetic_TIMER_1m_s74_v1_clean.wav,TIMER,1 minute,Timer 1 minute,41,s74,Synthetic,1,13,2,13,TIMER,2,0.93798184,1
audio/train_004642_group_synthetic_TIMER_1m_s26_v1_noisy.wav,TIMER,1 minute,Timer 1 minute,41,s26,Synthetic,1,13,2,13,TIMER,2,0.96351665,1
audio/train_004647_group_synthetic_TIMER_1m_s82_v1_noisy.wav,TIMER,1 minute,Timer 1 minute,41,s82,Synthetic,1,13,2,13,TIMER,2,0.79765534,1
audio/train_004655_group_synthetic_TIMER_1m_s88_v1_noisy.wav,TIMER,1 minute,Timer 1 minute,41,s88,Synthetic,1,13,2,13,TIMER,2,0.91523916,1
audio/train_004656_group_synthetic_TIMER_1m_s18_v1_noisy.wav,TIMER,1 minute,Timer 1 minute,41,s18,Synthetic,1,13,2,13,TIMER,2,0.9579918,1
audio/train_004665_group_synthetic_TIMER_10s_s80_v2_clean.wav,TIMER,10 seconds,Countdown for 10 seconds,42,s80,Synthetic,1,13,0,13,TIMER,0,0.82045424,1
audio/train_004670_group_synthetic_TIMER_10s_s72_v2_clean.wav,TIMER,10 seconds,Countdown for 10 seconds,42,s72,Synthetic,1,13,0,13,TIMER,0,0.9030344,1
audio/train_004683_group_synthetic_TIMER_10s_s26_v2_clean.wav,TIMER,10 seconds,Countdown for 10 seconds,42,s26,Synthetic,1,13,0,13,TIMER,0,0.9527058,1
audio/train_004692_group_synthetic_TIMER_10s_s18_v2_clean.wav,TIMER,10 seconds,Countdown for 10 seconds,42,s18,Synthetic,1,13,0,13,TIMER,0,0.9521363,1
audio/train_004695_group_synthetic_TIMER_10s_s74_v2_clean.wav,TIMER,10 seconds,Countdown for 10 seconds,42,s74,Synthetic,1,13,0,13,TIMER,0,0.8862574,1
audio/train_004699_group_synthetic_TIMER_10s_s88_v2_noisy.wav,TIMER,10 seconds,Countdown for 10 seconds,42,s88,Synthetic,1,13,0,13,TIMER,0,0.9519466,1
audio/train_004702_group_synthetic_TIMER_10s_s30_v2_noisy.wav,TIMER,10 seconds,Countdown for 10 seconds,42,s30,Synthetic,1,13,0,13,TIMER,0,0.957272,1
audio/train_004710_group_synthetic_TIMER_10s_s38_v2_noisy.wav,TIMER,10 seconds,Countdown for 10 seconds,42,s38,Synthetic,1,13,0,13,TIMER,0,0.94942987,1
audio/train_004722_group_synthetic_TIMER_10s_s82_v2_noisy.wav,TIMER,10 seconds,Countdown for 10 seconds,42,s82,Synthetic,1,13,0,13,TIMER,0,0.9555649,1
audio/train_004727_group_synthetic_TIMER_10s_s67_v2_clean.wav,TIMER,10 seconds,Countdown for 10 seconds,42,s67,Synthetic,1,13,0,13,TIMER,0,0.9571572,1
audio/train_004731_group_synthetic_TIMER_10s_s80_v2_noisy.wav,TIMER,10 seconds,Countdown for 10 seconds,42,s80,Synthetic,1,13,0,13,TIMER,0,0.91996783,1
audio/train_004753_group_synthetic_TIMER_10s_s74_v2_noisy.wav,TIMER,10 seconds,Countdown for 10 seconds,42,s74,Synthetic,1,13,0,13,TIMER,0,0.9005637,1
audio/train_004756_group_synthetic_TIMER_10s_s88_v2_clean.wav,TIMER,10 seconds,Countdown for 10 seconds,42,s88,Synthetic,1,13,0,13,TIMER,0,0.95372343,1
audio/train_004767_group_synthetic_TIMER_10s_s26_v2_noisy.wav,TIMER,10 seconds,Countdown for 10 seconds,42,s26,Synthetic,1,13,0,13,TIMER,0,0.9548852,1
audio/train_004780_group_synthetic_TIMER_30s_s26_v2_noisy.wav,TIMER,30 seconds,Countdown for 30 seconds,43,s26,Synthetic,1,13,1,13,TIMER,1,0.9231472,1
audio/train_004784_group_synthetic_TIMER_30s_s82_v2_clean.wav,TIMER,30 seconds,Countdown for 30 seconds,43,s82,Synthetic,1,13,1,13,TIMER,1,0.8983269,1
audio/train_004787_group_synthetic_TIMER_30s_s18_v2_noisy.wav,TIMER,30 seconds,Countdown for 30 seconds,43,s18,Synthetic,1,13,1,13,TIMER,1,0.93961644,1
audio/train_004791_group_synthetic_TIMER_30s_s88_v2_noisy.wav,TIMER,30 seconds,Countdown for 30 seconds,43,s88,Synthetic,1,13,1,13,TIMER,1,0.9012802,1
audio/train_004792_group_synthetic_TIMER_30s_s74_v2_noisy.wav,TIMER,30 seconds,Countdown for 30 seconds,43,s74,Synthetic,1,13,1,13,TIMER,1,0.8271481,1
audio/train_004812_group_synthetic_TIMER_30s_s67_v2_noisy.wav,TIMER,30 seconds,Countdown for 30 seconds,43,s67,Synthetic,1,13,1,13,TIMER,1,0.93039644,1
audio/train_004820_group_synthetic_TIMER_30s_s72_v2_noisy.wav,TIMER,30 seconds,Countdown for 30 seconds,43,s72,Synthetic,1,13,1,13,TIMER,1,0.8982534,1
audio/train_004823_group_synthetic_TIMER_30s_s80_v2_clean.wav,TIMER,30 seconds,Countdown for 30 seconds,43,s80,Synthetic,1,13,1,13,TIMER,1,0.83636576,1
audio/train_004824_group_synthetic_TIMER_30s_s30_v2_clean.wav,TIMER,30 seconds,Countdown for 30 seconds,43,s30,Synthetic,1,13,1,13,TIMER,1,0.92352456,1
audio/train_004836_group_synthetic_TIMER_30s_s38_v2_noisy.wav,TIMER,30 seconds,Countdown for 30 seconds,43,s38,Synthetic,1,13,1,13,TIMER,1,0.925362,1
audio/train_004844_group_synthetic_TIMER_30s_s18_v2_clean.wav,TIMER,30 seconds,Countdown for 30 seconds,43,s18,Synthetic,1,13,1,13,TIMER,1,0.93820256,1
audio/train_004845_group_synthetic_TIMER_30s_s88_v2_clean.wav,TIMER,30 seconds,Countdown for 30 seconds,43,s88,Synthetic,1,13,1,13,TIMER,1,0.87700325,1
audio/train_004858_group_synthetic_TIMER_30s_s80_v2_noisy.wav,TIMER,30 seconds,Countdown for 30 seconds,43,s80,Synthetic,1,13,1,13,TIMER,1,0.88913167,1
audio/train_004859_group_synthetic_TIMER_30s_s26_v2_clean.wav,TIMER,30 seconds,Countdown for 30 seconds,43,s26,Synthetic,1,13,1,13,TIMER,1,0.9312679,1
audio/train_004865_group_synthetic_TIMER_30s_s30_v2_noisy.wav,TIMER,30 seconds,Countdown for 30 seconds,43,s30,Synthetic,1,13,1,13,TIMER,1,0.9275236,1
audio/train_004866_group_synthetic_TIMER_30s_s67_v2_clean.wav,TIMER,30 seconds,Countdown for 30 seconds,43,s67,Synthetic,1,13,1,13,TIMER,1,0.92168206,1
audio/train_004883_group_synthetic_TIMER_30s_s74_v2_clean.wav,TIMER,30 seconds,Countdown for 30 seconds,43,s74,Synthetic,1,13,1,13,TIMER,1,0.8489016,1
audio/train_004888_group_synthetic_TIMER_1m_s38_v2_noisy.wav,TIMER,1 minute,Countdown for 1 minute,44,s38,Synthetic,1,13,2,13,TIMER,2,0.9622352,1
audio/train_004890_group_synthetic_TIMER_1m_s72_v2_clean.wav,TIMER,1 minute,Countdown for 1 minute,44,s72,Synthetic,1,13,2,13,TIMER,2,0.8972782,1
audio/train_004892_group_synthetic_TIMER_1m_s80_v2_noisy.wav,TIMER,1 minute,Countdown for 1 minute,44,s80,Synthetic,1,13,2,13,TIMER,2,0.9333435,1
audio/train_004894_group_synthetic_TIMER_1m_s30_v2_clean.wav,TIMER,1 minute,Countdown for 1 minute,44,s30,Synthetic,1,13,2,13,TIMER,2,0.96092093,1
audio/train_004897_group_synthetic_TIMER_1m_s82_v2_clean.wav,TIMER,1 minute,Countdown for 1 minute,44,s82,Synthetic,1,13,2,13,TIMER,2,0.95873094,1
audio/train_004904_group_synthetic_TIMER_1m_s26_v2_clean.wav,TIMER,1 minute,Countdown for 1 minute,44,s26,Synthetic,1,13,2,13,TIMER,2,0.96490943,1
audio/train_004917_group_synthetic_TIMER_1m_s67_v2_noisy.wav,TIMER,1 minute,Countdown for 1 minute,44,s67,Synthetic,1,13,2,13,TIMER,2,0.946306,1
audio/train_004926_group_synthetic_TIMER_1m_s74_v2_clean.wav,TIMER,1 minute,Countdown for 1 minute,44,s74,Synthetic,1,13,2,13,TIMER,2,0.8070391,1
audio/train_004938_group_synthetic_TIMER_1m_s18_v2_noisy.wav,TIMER,1 minute,Countdown for 1 minute,44,s18,Synthetic,1,13,2,13,TIMER,2,0.927286,1
audio/train_004942_group_synthetic_TIMER_1m_s88_v2_clean.wav,TIMER,1 minute,Countdown for 1 minute,44,s88,Synthetic,1,13,2,13,TIMER,2,0.9073501,1
audio/train_004954_group_synthetic_TIMER_1m_s38_v2_clean.wav,TIMER,1 minute,Countdown for 1 minute,44,s38,Synthetic,1,13,2,13,TIMER,2,0.96237487,1
audio/train_004959_group_synthetic_TIMER_1m_s80_v2_clean.wav,TIMER,1 minute,Countdown for 1 minute,44,s80,Synthetic,1,13,2,13,TIMER,2,0.8288757,1
audio/train_004960_group_synthetic_TIMER_1m_s74_v2_noisy.wav,TIMER,1 minute,Countdown for 1 minute,44,s74,Synthetic,1,13,2,13,TIMER,2,0.9020441,1
audio/train_004961_group_synthetic_TIMER_1m_s67_v2_clean.wav,TIMER,1 minute,Countdown for 1 minute,44,s67,Synthetic,1,13,2,13,TIMER,2,0.94183123,1
audio/train_004965_group_synthetic_TIMER_1m_s26_v2_noisy.wav,TIMER,1 minute,Countdown for 1 minute,44,s26,Synthetic,1,13,2,13,TIMER,2,0.96512103,1
audio/train_004969_group_synthetic_TIMER_1m_s30_v2_noisy.wav,TIMER,1 minute,Countdown for 1 minute,44,s30,Synthetic,1,13,2,13,TIMER,2,0.9607756,1
audio/train_004974_group_synthetic_TIMER_1m_s72_v2_noisy.wav,TIMER,1 minute,Countdown for 1 minute,44,s72,Synthetic,1,13,2,13,TIMER,2,0.9105133,1
audio/train_004977_group_synthetic_TIMER_1m_s88_v2_noisy.wav,TIMER,1 minute,Countdown for 1 minute,44,s88,Synthetic,1,13,2,13,TIMER,2,0.90385115,1
audio/train_004990_group_synthetic_TIMER_1m_s18_v2_clean.wav,TIMER,1 minute,Countdown for 1 minute,44,s18,Synthetic,1,13,2,13,TIMER,2,0.92747253,1
audio/train_005003_group_synthetic_TIMER_10s_s67_v3_clean.wav,TIMER,10 seconds,Start a timer for 10 seconds,45,s67,Synthetic,1,13,0,13,TIMER,0,0.94319445,1
audio/train_005021_group_synthetic_TIMER_10s_s18_v3_clean.wav,TIMER,10 seconds,Start a timer for 10 seconds,45,s18,Synthetic,1,13,0,13,TIMER,0,0.9306446,1
audio/train_005024_group_synthetic_TIMER_10s_s88_v3_clean.wav,TIMER,10 seconds,Start a timer for 10 seconds,45,s88,Synthetic,1,13,0,13,TIMER,0,0.9506634,1
audio/train_005026_group_synthetic_TIMER_10s_s30_v3_clean.wav,TIMER,10 seconds,Start a timer for 10 seconds,45,s30,Synthetic,1,13,0,13,TIMER,0,0.94251543,1
audio/train_005035_group_synthetic_TIMER_10s_s72_v3_noisy.wav,TIMER,10 seconds,Start a timer for 10 seconds,45,s72,Synthetic,1,13,0,13,TIMER,0,0.8759559,1
audio/train_005040_group_synthetic_TIMER_10s_s26_v3_clean.wav,TIMER,10 seconds,Start a timer for 10 seconds,45,s26,Synthetic,1,13,0,13,TIMER,0,0.949216,1
audio/train_005048_group_synthetic_TIMER_10s_s82_v3_clean.wav,TIMER,10 seconds,Start a timer for 10 seconds,45,s82,Synthetic,1,13,0,13,TIMER,0,0.93174577,1
audio/train_005049_group_synthetic_TIMER_10s_s80_v3_clean.wav,TIMER,10 seconds,Start a timer for 10 seconds,45,s80,Synthetic,1,13,0,13,TIMER,1,0.96413267,0
audio/train_005051_group_synthetic_TIMER_10s_s38_v3_clean.wav,TIMER,10 seconds,Start a timer for 10 seconds,45,s38,Synthetic,1,13,0,13,TIMER,0,0.95584625,1
audio/train_005053_group_synthetic_TIMER_10s_s74_v3_noisy.wav,TIMER,10 seconds,Start a timer for 10 seconds,45,s74,Synthetic,1,13,0,13,TIMER,0,0.9726811,1
audio/train_005088_group_synthetic_TIMER_10s_s26_v3_noisy.wav,TIMER,10 seconds,Start a timer for 10 seconds,45,s26,Synthetic,1,13,0,13,TIMER,0,0.94671255,1
audio/train_005089_group_synthetic_TIMER_10s_s72_v3_clean.wav,TIMER,10 seconds,Start a timer for 10 seconds,45,s72,Synthetic,1,13,0,13,TIMER,0,0.875757,1
audio/train_005090_group_synthetic_TIMER_10s_s67_v3_noisy.wav,TIMER,10 seconds,Start a timer for 10 seconds,45,s67,Synthetic,1,13,0,13,TIMER,0,0.942912,1
audio/train_005093_group_synthetic_TIMER_10s_s38_v3_noisy.wav,TIMER,10 seconds,Start a timer for 10 seconds,45,s38,Synthetic,1,13,0,13,TIMER,0,0.95249087,1
audio/train_005096_group_synthetic_TIMER_10s_s74_v3_clean.wav,TIMER,10 seconds,Start a timer for 10 seconds,45,s74,Synthetic,1,13,0,13,TIMER,0,0.9595264,1
audio/train_005098_group_synthetic_TIMER_10s_s18_v3_noisy.wav,TIMER,10 seconds,Start a timer for 10 seconds,45,s18,Synthetic,1,13,0,13,TIMER,0,0.9256876,1
audio/train_005104_group_synthetic_TIMER_10s_s88_v3_noisy.wav,TIMER,10 seconds,Start a timer for 10 seconds,45,s88,Synthetic,1,13,0,13,TIMER,0,0.95122963,1
audio/train_005107_group_synthetic_TIMER_30s_s18_v3_noisy.wav,TIMER,30 seconds,Start a timer for 30 seconds,46,s18,Synthetic,1,13,1,13,TIMER,1,0.920766,1
audio/train_005110_group_synthetic_TIMER_30s_s82_v3_clean.wav,TIMER,30 seconds,Start a timer for 30 seconds,46,s82,Synthetic,1,13,1,13,TIMER,1,0.95128596,1
audio/train_005114_group_synthetic_TIMER_30s_s30_v3_noisy.wav,TIMER,30 seconds,Start a timer for 30 seconds,46,s30,Synthetic,1,13,1,13,TIMER,1,0.9473688,1
audio/train_005117_group_synthetic_TIMER_30s_s72_v3_noisy.wav,TIMER,30 seconds,Start a timer for 30 seconds,46,s72,Synthetic,1,13,1,13,TIMER,1,0.9464781,1
audio/train_005123_group_synthetic_TIMER_30s_s80_v3_clean.wav,TIMER,30 seconds,Start a timer for 30 seconds,46,s80,Synthetic,1,13,1,13,TIMER,1,0.8651841,1
audio/train_005135_group_synthetic_TIMER_30s_s38_v3_noisy.wav,TIMER,30 seconds,Start a timer for 30 seconds,46,s38,Synthetic,1,13,1,13,TIMER,1,0.9380197,1
audio/train_005144_group_synthetic_TIMER_30s_s74_v3_clean.wav,TIMER,30 seconds,Start a timer for 30 seconds,46,s74,Synthetic,1,13,1,13,TIMER,1,0.89939415,1
audio/train_005165_group_synthetic_TIMER_30s_s26_v3_noisy.wav,TIMER,30 seconds,Start a timer for 30 seconds,46,s26,Synthetic,1,13,1,13,TIMER,1,0.9573877,1
audio/train_005166_group_synthetic_TIMER_30s_s88_v3_noisy.wav,TIMER,30 seconds,Start a timer for 30 seconds,46,s88,Synthetic,1,13,1,13,TIMER,1,0.94445586,1
audio/train_005169_group_synthetic_TIMER_30s_s67_v3_clean.wav,TIMER,30 seconds,Start a timer for 30 seconds,46,s67,Synthetic,1,13,1,13,TIMER,1,0.9324134,1
audio/train_005180_group_synthetic_TIMER_30s_s82_v3_noisy.wav,TIMER,30 seconds,Start a timer for 30 seconds,46,s82,Synthetic,1,13,1,13,TIMER,1,0.9578772,1
audio/train_005188_group_synthetic_TIMER_30s_s30_v3_clean.wav,TIMER,30 seconds,Start a timer for 30 seconds,46,s30,Synthetic,1,13,1,13,TIMER,1,0.95212525,1
audio/train_005203_group_synthetic_TIMER_30s_s26_v3_clean.wav,TIMER,30 seconds,Start a timer for 30 seconds,46,s26,Synthetic,1,13,1,13,TIMER,1,0.9563534,1
audio/train_005209_group_synthetic_TIMER_30s_s38_v3_clean.wav,TIMER,30 seconds,Start a timer for 30 seconds,46,s38,Synthetic,1,13,1,13,TIMER,1,0.9428373,1
audio/train_005213_group_synthetic_TIMER_30s_s74_v3_noisy.wav,TIMER,30 seconds,Start a timer for 30 seconds,46,s74,Synthetic,1,13,1,13,TIMER,1,0.87973475,1
audio/train_005236_TimersAndSuch_anonymous3_13.wav,TIMER,1 minute,Start a timer for 1 minute,47,anonymous3,Unknown,0,13,2,13,TIMER,2,0.91922224,1
audio/train_005241_TimersAndSuch_575a3618-3cb0-4df6-a194-09fbbe925a63_prompt-115_11.wav,TIMER,1 minute,Start a timer for 1 minute,47,575a3618-3cb0-4df6-a194-09fbbe925a63,Unknown,0,13,2,13,TIMER,2,0.93917745,1
audio/train_005242_TimersAndSuch_de7508d3-0727-4f71-8e85-aaccfeec9500_prompt-155_8.wav,TIMER,1 minute,Start a timer for 1 minute,47,de7508d3-0727-4f71-8e85-aaccfeec9500,Unknown,0,13,2,13,TIMER,2,0.9209894,1
audio/train_005246_TimersAndSuch_anonymous9_6.wav,TIMER,1 minute,Start a timer for 1 minute,47,anonymous9,Unknown,0,13,2,13,TIMER,2,0.86503166,1
audio/train_005278_group_synthetic_TIMER_1m_s30_v3_noisy.wav,TIMER,1 minute,Start a timer for 1 minute,47,s30,Synthetic,1,13,2,13,TIMER,2,0.9779482,1
audio/train_005283_group_synthetic_TIMER_1m_s82_v3_noisy.wav,TIMER,1 minute,Start a timer for 1 minute,47,s82,Synthetic,1,13,2,13,TIMER,2,0.9534488,1
audio/train_005287_group_synthetic_TIMER_1m_s26_v3_clean.wav,TIMER,1 minute,Start a timer for 1 minute,47,s26,Synthetic,1,13,2,13,TIMER,2,0.97176707,1
audio/train_005308_group_synthetic_TIMER_1m_s72_v3_noisy.wav,TIMER,1 minute,Start a timer for 1 minute,47,s72,Synthetic,1,13,2,13,TIMER,2,0.95280886,1
audio/train_005310_group_synthetic_TIMER_1m_s80_v3_clean.wav,TIMER,1 minute,Start a timer for 1 minute,47,s80,Synthetic,1,13,2,13,TIMER,2,0.9582749,1
audio/train_005313_group_synthetic_TIMER_1m_s88_v3_clean.wav,TIMER,1 minute,Start a timer for 1 minute,47,s88,Synthetic,1,13,2,13,TIMER,2,0.9723449,1
audio/train_005314_group_synthetic_TIMER_1m_s18_v3_noisy.wav,TIMER,1 minute,Start a timer for 1 minute,47,s18,Synthetic,1,13,2,13,TIMER,2,0.97730184,1
audio/train_005318_group_synthetic_TIMER_1m_s67_v3_clean.wav,TIMER,1 minute,Start a timer for 1 minute,47,s67,Synthetic,1,13,2,13,TIMER,2,0.94966507,1
audio/train_005322_group_synthetic_TIMER_1m_s74_v3_noisy.wav,TIMER,1 minute,Start a timer for 1 minute,47,s74,Synthetic,1,13,2,13,TIMER,2,0.9238002,1
audio/train_005325_group_synthetic_TIMER_1m_s38_v3_noisy.wav,TIMER,1 minute,Start a timer for 1 minute,47,s38,Synthetic,1,13,2,13,TIMER,2,0.9673844,1
audio/train_005328_group_synthetic_ALARM_6_00AM_s67_v1_clean.wav,ALARM,6:00 AM,Alarm 6:00 AM,48,s67,Synthetic,1,14,0,14,ALARM,0,0.94470286,1
audio/train_005337_group_synthetic_ALARM_6_00AM_s26_v1_clean.wav,ALARM,6:00 AM,Alarm 6:00 AM,48,s26,Synthetic,1,14,0,14,ALARM,0,0.95254904,1
audio/train_005338_group_synthetic_ALARM_6_00AM_s88_v1_clean.wav,ALARM,6:00 AM,Alarm 6:00 AM,48,s88,Synthetic,1,14,0,14,ALARM,0,0.72715276,1
audio/train_005346_group_synthetic_ALARM_6_00AM_s30_v1_noisy.wav,ALARM,6:00 AM,Alarm 6:00 AM,48,s30,Synthetic,1,14,0,14,ALARM,0,0.9208732,1
audio/train_005364_group_synthetic_ALARM_6_00AM_s18_v1_clean.wav,ALARM,6:00 AM,Alarm 6:00 AM,48,s18,Synthetic,1,14,0,14,ALARM,0,0.93968695,1
audio/train_005372_group_synthetic_ALARM_6_00AM_s72_v1_clean.wav,ALARM,6:00 AM,Alarm 6:00 AM,48,s72,Synthetic,1,14,0,14,ALARM,0,0.8985924,1
audio/train_005383_group_synthetic_ALARM_6_00AM_s80_v1_noisy.wav,ALARM,6:00 AM,Alarm 6:00 AM,48,s80,Synthetic,1,14,0,14,ALARM,0,0.89397556,1
audio/train_005393_group_synthetic_ALARM_6_00AM_s82_v1_clean.wav,ALARM,6:00 AM,Alarm 6:00 AM,48,s82,Synthetic,1,14,0,14,ALARM,0,0.9442035,1
audio/train_005399_group_synthetic_ALARM_6_00AM_s30_v1_clean.wav,ALARM,6:00 AM,Alarm 6:00 AM,48,s30,Synthetic,1,14,0,14,ALARM,0,0.9278357,1
audio/train_005411_group_synthetic_ALARM_6_00AM_s67_v1_noisy.wav,ALARM,6:00 AM,Alarm 6:00 AM,48,s67,Synthetic,1,14,0,14,ALARM,0,0.9336976,1
audio/train_005413_group_synthetic_ALARM_6_00AM_s88_v1_noisy.wav,ALARM,6:00 AM,Alarm 6:00 AM,48,s88,Synthetic,1,14,0,14,ALARM,0,0.75071836,1
audio/train_005420_group_synthetic_ALARM_6_00AM_s26_v1_noisy.wav,ALARM,6:00 AM,Alarm 6:00 AM,48,s26,Synthetic,1,14,0,14,ALARM,0,0.94796,1
audio/train_005429_group_synthetic_ALARM_6_00AM_s72_v1_noisy.wav,ALARM,6:00 AM,Alarm 6:00 AM,48,s72,Synthetic,1,14,0,14,ALARM,0,0.90668106,1
audio/train_005430_group_synthetic_ALARM_6_00AM_s18_v1_noisy.wav,ALARM,6:00 AM,Alarm 6:00 AM,48,s18,Synthetic,1,14,0,14,ALARM,0,0.939662,1
audio/train_005439_SLURP_slurp_devel_885_4200.wav,ALARM,8:00 AM,Alarm 8:00 AM,49,FO-462,Other / non-native,0,14,1,14,ALARM,1,0.7979122,1
audio/train_005442_SLURP_slurp_train_3977_6423_train-00001-.wav,ALARM,8:00 AM,Alarm 8:00 AM,49,FO-462,Other / non-native,0,14,1,14,ALARM,1,0.90983915,1
audio/train_005443_SLURP_slurp_devel_885_4199.wav,ALARM,8:00 AM,Alarm 8:00 AM,49,FO-462,Other / non-native,0,14,1,14,ALARM,1,0.92569935,1
audio/train_005445_SLURP_slurp_train_3977_6424_train-00001-.wav,ALARM,8:00 AM,Alarm 8:00 AM,49,FO-462,Other / non-native,0,14,1,14,ALARM,1,0.92896503,1
audio/train_005446_SLURP_slurp_devel_885_4203.wav,ALARM,8:00 AM,Alarm 8:00 AM,49,ME-369,Native English,0,14,1,14,ALARM,1,0.5238085,1
audio/train_005455_group_synthetic_ALARM_8_00AM_s88_v1_clean.wav,ALARM,8:00 AM,Alarm 8:00 AM,49,s88,Synthetic,1,14,1,14,ALARM,1,0.9386647,1
audio/train_005466_group_synthetic_ALARM_8_00AM_s18_v1_clean.wav,ALARM,8:00 AM,Alarm 8:00 AM,49,s18,Synthetic,1,14,1,14,ALARM,1,0.9576276,1
audio/train_005476_group_synthetic_ALARM_8_00AM_s30_v1_clean.wav,ALARM,8:00 AM,Alarm 8:00 AM,49,s30,Synthetic,1,14,1,14,ALARM,1,0.949221,1
audio/train_005481_group_synthetic_ALARM_8_00AM_s26_v1_clean.wav,ALARM,8:00 AM,Alarm 8:00 AM,49,s26,Synthetic,1,14,1,14,ALARM,1,0.95133525,1
audio/train_005491_group_synthetic_ALARM_8_00AM_s80_v1_clean.wav,ALARM,8:00 AM,Alarm 8:00 AM,49,s80,Synthetic,1,14,1,14,ALARM,1,0.95997566,1
audio/train_005504_group_synthetic_ALARM_8_00AM_s38_v1_clean.wav,ALARM,8:00 AM,Alarm 8:00 AM,49,s38,Synthetic,1,14,1,14,ALARM,1,0.9594406,1
audio/train_005509_group_synthetic_ALARM_8_00AM_s74_v1_clean.wav,ALARM,8:00 AM,Alarm 8:00 AM,49,s74,Synthetic,1,14,1,19,OUT_OF_SCOPE,-1,0.7074985,0
audio/train_005510_group_synthetic_ALARM_8_00AM_s67_v1_noisy.wav,ALARM,8:00 AM,Alarm 8:00 AM,49,s67,Synthetic,1,14,1,14,ALARM,1,0.9424693,1
audio/train_005515_group_synthetic_ALARM_8_00AM_s82_v1_clean.wav,ALARM,8:00 AM,Alarm 8:00 AM,49,s82,Synthetic,1,14,1,14,ALARM,1,0.91798145,1
audio/train_005518_group_synthetic_ALARM_8_00AM_s72_v1_clean.wav,ALARM,8:00 AM,Alarm 8:00 AM,49,s72,Synthetic,1,14,1,14,ALARM,1,0.93220234,1
audio/train_005526_group_synthetic_ALARM_8_00AM_s30_v1_noisy.wav,ALARM,8:00 AM,Alarm 8:00 AM,49,s30,Synthetic,1,14,1,14,ALARM,1,0.9452187,1
audio/train_005532_group_synthetic_ALARM_8_00AM_s80_v1_noisy.wav,ALARM,8:00 AM,Alarm 8:00 AM,49,s80,Synthetic,1,14,1,14,ALARM,1,0.95902073,1
audio/train_005534_group_synthetic_ALARM_8_00AM_s18_v1_noisy.wav,ALARM,8:00 AM,Alarm 8:00 AM,49,s18,Synthetic,1,14,1,14,ALARM,1,0.956224,1
audio/train_005541_group_synthetic_ALARM_8_00AM_s26_v1_noisy.wav,ALARM,8:00 AM,Alarm 8:00 AM,49,s26,Synthetic,1,14,1,14,ALARM,1,0.9486879,1
audio/train_005549_group_synthetic_ALARM_8_00AM_s88_v1_noisy.wav,ALARM,8:00 AM,Alarm 8:00 AM,49,s88,Synthetic,1,14,1,14,ALARM,1,0.9374149,1
audio/train_005551_group_synthetic_ALARM_9_00PM_s80_v1_noisy.wav,ALARM,9:00 PM,Alarm 9:00 PM,50,s80,Synthetic,1,14,2,14,ALARM,2,0.77663445,1
audio/train_005556_group_synthetic_ALARM_9_00PM_s67_v1_clean.wav,ALARM,9:00 PM,Alarm 9:00 PM,50,s67,Synthetic,1,14,2,14,ALARM,2,0.9574396,1
audio/train_005563_group_synthetic_ALARM_9_00PM_s74_v1_clean.wav,ALARM,9:00 PM,Alarm 9:00 PM,50,s74,Synthetic,1,14,2,14,ALARM,2,0.5232494,1
audio/train_005569_group_synthetic_ALARM_9_00PM_s38_v1_clean.wav,ALARM,9:00 PM,Alarm 9:00 PM,50,s38,Synthetic,1,14,2,14,ALARM,2,0.9456349,1
audio/train_005572_group_synthetic_ALARM_9_00PM_s82_v1_noisy.wav,ALARM,9:00 PM,Alarm 9:00 PM,50,s82,Synthetic,1,14,2,14,ALARM,2,0.9602762,1
audio/train_005575_group_synthetic_ALARM_9_00PM_s18_v1_noisy.wav,ALARM,9:00 PM,Alarm 9:00 PM,50,s18,Synthetic,1,14,2,14,ALARM,2,0.92037785,1
audio/train_005585_group_synthetic_ALARM_9_00PM_s30_v1_noisy.wav,ALARM,9:00 PM,Alarm 9:00 PM,50,s30,Synthetic,1,14,2,14,ALARM,2,0.93515,1
audio/train_005608_group_synthetic_ALARM_9_00PM_s88_v1_noisy.wav,ALARM,9:00 PM,Alarm 9:00 PM,50,s88,Synthetic,1,14,2,14,ALARM,2,0.95178246,1
audio/train_005612_group_synthetic_ALARM_9_00PM_s26_v1_noisy.wav,ALARM,9:00 PM,Alarm 9:00 PM,50,s26,Synthetic,1,14,2,14,ALARM,2,0.9546235,1
audio/train_005621_group_synthetic_ALARM_9_00PM_s18_v1_clean.wav,ALARM,9:00 PM,Alarm 9:00 PM,50,s18,Synthetic,1,14,2,14,ALARM,2,0.93248177,1
audio/train_005622_group_synthetic_ALARM_9_00PM_s38_v1_noisy.wav,ALARM,9:00 PM,Alarm 9:00 PM,50,s38,Synthetic,1,14,2,14,ALARM,2,0.95406467,1
audio/train_005637_group_synthetic_ALARM_9_00PM_s67_v1_noisy.wav,ALARM,9:00 PM,Alarm 9:00 PM,50,s67,Synthetic,1,14,2,14,ALARM,2,0.957948,1
audio/train_005638_group_synthetic_ALARM_9_00PM_s30_v1_clean.wav,ALARM,9:00 PM,Alarm 9:00 PM,50,s30,Synthetic,1,14,2,14,ALARM,2,0.93699354,1
audio/train_005640_group_synthetic_ALARM_9_00PM_s80_v1_clean.wav,ALARM,9:00 PM,Alarm 9:00 PM,50,s80,Synthetic,1,14,2,14,ALARM,2,0.70630604,1
audio/train_005649_group_synthetic_ALARM_9_00PM_s74_v1_noisy.wav,ALARM,9:00 PM,Alarm 9:00 PM,50,s74,Synthetic,1,14,2,14,ALARM,2,0.74387765,1
audio/train_005658_group_synthetic_ALARM_9_00PM_s88_v1_clean.wav,ALARM,9:00 PM,Alarm 9:00 PM,50,s88,Synthetic,1,14,2,14,ALARM,2,0.95454097,1
audio/train_005659_group_synthetic_ALARM_9_00PM_s26_v1_clean.wav,ALARM,9:00 PM,Alarm 9:00 PM,50,s26,Synthetic,1,14,2,14,ALARM,2,0.9546041,1
audio/train_005684_SLURP_slurp_train_1773_5156_train-00003-.wav,ALARM,6:00 AM,Wake me up at 6:00 AM,51,ME-220,Native English,0,14,0,14,ALARM,0,0.8651545,1
audio/train_005688_SLURP_slurp_train_1773_5155_train-00003-.wav,ALARM,6:00 AM,Wake me up at 6:00 AM,51,ME-220,Native English,0,14,0,14,ALARM,0,0.937931,1
audio/train_005692_group_synthetic_ALARM_6_00AM_s72_v2_clean.wav,ALARM,6:00 AM,Wake me up at 6:00 AM,51,s72,Synthetic,1,14,0,14,ALARM,0,0.9523145,1
audio/train_005694_group_synthetic_ALARM_6_00AM_s67_v2_clean.wav,ALARM,6:00 AM,Wake me up at 6:00 AM,51,s67,Synthetic,1,14,0,14,ALARM,0,0.9458821,1
audio/train_005700_group_synthetic_ALARM_6_00AM_s74_v2_noisy.wav,ALARM,6:00 AM,Wake me up at 6:00 AM,51,s74,Synthetic,1,14,0,14,ALARM,0,0.8693264,1
audio/train_005704_group_synthetic_ALARM_6_00AM_s26_v2_noisy.wav,ALARM,6:00 AM,Wake me up at 6:00 AM,51,s26,Synthetic,1,14,0,14,ALARM,0,0.9406278,1
audio/train_005732_group_synthetic_ALARM_6_00AM_s82_v2_clean.wav,ALARM,6:00 AM,Wake me up at 6:00 AM,51,s82,Synthetic,1,14,0,14,ALARM,0,0.93305606,1
audio/train_005739_group_synthetic_ALARM_6_00AM_s88_v2_clean.wav,ALARM,6:00 AM,Wake me up at 6:00 AM,51,s88,Synthetic,1,14,0,14,ALARM,0,0.7772286,1
audio/train_005742_group_synthetic_ALARM_6_00AM_s80_v2_noisy.wav,ALARM,6:00 AM,Wake me up at 6:00 AM,51,s80,Synthetic,1,14,0,14,ALARM,0,0.9495076,1
audio/train_005746_group_synthetic_ALARM_6_00AM_s38_v2_noisy.wav,ALARM,6:00 AM,Wake me up at 6:00 AM,51,s38,Synthetic,1,14,0,14,ALARM,0,0.9268038,1
audio/train_005751_group_synthetic_ALARM_6_00AM_s30_v2_noisy.wav,ALARM,6:00 AM,Wake me up at 6:00 AM,51,s30,Synthetic,1,14,0,14,ALARM,0,0.93885326,1
audio/train_005753_group_synthetic_ALARM_6_00AM_s18_v2_noisy.wav,ALARM,6:00 AM,Wake me up at 6:00 AM,51,s18,Synthetic,1,14,0,14,ALARM,0,0.9509696,1
audio/train_005765_group_synthetic_ALARM_6_00AM_s74_v2_clean.wav,ALARM,6:00 AM,Wake me up at 6:00 AM,51,s74,Synthetic,1,14,0,14,ALARM,0,0.8504768,1
audio/train_005767_group_synthetic_ALARM_6_00AM_s72_v2_noisy.wav,ALARM,6:00 AM,Wake me up at 6:00 AM,51,s72,Synthetic,1,14,0,14,ALARM,0,0.951997,1
audio/train_005779_group_synthetic_ALARM_8_00AM_s72_v2_noisy.wav,ALARM,8:00 AM,Wake me up at 8:00 AM,52,s72,Synthetic,1,14,1,14,ALARM,1,0.9483362,1
audio/train_005782_group_synthetic_ALARM_8_00AM_s26_v2_noisy.wav,ALARM,8:00 AM,Wake me up at 8:00 AM,52,s26,Synthetic,1,14,1,14,ALARM,1,0.94671106,1
audio/train_005783_group_synthetic_ALARM_8_00AM_s67_v2_clean.wav,ALARM,8:00 AM,Wake me up at 8:00 AM,52,s67,Synthetic,1,14,1,14,ALARM,1,0.9460566,1
audio/train_005786_group_synthetic_ALARM_8_00AM_s88_v2_clean.wav,ALARM,8:00 AM,Wake me up at 8:00 AM,52,s88,Synthetic,1,14,1,14,ALARM,1,0.95327574,1
audio/train_005790_group_synthetic_ALARM_8_00AM_s30_v2_noisy.wav,ALARM,8:00 AM,Wake me up at 8:00 AM,52,s30,Synthetic,1,14,1,14,ALARM,1,0.9497888,1
audio/train_005805_group_synthetic_ALARM_8_00AM_s38_v2_clean.wav,ALARM,8:00 AM,Wake me up at 8:00 AM,52,s38,Synthetic,1,14,1,14,ALARM,1,0.946498,1
audio/train_005811_group_synthetic_ALARM_8_00AM_s82_v2_clean.wav,ALARM,8:00 AM,Wake me up at 8:00 AM,52,s82,Synthetic,1,14,1,14,ALARM,1,0.92026484,1
audio/train_005819_group_synthetic_ALARM_8_00AM_s74_v2_clean.wav,ALARM,8:00 AM,Wake me up at 8:00 AM,52,s74,Synthetic,1,14,1,14,ALARM,1,0.95399123,1
audio/train_005820_group_synthetic_ALARM_8_00AM_s18_v2_clean.wav,ALARM,8:00 AM,Wake me up at 8:00 AM,52,s18,Synthetic,1,14,1,14,ALARM,1,0.8911022,1
audio/train_005834_group_synthetic_ALARM_8_00AM_s80_v2_noisy.wav,ALARM,8:00 AM,Wake me up at 8:00 AM,52,s80,Synthetic,1,14,1,14,ALARM,1,0.93197644,1
audio/train_005845_group_synthetic_ALARM_8_00AM_s26_v2_clean.wav,ALARM,8:00 AM,Wake me up at 8:00 AM,52,s26,Synthetic,1,14,1,14,ALARM,1,0.94677013,1
audio/train_005846_group_synthetic_ALARM_8_00AM_s88_v2_noisy.wav,ALARM,8:00 AM,Wake me up at 8:00 AM,52,s88,Synthetic,1,14,1,14,ALARM,1,0.9532218,1
audio/train_005876_group_synthetic_ALARM_8_00AM_s74_v2_noisy.wav,ALARM,8:00 AM,Wake me up at 8:00 AM,52,s74,Synthetic,1,14,1,14,ALARM,1,0.95119286,1
audio/train_005880_group_synthetic_ALARM_8_00AM_s67_v2_noisy.wav,ALARM,8:00 AM,Wake me up at 8:00 AM,52,s67,Synthetic,1,14,1,14,ALARM,1,0.9497587,1
audio/train_005881_group_synthetic_ALARM_8_00AM_s18_v2_noisy.wav,ALARM,8:00 AM,Wake me up at 8:00 AM,52,s18,Synthetic,1,14,1,14,ALARM,1,0.8858256,1
audio/train_005890_group_synthetic_ALARM_9_00PM_s88_v2_noisy.wav,ALARM,9:00 PM,Wake me up at 9:00 PM,53,s88,Synthetic,1,14,2,14,ALARM,2,0.9004686,1
audio/train_005903_group_synthetic_ALARM_9_00PM_s67_v2_clean.wav,ALARM,9:00 PM,Wake me up at 9:00 PM,53,s67,Synthetic,1,14,2,14,ALARM,2,0.9393775,1
audio/train_005909_group_synthetic_ALARM_9_00PM_s26_v2_noisy.wav,ALARM,9:00 PM,Wake me up at 9:00 PM,53,s26,Synthetic,1,14,2,14,ALARM,2,0.95568335,1
audio/train_005910_group_synthetic_ALARM_9_00PM_s80_v2_clean.wav,ALARM,9:00 PM,Wake me up at 9:00 PM,53,s80,Synthetic,1,14,2,14,ALARM,2,0.84849995,1
audio/train_005920_group_synthetic_ALARM_9_00PM_s30_v2_noisy.wav,ALARM,9:00 PM,Wake me up at 9:00 PM,53,s30,Synthetic,1,14,2,14,ALARM,2,0.9338422,1
audio/train_005928_group_synthetic_ALARM_9_00PM_s74_v2_noisy.wav,ALARM,9:00 PM,Wake me up at 9:00 PM,53,s74,Synthetic,1,14,2,14,ALARM,2,0.9267388,1
audio/train_005933_group_synthetic_ALARM_9_00PM_s38_v2_noisy.wav,ALARM,9:00 PM,Wake me up at 9:00 PM,53,s38,Synthetic,1,14,2,14,ALARM,2,0.95656997,1
audio/train_005936_group_synthetic_ALARM_9_00PM_s72_v2_clean.wav,ALARM,9:00 PM,Wake me up at 9:00 PM,53,s72,Synthetic,1,14,2,14,ALARM,2,0.9496888,1
audio/train_005943_group_synthetic_ALARM_9_00PM_s82_v2_clean.wav,ALARM,9:00 PM,Wake me up at 9:00 PM,53,s82,Synthetic,1,14,2,14,ALARM,2,0.95870626,1
audio/train_005944_group_synthetic_ALARM_9_00PM_s18_v2_clean.wav,ALARM,9:00 PM,Wake me up at 9:00 PM,53,s18,Synthetic,1,14,2,14,ALARM,2,0.9566686,1
audio/train_005962_group_synthetic_ALARM_9_00PM_s80_v2_noisy.wav,ALARM,9:00 PM,Wake me up at 9:00 PM,53,s80,Synthetic,1,14,2,14,ALARM,2,0.89356786,1
audio/train_005968_group_synthetic_ALARM_9_00PM_s26_v2_clean.wav,ALARM,9:00 PM,Wake me up at 9:00 PM,53,s26,Synthetic,1,14,2,14,ALARM,2,0.9495925,1
audio/train_005973_group_synthetic_ALARM_9_00PM_s88_v2_clean.wav,ALARM,9:00 PM,Wake me up at 9:00 PM,53,s88,Synthetic,1,14,2,14,ALARM,2,0.9005575,1
audio/train_005986_group_synthetic_ALARM_9_00PM_s74_v2_clean.wav,ALARM,9:00 PM,Wake me up at 9:00 PM,53,s74,Synthetic,1,14,2,14,ALARM,2,0.92722833,1
audio/train_005987_group_synthetic_ALARM_9_00PM_s18_v2_noisy.wav,ALARM,9:00 PM,Wake me up at 9:00 PM,53,s18,Synthetic,1,14,2,14,ALARM,2,0.95819795,1
audio/train_005990_group_synthetic_ALARM_9_00PM_s38_v2_clean.wav,ALARM,9:00 PM,Wake me up at 9:00 PM,53,s38,Synthetic,1,14,2,14,ALARM,2,0.95963025,1
audio/train_005993_group_synthetic_ALARM_9_00PM_s72_v2_noisy.wav,ALARM,9:00 PM,Wake me up at 9:00 PM,53,s72,Synthetic,1,14,2,14,ALARM,2,0.95441115,1
audio/train_006056_group_synthetic_ALARM_6_00AM_s26_v3_noisy.wav,ALARM,6:00 AM,Set an alarm for 6:00 AM,54,s26,Synthetic,1,14,0,14,ALARM,0,0.93270934,1
audio/train_006060_group_synthetic_ALARM_6_00AM_s30_v3_clean.wav,ALARM,6:00 AM,Set an alarm for 6:00 AM,54,s30,Synthetic,1,14,0,14,ALARM,0,0.93674725,1
audio/train_006065_group_synthetic_ALARM_6_00AM_s18_v3_noisy.wav,ALARM,6:00 AM,Set an alarm for 6:00 AM,54,s18,Synthetic,1,14,0,14,ALARM,0,0.9421912,1
audio/train_006070_group_synthetic_ALARM_6_00AM_s74_v3_noisy.wav,ALARM,6:00 AM,Set an alarm for 6:00 AM,54,s74,Synthetic,1,14,0,14,ALARM,0,0.9207235,1
audio/train_006080_group_synthetic_ALARM_6_00AM_s38_v3_noisy.wav,ALARM,6:00 AM,Set an alarm for 6:00 AM,54,s38,Synthetic,1,14,0,14,ALARM,0,0.95298415,1
audio/train_006086_group_synthetic_ALARM_6_00AM_s72_v3_noisy.wav,ALARM,6:00 AM,Set an alarm for 6:00 AM,54,s72,Synthetic,1,14,0,14,ALARM,0,0.9092785,1
audio/train_006091_group_synthetic_ALARM_6_00AM_s67_v3_clean.wav,ALARM,6:00 AM,Set an alarm for 6:00 AM,54,s67,Synthetic,1,14,0,14,ALARM,0,0.93645513,1
audio/train_006101_group_synthetic_ALARM_6_00AM_s88_v3_clean.wav,ALARM,6:00 AM,Set an alarm for 6:00 AM,54,s88,Synthetic,1,14,0,14,ALARM,0,0.96212137,1
audio/train_006103_group_synthetic_ALARM_6_00AM_s82_v3_noisy.wav,ALARM,6:00 AM,Set an alarm for 6:00 AM,54,s82,Synthetic,1,14,0,14,ALARM,0,0.89668083,1
audio/train_006109_SLURP_slurp_devel_4094_5425.wav,ALARM,8:00 AM,Set an alarm for 8:00 AM,55,FO-462,Other / non-native,0,14,1,14,ALARM,1,0.9028843,1
audio/train_006132_SLURP_slurp_devel_4094_5426.wav,ALARM,8:00 AM,Set an alarm for 8:00 AM,55,FO-462,Other / non-native,0,14,1,14,ALARM,1,0.9266043,1
audio/train_006158_SLURP_slurp_train_4717_7747_train-00002-.wav,ALARM,8:00 AM,Set an alarm for 8:00 AM,55,FE-249,Native English,0,14,1,14,ALARM,1,0.8928293,1
audio/train_006161_group_synthetic_ALARM_8_00AM_s74_v3_noisy.wav,ALARM,8:00 AM,Set an alarm for 8:00 AM,55,s74,Synthetic,1,14,1,14,ALARM,1,0.90001184,1
audio/train_006173_group_synthetic_ALARM_8_00AM_s67_v3_noisy.wav,ALARM,8:00 AM,Set an alarm for 8:00 AM,55,s67,Synthetic,1,14,1,14,ALARM,1,0.9572875,1
audio/train_006186_group_synthetic_ALARM_8_00AM_s88_v3_clean.wav,ALARM,8:00 AM,Set an alarm for 8:00 AM,55,s88,Synthetic,1,14,1,14,ALARM,1,0.96641725,1
audio/train_006188_group_synthetic_ALARM_8_00AM_s18_v3_noisy.wav,ALARM,8:00 AM,Set an alarm for 8:00 AM,55,s18,Synthetic,1,14,1,14,ALARM,1,0.9414747,1
audio/train_006189_group_synthetic_ALARM_8_00AM_s82_v3_clean.wav,ALARM,8:00 AM,Set an alarm for 8:00 AM,55,s82,Synthetic,1,14,1,14,ALARM,1,0.9107769,1
audio/train_006201_group_synthetic_ALARM_8_00AM_s80_v3_noisy.wav,ALARM,8:00 AM,Set an alarm for 8:00 AM,55,s80,Synthetic,1,14,1,14,ALARM,1,0.9451492,1
audio/train_006206_group_synthetic_ALARM_8_00AM_s30_v3_clean.wav,ALARM,8:00 AM,Set an alarm for 8:00 AM,55,s30,Synthetic,1,14,1,14,ALARM,1,0.93781996,1
audio/train_006208_group_synthetic_ALARM_8_00AM_s26_v3_clean.wav,ALARM,8:00 AM,Set an alarm for 8:00 AM,55,s26,Synthetic,1,14,1,14,ALARM,1,0.9461019,1
audio/train_006215_group_synthetic_ALARM_8_00AM_s38_v3_noisy.wav,ALARM,8:00 AM,Set an alarm for 8:00 AM,55,s38,Synthetic,1,14,1,14,ALARM,1,0.9543818,1
audio/train_006232_TimersAndSuch_f1c6dc9e-f0f8-4d51-b18e-33cff9d18e9e_prompt-212_19.wav,ALARM,9:00 PM,Set an alarm for 9:00 PM,56,f1c6dc9e-f0f8-4d51-b18e-33cff9d18e9e,Unknown,0,14,2,14,ALARM,2,0.78629565,1
audio/train_006242_group_synthetic_ALARM_9_00PM_s30_v3_clean.wav,ALARM,9:00 PM,Set an alarm for 9:00 PM,56,s30,Synthetic,1,14,2,14,ALARM,2,0.94962925,1
audio/train_006243_group_synthetic_ALARM_9_00PM_s80_v3_clean.wav,ALARM,9:00 PM,Set an alarm for 9:00 PM,56,s80,Synthetic,1,14,2,14,ALARM,2,0.9447789,1
audio/train_006244_group_synthetic_ALARM_9_00PM_s88_v3_noisy.wav,ALARM,9:00 PM,Set an alarm for 9:00 PM,56,s88,Synthetic,1,14,2,14,ALARM,2,0.95344526,1
audio/train_006248_group_synthetic_ALARM_9_00PM_s26_v3_clean.wav,ALARM,9:00 PM,Set an alarm for 9:00 PM,56,s26,Synthetic,1,14,2,14,ALARM,2,0.948408,1
audio/train_006255_group_synthetic_ALARM_9_00PM_s82_v3_noisy.wav,ALARM,9:00 PM,Set an alarm for 9:00 PM,56,s82,Synthetic,1,14,2,14,ALARM,2,0.94960475,1
audio/train_006260_group_synthetic_ALARM_9_00PM_s74_v3_clean.wav,ALARM,9:00 PM,Set an alarm for 9:00 PM,56,s74,Synthetic,1,14,2,14,ALARM,2,0.9486155,1
audio/train_006283_group_synthetic_ALARM_9_00PM_s67_v3_noisy.wav,ALARM,9:00 PM,Set an alarm for 9:00 PM,56,s67,Synthetic,1,14,2,14,ALARM,2,0.93942124,1
audio/train_006288_group_synthetic_ALARM_9_00PM_s38_v3_clean.wav,ALARM,9:00 PM,Set an alarm for 9:00 PM,56,s38,Synthetic,1,14,2,14,ALARM,2,0.9548593,1
audio/train_006300_group_synthetic_ALARM_9_00PM_s18_v3_clean.wav,ALARM,9:00 PM,Set an alarm for 9:00 PM,56,s18,Synthetic,1,14,2,14,ALARM,2,0.9419367,1
audio/train_006302_group_synthetic_ALARM_9_00PM_s72_v3_clean.wav,ALARM,9:00 PM,Set an alarm for 9:00 PM,56,s72,Synthetic,1,14,2,14,ALARM,2,0.8624938,1
audio/train_006305_group_synthetic_ALARM_9_00PM_s88_v3_clean.wav,ALARM,9:00 PM,Set an alarm for 9:00 PM,56,s88,Synthetic,1,14,2,14,ALARM,2,0.9568289,1
audio/train_006306_group_synthetic_ALARM_9_00PM_s30_v3_noisy.wav,ALARM,9:00 PM,Set an alarm for 9:00 PM,56,s30,Synthetic,1,14,2,14,ALARM,2,0.9527233,1
audio/train_006308_group_synthetic_ALARM_9_00PM_s74_v3_noisy.wav,ALARM,9:00 PM,Set an alarm for 9:00 PM,56,s74,Synthetic,1,14,2,14,ALARM,2,0.9502056,1
audio/train_006312_group_synthetic_ALARM_9_00PM_s82_v3_clean.wav,ALARM,9:00 PM,Set an alarm for 9:00 PM,56,s82,Synthetic,1,14,2,14,ALARM,2,0.94543654,1
audio/train_006324_group_synthetic_ALARM_9_00PM_s67_v3_clean.wav,ALARM,9:00 PM,Set an alarm for 9:00 PM,56,s67,Synthetic,1,14,2,14,ALARM,2,0.9482981,1
audio/train_006326_group_synthetic_ALARM_9_00PM_s80_v3_noisy.wav,ALARM,9:00 PM,Set an alarm for 9:00 PM,56,s80,Synthetic,1,14,2,14,ALARM,2,0.95007604,1
audio/train_006331_group_synthetic_TEMPERATURE_18_s82_v1_noisy.wav,TEMPERATURE,18 degrees,Temperature 18 degrees,57,s82,Synthetic,1,15,0,15,TEMPERATURE,0,0.89616376,1
audio/train_006333_group_synthetic_TEMPERATURE_18_s38_v1_noisy.wav,TEMPERATURE,18 degrees,Temperature 18 degrees,57,s38,Synthetic,1,15,0,15,TEMPERATURE,0,0.89698803,1
audio/train_006334_group_synthetic_TEMPERATURE_18_s72_v1_clean.wav,TEMPERATURE,18 degrees,Temperature 18 degrees,57,s72,Synthetic,1,15,0,15,TEMPERATURE,0,0.66565186,1
audio/train_006340_group_synthetic_TEMPERATURE_18_s67_v1_noisy.wav,TEMPERATURE,18 degrees,Temperature 18 degrees,57,s67,Synthetic,1,15,0,15,TEMPERATURE,0,0.90336144,1
audio/train_006342_group_synthetic_TEMPERATURE_18_s88_v1_clean.wav,TEMPERATURE,18 degrees,Temperature 18 degrees,57,s88,Synthetic,1,15,0,15,TEMPERATURE,0,0.91160876,1
audio/train_006356_group_synthetic_TEMPERATURE_18_s18_v1_noisy.wav,TEMPERATURE,18 degrees,Temperature 18 degrees,57,s18,Synthetic,1,15,0,15,TEMPERATURE,0,0.9339348,1
audio/train_006381_group_synthetic_TEMPERATURE_18_s26_v1_noisy.wav,TEMPERATURE,18 degrees,Temperature 18 degrees,57,s26,Synthetic,1,15,0,15,TEMPERATURE,0,0.89849347,1
audio/train_006388_group_synthetic_TEMPERATURE_18_s30_v1_noisy.wav,TEMPERATURE,18 degrees,Temperature 18 degrees,57,s30,Synthetic,1,15,0,15,TEMPERATURE,0,0.89812356,1
audio/train_006390_group_synthetic_TEMPERATURE_18_s80_v1_noisy.wav,TEMPERATURE,18 degrees,Temperature 18 degrees,57,s80,Synthetic,1,15,0,15,TEMPERATURE,1,0.8584527,0
audio/train_006397_group_synthetic_TEMPERATURE_18_s38_v1_clean.wav,TEMPERATURE,18 degrees,Temperature 18 degrees,57,s38,Synthetic,1,15,0,15,TEMPERATURE,0,0.89162856,1
audio/train_006398_group_synthetic_TEMPERATURE_18_s18_v1_clean.wav,TEMPERATURE,18 degrees,Temperature 18 degrees,57,s18,Synthetic,1,15,0,15,TEMPERATURE,0,0.9299061,1
audio/train_006415_group_synthetic_TEMPERATURE_18_s72_v1_noisy.wav,TEMPERATURE,18 degrees,Temperature 18 degrees,57,s72,Synthetic,1,15,0,15,TEMPERATURE,0,0.7301944,1
audio/train_006420_group_synthetic_TEMPERATURE_18_s88_v1_noisy.wav,TEMPERATURE,18 degrees,Temperature 18 degrees,57,s88,Synthetic,1,15,0,15,TEMPERATURE,0,0.9063623,1
audio/train_006429_group_synthetic_TEMPERATURE_18_s67_v1_clean.wav,TEMPERATURE,18 degrees,Temperature 18 degrees,57,s67,Synthetic,1,15,0,15,TEMPERATURE,0,0.903916,1
audio/train_006439_group_synthetic_TEMPERATURE_22_s67_v1_clean.wav,TEMPERATURE,22 degrees,Temperature 22 degrees,58,s67,Synthetic,1,15,1,15,TEMPERATURE,1,0.94015235,1
audio/train_006445_group_synthetic_TEMPERATURE_22_s88_v1_noisy.wav,TEMPERATURE,22 degrees,Temperature 22 degrees,58,s88,Synthetic,1,15,1,15,TEMPERATURE,1,0.9041112,1
audio/train_006446_group_synthetic_TEMPERATURE_22_s18_v1_noisy.wav,TEMPERATURE,22 degrees,Temperature 22 degrees,58,s18,Synthetic,1,15,1,15,TEMPERATURE,1,0.94359225,1
audio/train_006451_group_synthetic_TEMPERATURE_22_s82_v1_clean.wav,TEMPERATURE,22 degrees,Temperature 22 degrees,58,s82,Synthetic,1,15,1,15,TEMPERATURE,1,0.9479935,1
audio/train_006469_group_synthetic_TEMPERATURE_22_s74_v1_noisy.wav,TEMPERATURE,22 degrees,Temperature 22 degrees,58,s74,Synthetic,1,15,1,15,TEMPERATURE,1,0.7626639,1
audio/train_006481_group_synthetic_TEMPERATURE_22_s26_v1_clean.wav,TEMPERATURE,22 degrees,Temperature 22 degrees,58,s26,Synthetic,1,15,1,15,TEMPERATURE,1,0.9126407,1
audio/train_006482_group_synthetic_TEMPERATURE_22_s72_v1_clean.wav,TEMPERATURE,22 degrees,Temperature 22 degrees,58,s72,Synthetic,1,15,1,15,TEMPERATURE,1,0.8900734,1
audio/train_006488_group_synthetic_TEMPERATURE_22_s80_v1_noisy.wav,TEMPERATURE,22 degrees,Temperature 22 degrees,58,s80,Synthetic,1,15,1,15,TEMPERATURE,1,0.7475268,1
audio/train_006498_group_synthetic_TEMPERATURE_22_s38_v1_clean.wav,TEMPERATURE,22 degrees,Temperature 22 degrees,58,s38,Synthetic,1,15,1,15,TEMPERATURE,1,0.9347554,1
audio/train_006504_group_synthetic_TEMPERATURE_22_s30_v1_noisy.wav,TEMPERATURE,22 degrees,Temperature 22 degrees,58,s30,Synthetic,1,15,1,15,TEMPERATURE,1,0.92715067,1
audio/train_006507_group_synthetic_TEMPERATURE_22_s18_v1_clean.wav,TEMPERATURE,22 degrees,Temperature 22 degrees,58,s18,Synthetic,1,15,1,15,TEMPERATURE,1,0.9444126,1
audio/train_006516_group_synthetic_TEMPERATURE_22_s88_v1_clean.wav,TEMPERATURE,22 degrees,Temperature 22 degrees,58,s88,Synthetic,1,15,1,15,TEMPERATURE,1,0.90503407,1
audio/train_006528_group_synthetic_TEMPERATURE_22_s26_v1_noisy.wav,TEMPERATURE,22 degrees,Temperature 22 degrees,58,s26,Synthetic,1,15,1,15,TEMPERATURE,1,0.92207545,1
audio/train_006534_group_synthetic_TEMPERATURE_22_s82_v1_noisy.wav,TEMPERATURE,22 degrees,Temperature 22 degrees,58,s82,Synthetic,1,15,1,15,TEMPERATURE,1,0.9507417,1
audio/train_006543_group_synthetic_TEMPERATURE_22_s72_v1_noisy.wav,TEMPERATURE,22 degrees,Temperature 22 degrees,58,s72,Synthetic,1,15,1,15,TEMPERATURE,1,0.8430361,1
audio/train_006557_group_synthetic_TEMPERATURE_26_s18_v1_noisy.wav,TEMPERATURE,26 degrees,Temperature 26 degrees,59,s18,Synthetic,1,15,2,15,TEMPERATURE,2,0.88150865,1
audio/train_006561_group_synthetic_TEMPERATURE_26_s38_v1_clean.wav,TEMPERATURE,26 degrees,Temperature 26 degrees,59,s38,Synthetic,1,15,2,15,TEMPERATURE,2,0.8855224,1
audio/train_006564_group_synthetic_TEMPERATURE_26_s88_v1_noisy.wav,TEMPERATURE,26 degrees,Temperature 26 degrees,59,s88,Synthetic,1,15,2,15,TEMPERATURE,2,0.9071204,1
audio/train_006566_group_synthetic_TEMPERATURE_26_s80_v1_clean.wav,TEMPERATURE,26 degrees,Temperature 26 degrees,59,s80,Synthetic,1,15,2,15,TEMPERATURE,2,0.7874985,1
audio/train_006579_group_synthetic_TEMPERATURE_26_s26_v1_noisy.wav,TEMPERATURE,26 degrees,Temperature 26 degrees,59,s26,Synthetic,1,15,2,15,TEMPERATURE,2,0.93132806,1
audio/train_006581_group_synthetic_TEMPERATURE_26_s72_v1_noisy.wav,TEMPERATURE,26 degrees,Temperature 26 degrees,59,s72,Synthetic,1,15,2,15,TEMPERATURE,2,0.79805654,1
audio/train_006585_group_synthetic_TEMPERATURE_26_s30_v1_clean.wav,TEMPERATURE,26 degrees,Temperature 26 degrees,59,s30,Synthetic,1,15,2,15,TEMPERATURE,2,0.9053984,1
audio/train_006610_group_synthetic_TEMPERATURE_26_s74_v1_clean.wav,TEMPERATURE,26 degrees,Temperature 26 degrees,59,s74,Synthetic,1,15,2,15,TEMPERATURE,2,0.6562528,1
audio/train_006612_group_synthetic_TEMPERATURE_26_s82_v1_clean.wav,TEMPERATURE,26 degrees,Temperature 26 degrees,59,s82,Synthetic,1,15,2,15,TEMPERATURE,2,0.90136284,1
audio/train_006615_group_synthetic_TEMPERATURE_26_s67_v1_noisy.wav,TEMPERATURE,26 degrees,Temperature 26 degrees,59,s67,Synthetic,1,15,2,15,TEMPERATURE,2,0.87205815,1
audio/train_006619_group_synthetic_TEMPERATURE_26_s18_v1_clean.wav,TEMPERATURE,26 degrees,Temperature 26 degrees,59,s18,Synthetic,1,15,2,15,TEMPERATURE,2,0.8794377,1
audio/train_006621_group_synthetic_TEMPERATURE_26_s88_v1_clean.wav,TEMPERATURE,26 degrees,Temperature 26 degrees,59,s88,Synthetic,1,15,2,15,TEMPERATURE,2,0.8995399,1
audio/train_006624_group_synthetic_TEMPERATURE_26_s80_v1_noisy.wav,TEMPERATURE,26 degrees,Temperature 26 degrees,59,s80,Synthetic,1,15,2,15,TEMPERATURE,2,0.7742207,1
audio/train_006626_group_synthetic_TEMPERATURE_26_s38_v1_noisy.wav,TEMPERATURE,26 degrees,Temperature 26 degrees,59,s38,Synthetic,1,15,2,15,TEMPERATURE,2,0.89884263,1
audio/train_006648_group_synthetic_TEMPERATURE_26_s30_v1_noisy.wav,TEMPERATURE,26 degrees,Temperature 26 degrees,59,s30,Synthetic,1,15,2,15,TEMPERATURE,2,0.91767955,1
audio/train_006657_group_synthetic_TEMPERATURE_26_s72_v1_clean.wav,TEMPERATURE,26 degrees,Temperature 26 degrees,59,s72,Synthetic,1,15,2,15,TEMPERATURE,2,0.8107774,1
audio/train_006658_group_synthetic_TEMPERATURE_26_s74_v1_noisy.wav,TEMPERATURE,26 degrees,Temperature 26 degrees,59,s74,Synthetic,1,15,2,15,TEMPERATURE,2,0.759314,1
audio/train_006669_group_synthetic_TEMPERATURE_18_s88_v2_noisy.wav,TEMPERATURE,18 degrees,Change the temperature to 18 degrees,60,s88,Synthetic,1,15,0,15,TEMPERATURE,0,0.91021997,1
audio/train_006672_group_synthetic_TEMPERATURE_18_s82_v2_noisy.wav,TEMPERATURE,18 degrees,Change the temperature to 18 degrees,60,s82,Synthetic,1,15,0,15,TEMPERATURE,0,0.9176242,1
audio/train_006677_group_synthetic_TEMPERATURE_18_s18_v2_clean.wav,TEMPERATURE,18 degrees,Change the temperature to 18 degrees,60,s18,Synthetic,1,15,0,15,TEMPERATURE,0,0.92418987,1
audio/train_006682_group_synthetic_TEMPERATURE_18_s30_v2_clean.wav,TEMPERATURE,18 degrees,Change the temperature to 18 degrees,60,s30,Synthetic,1,15,0,15,TEMPERATURE,0,0.93126416,1
audio/train_006687_group_synthetic_TEMPERATURE_18_s72_v2_noisy.wav,TEMPERATURE,18 degrees,Change the temperature to 18 degrees,60,s72,Synthetic,1,15,0,15,TEMPERATURE,0,0.860442,1
audio/train_006688_group_synthetic_TEMPERATURE_18_s26_v2_noisy.wav,TEMPERATURE,18 degrees,Change the temperature to 18 degrees,60,s26,Synthetic,1,15,0,15,TEMPERATURE,0,0.90159255,1
audio/train_006696_group_synthetic_TEMPERATURE_18_s38_v2_noisy.wav,TEMPERATURE,18 degrees,Change the temperature to 18 degrees,60,s38,Synthetic,1,15,0,15,TEMPERATURE,0,0.9181035,1
audio/train_006704_group_synthetic_TEMPERATURE_18_s67_v2_clean.wav,TEMPERATURE,18 degrees,Change the temperature to 18 degrees,60,s67,Synthetic,1,15,0,15,TEMPERATURE,0,0.8736995,1
audio/train_006707_group_synthetic_TEMPERATURE_18_s74_v2_clean.wav,TEMPERATURE,18 degrees,Change the temperature to 18 degrees,60,s74,Synthetic,1,15,0,15,TEMPERATURE,0,0.9386784,1
audio/train_006714_group_synthetic_TEMPERATURE_18_s80_v2_noisy.wav,TEMPERATURE,18 degrees,Change the temperature to 18 degrees,60,s80,Synthetic,1,15,0,15,TEMPERATURE,0,0.84317327,1
audio/train_006730_group_synthetic_TEMPERATURE_18_s88_v2_clean.wav,TEMPERATURE,18 degrees,Change the temperature to 18 degrees,60,s88,Synthetic,1,15,0,15,TEMPERATURE,0,0.92338973,1
audio/train_006733_group_synthetic_TEMPERATURE_18_s18_v2_noisy.wav,TEMPERATURE,18 degrees,Change the temperature to 18 degrees,60,s18,Synthetic,1,15,0,15,TEMPERATURE,0,0.92889094,1
audio/train_006737_group_synthetic_TEMPERATURE_18_s72_v2_clean.wav,TEMPERATURE,18 degrees,Change the temperature to 18 degrees,60,s72,Synthetic,1,15,0,15,TEMPERATURE,0,0.8712629,1
audio/train_006758_group_synthetic_TEMPERATURE_18_s80_v2_clean.wav,TEMPERATURE,18 degrees,Change the temperature to 18 degrees,60,s80,Synthetic,1,15,0,15,TEMPERATURE,0,0.8714174,1
audio/train_006759_group_synthetic_TEMPERATURE_18_s74_v2_noisy.wav,TEMPERATURE,18 degrees,Change the temperature to 18 degrees,60,s74,Synthetic,1,15,0,15,TEMPERATURE,0,0.93929166,1
audio/train_006764_group_synthetic_TEMPERATURE_18_s67_v2_noisy.wav,TEMPERATURE,18 degrees,Change the temperature to 18 degrees,60,s67,Synthetic,1,15,0,15,TEMPERATURE,0,0.8649436,1
audio/train_006773_group_synthetic_TEMPERATURE_22_s30_v2_noisy.wav,TEMPERATURE,22 degrees,Change the temperature to 22 degrees,61,s30,Synthetic,1,15,1,15,TEMPERATURE,1,0.95829314,1
audio/train_006782_group_synthetic_TEMPERATURE_22_s18_v2_clean.wav,TEMPERATURE,22 degrees,Change the temperature to 22 degrees,61,s18,Synthetic,1,15,1,15,TEMPERATURE,1,0.9570933,1
audio/train_006794_group_synthetic_TEMPERATURE_22_s26_v2_clean.wav,TEMPERATURE,22 degrees,Change the temperature to 22 degrees,61,s26,Synthetic,1,15,1,15,TEMPERATURE,1,0.9483114,1
audio/train_006814_group_synthetic_TEMPERATURE_22_s88_v2_clean.wav,TEMPERATURE,22 degrees,Change the temperature to 22 degrees,61,s88,Synthetic,1,15,1,15,TEMPERATURE,1,0.9382092,1
audio/train_006815_group_synthetic_TEMPERATURE_22_s80_v2_clean.wav,TEMPERATURE,22 degrees,Change the temperature to 22 degrees,61,s80,Synthetic,1,15,1,15,TEMPERATURE,1,0.9258611,1
audio/train_006827_group_synthetic_TEMPERATURE_22_s74_v2_noisy.wav,TEMPERATURE,22 degrees,Change the temperature to 22 degrees,61,s74,Synthetic,1,15,1,15,TEMPERATURE,1,0.78487617,1
audio/train_006832_group_synthetic_TEMPERATURE_22_s82_v2_noisy.wav,TEMPERATURE,22 degrees,Change the temperature to 22 degrees,61,s82,Synthetic,1,15,1,15,TEMPERATURE,1,0.96501034,1
audio/train_006836_group_synthetic_TEMPERATURE_22_s38_v2_clean.wav,TEMPERATURE,22 degrees,Change the temperature to 22 degrees,61,s38,Synthetic,1,15,1,15,TEMPERATURE,1,0.9516928,1
audio/train_006837_group_synthetic_TEMPERATURE_22_s67_v2_clean.wav,TEMPERATURE,22 degrees,Change the temperature to 22 degrees,61,s67,Synthetic,1,15,1,15,TEMPERATURE,1,0.9536023,1
audio/train_006838_group_synthetic_TEMPERATURE_22_s72_v2_noisy.wav,TEMPERATURE,22 degrees,Change the temperature to 22 degrees,61,s72,Synthetic,1,15,1,15,TEMPERATURE,1,0.93453085,1
audio/train_006849_group_synthetic_TEMPERATURE_22_s18_v2_noisy.wav,TEMPERATURE,22 degrees,Change the temperature to 22 degrees,61,s18,Synthetic,1,15,1,15,TEMPERATURE,1,0.9573751,1
audio/train_006853_group_synthetic_TEMPERATURE_22_s30_v2_clean.wav,TEMPERATURE,22 degrees,Change the temperature to 22 degrees,61,s30,Synthetic,1,15,1,15,TEMPERATURE,1,0.95797414,1
audio/train_006865_group_synthetic_TEMPERATURE_22_s80_v2_noisy.wav,TEMPERATURE,22 degrees,Change the temperature to 22 degrees,61,s80,Synthetic,1,15,1,15,TEMPERATURE,1,0.9148392,1
audio/train_006869_group_synthetic_TEMPERATURE_22_s88_v2_noisy.wav,TEMPERATURE,22 degrees,Change the temperature to 22 degrees,61,s88,Synthetic,1,15,1,15,TEMPERATURE,1,0.9396957,1
audio/train_006889_group_synthetic_TEMPERATURE_26_s67_v2_clean.wav,TEMPERATURE,26 degrees,Change the temperature to 26 degrees,62,s67,Synthetic,1,15,2,15,TEMPERATURE,2,0.92614335,1
audio/train_006895_group_synthetic_TEMPERATURE_26_s26_v2_noisy.wav,TEMPERATURE,26 degrees,Change the temperature to 26 degrees,62,s26,Synthetic,1,15,2,15,TEMPERATURE,2,0.93938434,1
audio/train_006900_group_synthetic_TEMPERATURE_26_s82_v2_clean.wav,TEMPERATURE,26 degrees,Change the temperature to 26 degrees,62,s82,Synthetic,1,15,2,15,TEMPERATURE,2,0.933273,1
audio/train_006925_group_synthetic_TEMPERATURE_26_s38_v2_noisy.wav,TEMPERATURE,26 degrees,Change the temperature to 26 degrees,62,s38,Synthetic,1,15,2,15,TEMPERATURE,2,0.92295337,1
audio/train_006936_group_synthetic_TEMPERATURE_26_s88_v2_noisy.wav,TEMPERATURE,26 degrees,Change the temperature to 26 degrees,62,s88,Synthetic,1,15,2,15,TEMPERATURE,2,0.73379797,1
audio/train_006938_group_synthetic_TEMPERATURE_26_s80_v2_clean.wav,TEMPERATURE,26 degrees,Change the temperature to 26 degrees,62,s80,Synthetic,1,15,2,15,TEMPERATURE,2,0.90606874,1
audio/train_006941_group_synthetic_TEMPERATURE_26_s72_v2_noisy.wav,TEMPERATURE,26 degrees,Change the temperature to 26 degrees,62,s72,Synthetic,1,15,2,15,TEMPERATURE,2,0.9304983,1
audio/train_006945_group_synthetic_TEMPERATURE_26_s18_v2_clean.wav,TEMPERATURE,26 degrees,Change the temperature to 26 degrees,62,s18,Synthetic,1,15,2,15,TEMPERATURE,2,0.89845455,1
audio/train_006948_group_synthetic_TEMPERATURE_26_s30_v2_clean.wav,TEMPERATURE,26 degrees,Change the temperature to 26 degrees,62,s30,Synthetic,1,15,2,15,TEMPERATURE,2,0.92196214,1
audio/train_006951_group_synthetic_TEMPERATURE_26_s74_v2_clean.wav,TEMPERATURE,26 degrees,Change the temperature to 26 degrees,62,s74,Synthetic,1,15,2,15,TEMPERATURE,2,0.8563781,1
audio/train_006963_group_synthetic_TEMPERATURE_26_s67_v2_noisy.wav,TEMPERATURE,26 degrees,Change the temperature to 26 degrees,62,s67,Synthetic,1,15,2,15,TEMPERATURE,2,0.9228472,1
audio/train_006969_group_synthetic_TEMPERATURE_26_s82_v2_noisy.wav,TEMPERATURE,26 degrees,Change the temperature to 26 degrees,62,s82,Synthetic,1,15,2,15,TEMPERATURE,2,0.93234944,1
audio/train_006970_group_synthetic_TEMPERATURE_26_s88_v2_clean.wav,TEMPERATURE,26 degrees,Change the temperature to 26 degrees,62,s88,Synthetic,1,15,2,15,TEMPERATURE,2,0.7447455,1
audio/train_006975_group_synthetic_TEMPERATURE_26_s80_v2_noisy.wav,TEMPERATURE,26 degrees,Change the temperature to 26 degrees,62,s80,Synthetic,1,15,2,15,TEMPERATURE,2,0.91678077,1
audio/train_006983_group_synthetic_TEMPERATURE_26_s18_v2_noisy.wav,TEMPERATURE,26 degrees,Change the temperature to 26 degrees,62,s18,Synthetic,1,15,2,15,TEMPERATURE,2,0.90387297,1
audio/train_006984_group_synthetic_TEMPERATURE_26_s72_v2_clean.wav,TEMPERATURE,26 degrees,Change the temperature to 26 degrees,62,s72,Synthetic,1,15,2,15,TEMPERATURE,2,0.9203137,1
audio/train_006985_group_synthetic_TEMPERATURE_26_s26_v2_clean.wav,TEMPERATURE,26 degrees,Change the temperature to 26 degrees,62,s26,Synthetic,1,15,2,15,TEMPERATURE,2,0.93106717,1
audio/train_007011_group_synthetic_TEMPERATURE_18_s74_v3_noisy.wav,TEMPERATURE,18 degrees,Set the temperature to 18 degrees,63,s74,Synthetic,1,15,0,15,TEMPERATURE,0,0.8642741,1
audio/train_007041_group_synthetic_TEMPERATURE_18_s72_v3_clean.wav,TEMPERATURE,18 degrees,Set the temperature to 18 degrees,63,s72,Synthetic,1,15,0,15,TEMPERATURE,0,0.90803,1
audio/train_007044_group_synthetic_TEMPERATURE_18_s30_v3_clean.wav,TEMPERATURE,18 degrees,Set the temperature to 18 degrees,63,s30,Synthetic,1,15,0,15,TEMPERATURE,0,0.9316248,1
audio/train_007046_group_synthetic_TEMPERATURE_18_s67_v3_noisy.wav,TEMPERATURE,18 degrees,Set the temperature to 18 degrees,63,s67,Synthetic,1,15,0,15,TEMPERATURE,0,0.9331413,1
audio/train_007050_group_synthetic_TEMPERATURE_18_s88_v3_clean.wav,TEMPERATURE,18 degrees,Set the temperature to 18 degrees,63,s88,Synthetic,1,15,0,15,TEMPERATURE,0,0.9418236,1
audio/train_007052_group_synthetic_TEMPERATURE_18_s26_v3_noisy.wav,TEMPERATURE,18 degrees,Set the temperature to 18 degrees,63,s26,Synthetic,1,15,0,15,TEMPERATURE,0,0.9310845,1
audio/train_007061_group_synthetic_TEMPERATURE_18_s82_v3_clean.wav,TEMPERATURE,18 degrees,Set the temperature to 18 degrees,63,s82,Synthetic,1,15,0,15,TEMPERATURE,0,0.9346882,1
audio/train_007063_group_synthetic_TEMPERATURE_18_s38_v3_noisy.wav,TEMPERATURE,18 degrees,Set the temperature to 18 degrees,63,s38,Synthetic,1,15,0,15,TEMPERATURE,0,0.91867715,1
audio/train_007067_group_synthetic_TEMPERATURE_18_s80_v3_noisy.wav,TEMPERATURE,18 degrees,Set the temperature to 18 degrees,63,s80,Synthetic,1,15,0,15,TEMPERATURE,0,0.89979106,1
audio/train_007076_group_synthetic_TEMPERATURE_18_s18_v3_clean.wav,TEMPERATURE,18 degrees,Set the temperature to 18 degrees,63,s18,Synthetic,1,15,0,15,TEMPERATURE,0,0.92996967,1
audio/train_007084_group_synthetic_TEMPERATURE_18_s30_v3_noisy.wav,TEMPERATURE,18 degrees,Set the temperature to 18 degrees,63,s30,Synthetic,1,15,0,15,TEMPERATURE,0,0.9288744,1
audio/train_007088_group_synthetic_TEMPERATURE_18_s88_v3_noisy.wav,TEMPERATURE,18 degrees,Set the temperature to 18 degrees,63,s88,Synthetic,1,15,0,15,TEMPERATURE,0,0.9442606,1
audio/train_007091_group_synthetic_TEMPERATURE_18_s74_v3_clean.wav,TEMPERATURE,18 degrees,Set the temperature to 18 degrees,63,s74,Synthetic,1,15,0,15,TEMPERATURE,0,0.85735816,1
audio/train_007135_group_synthetic_TEMPERATURE_22_s74_v3_clean.wav,TEMPERATURE,22 degrees,Set the temperature to 22 degrees,64,s74,Synthetic,1,15,1,15,TEMPERATURE,1,0.9424685,1
audio/train_007140_group_synthetic_TEMPERATURE_22_s30_v3_noisy.wav,TEMPERATURE,22 degrees,Set the temperature to 22 degrees,64,s30,Synthetic,1,15,1,15,TEMPERATURE,1,0.96314484,1
audio/train_007145_group_synthetic_TEMPERATURE_22_s67_v3_clean.wav,TEMPERATURE,22 degrees,Set the temperature to 22 degrees,64,s67,Synthetic,1,15,1,15,TEMPERATURE,1,0.96222895,1
audio/train_007149_group_synthetic_TEMPERATURE_22_s18_v3_noisy.wav,TEMPERATURE,22 degrees,Set the temperature to 22 degrees,64,s18,Synthetic,1,15,1,15,TEMPERATURE,1,0.9629523,1
audio/train_007161_group_synthetic_TEMPERATURE_22_s72_v3_noisy.wav,TEMPERATURE,22 degrees,Set the temperature to 22 degrees,64,s72,Synthetic,1,15,1,15,TEMPERATURE,1,0.96629566,1
audio/train_007163_group_synthetic_TEMPERATURE_22_s82_v3_clean.wav,TEMPERATURE,22 degrees,Set the temperature to 22 degrees,64,s82,Synthetic,1,15,1,15,TEMPERATURE,1,0.9565739,1
audio/train_007172_group_synthetic_TEMPERATURE_22_s26_v3_clean.wav,TEMPERATURE,22 degrees,Set the temperature to 22 degrees,64,s26,Synthetic,1,15,1,15,TEMPERATURE,1,0.955145,1
audio/train_007185_group_synthetic_TEMPERATURE_22_s38_v3_clean.wav,TEMPERATURE,22 degrees,Set the temperature to 22 degrees,64,s38,Synthetic,1,15,1,15,TEMPERATURE,1,0.95585746,1
audio/train_007190_group_synthetic_TEMPERATURE_22_s88_v3_noisy.wav,TEMPERATURE,22 degrees,Set the temperature to 22 degrees,64,s88,Synthetic,1,15,1,15,TEMPERATURE,1,0.93498003,1
audio/train_007198_group_synthetic_TEMPERATURE_22_s80_v3_noisy.wav,TEMPERATURE,22 degrees,Set the temperature to 22 degrees,64,s80,Synthetic,1,15,1,15,TEMPERATURE,1,0.94422317,1
audio/train_007202_group_synthetic_TEMPERATURE_22_s18_v3_clean.wav,TEMPERATURE,22 degrees,Set the temperature to 22 degrees,64,s18,Synthetic,1,15,1,15,TEMPERATURE,1,0.9643753,1
audio/train_007205_group_synthetic_TEMPERATURE_22_s30_v3_clean.wav,TEMPERATURE,22 degrees,Set the temperature to 22 degrees,64,s30,Synthetic,1,15,1,15,TEMPERATURE,1,0.96493006,1
audio/train_007209_group_synthetic_TEMPERATURE_22_s74_v3_noisy.wav,TEMPERATURE,22 degrees,Set the temperature to 22 degrees,64,s74,Synthetic,1,15,1,15,TEMPERATURE,1,0.95566297,1
audio/train_007211_group_synthetic_TEMPERATURE_22_s67_v3_noisy.wav,TEMPERATURE,22 degrees,Set the temperature to 22 degrees,64,s67,Synthetic,1,15,1,15,TEMPERATURE,1,0.9603148,1
audio/train_007214_group_synthetic_TEMPERATURE_22_s72_v3_clean.wav,TEMPERATURE,22 degrees,Set the temperature to 22 degrees,64,s72,Synthetic,1,15,1,15,TEMPERATURE,1,0.9680867,1
audio/train_007237_group_synthetic_TEMPERATURE_26_s72_v3_clean.wav,TEMPERATURE,26 degrees,Set the temperature to 26 degrees,65,s72,Synthetic,1,15,2,15,TEMPERATURE,2,0.95864034,1
audio/train_007243_group_synthetic_TEMPERATURE_26_s80_v3_clean.wav,TEMPERATURE,26 degrees,Set the temperature to 26 degrees,65,s80,Synthetic,1,15,2,15,TEMPERATURE,2,0.90059304,1
audio/train_007250_group_synthetic_TEMPERATURE_26_s30_v3_clean.wav,TEMPERATURE,26 degrees,Set the temperature to 26 degrees,65,s30,Synthetic,1,15,2,15,TEMPERATURE,2,0.9246868,1
audio/train_007255_group_synthetic_TEMPERATURE_26_s88_v3_noisy.wav,TEMPERATURE,26 degrees,Set the temperature to 26 degrees,65,s88,Synthetic,1,15,2,15,TEMPERATURE,2,0.943063,1
audio/train_007272_group_synthetic_TEMPERATURE_26_s18_v3_clean.wav,TEMPERATURE,26 degrees,Set the temperature to 26 degrees,65,s18,Synthetic,1,15,2,15,TEMPERATURE,2,0.9360404,1
audio/train_007283_group_synthetic_TEMPERATURE_26_s26_v3_noisy.wav,TEMPERATURE,26 degrees,Set the temperature to 26 degrees,65,s26,Synthetic,1,15,2,15,TEMPERATURE,2,0.94682777,1
audio/train_007291_group_synthetic_TEMPERATURE_26_s38_v3_clean.wav,TEMPERATURE,26 degrees,Set the temperature to 26 degrees,65,s38,Synthetic,1,15,2,15,TEMPERATURE,2,0.91653335,1
audio/train_007292_group_synthetic_TEMPERATURE_26_s82_v3_clean.wav,TEMPERATURE,26 degrees,Set the temperature to 26 degrees,65,s82,Synthetic,1,15,2,15,TEMPERATURE,2,0.9329776,1
audio/train_007294_group_synthetic_TEMPERATURE_26_s67_v3_clean.wav,TEMPERATURE,26 degrees,Set the temperature to 26 degrees,65,s67,Synthetic,1,15,2,15,TEMPERATURE,2,0.9296382,1
audio/train_007300_group_synthetic_TEMPERATURE_26_s74_v3_clean.wav,TEMPERATURE,26 degrees,Set the temperature to 26 degrees,65,s74,Synthetic,1,15,2,15,TEMPERATURE,2,0.8764883,1
audio/train_007313_group_synthetic_TEMPERATURE_26_s26_v3_clean.wav,TEMPERATURE,26 degrees,Set the temperature to 26 degrees,65,s26,Synthetic,1,15,2,15,TEMPERATURE,2,0.93982613,1
audio/train_007316_group_synthetic_TEMPERATURE_26_s18_v3_noisy.wav,TEMPERATURE,26 degrees,Set the temperature to 26 degrees,65,s18,Synthetic,1,15,2,15,TEMPERATURE,2,0.9363013,1
audio/train_007325_group_synthetic_TEMPERATURE_26_s30_v3_noisy.wav,TEMPERATURE,26 degrees,Set the temperature to 26 degrees,65,s30,Synthetic,1,15,2,15,TEMPERATURE,2,0.92885596,1
audio/train_007348_group_synthetic_BRIGHTNESS_20_s74_v1_noisy.wav,BRIGHTNESS,20 percent,Brightness 20 percent,66,s74,Synthetic,1,16,0,16,BRIGHTNESS,0,0.93102086,1
audio/train_007357_group_synthetic_BRIGHTNESS_20_s80_v1_noisy.wav,BRIGHTNESS,20 percent,Brightness 20 percent,66,s80,Synthetic,1,16,0,16,BRIGHTNESS,0,0.7868467,1
audio/train_007362_group_synthetic_BRIGHTNESS_20_s67_v1_noisy.wav,BRIGHTNESS,20 percent,Brightness 20 percent,66,s67,Synthetic,1,16,0,16,BRIGHTNESS,0,0.9165186,1
audio/train_007363_group_synthetic_BRIGHTNESS_20_s26_v1_clean.wav,BRIGHTNESS,20 percent,Brightness 20 percent,66,s26,Synthetic,1,16,0,16,BRIGHTNESS,0,0.9270606,1
audio/train_007371_group_synthetic_BRIGHTNESS_20_s30_v1_clean.wav,BRIGHTNESS,20 percent,Brightness 20 percent,66,s30,Synthetic,1,16,0,16,BRIGHTNESS,0,0.94032526,1
audio/train_007376_group_synthetic_BRIGHTNESS_20_s72_v1_clean.wav,BRIGHTNESS,20 percent,Brightness 20 percent,66,s72,Synthetic,1,16,0,16,BRIGHTNESS,0,0.8653943,1
audio/train_007377_group_synthetic_BRIGHTNESS_20_s88_v1_clean.wav,BRIGHTNESS,20 percent,Brightness 20 percent,66,s88,Synthetic,1,16,0,16,BRIGHTNESS,0,0.9003794,1
audio/train_007393_group_synthetic_BRIGHTNESS_20_s18_v1_clean.wav,BRIGHTNESS,20 percent,Brightness 20 percent,66,s18,Synthetic,1,16,0,16,BRIGHTNESS,0,0.92472667,1
audio/train_007394_group_synthetic_BRIGHTNESS_20_s82_v1_noisy.wav,BRIGHTNESS,20 percent,Brightness 20 percent,66,s82,Synthetic,1,16,0,16,BRIGHTNESS,0,0.94533014,1
audio/train_007395_group_synthetic_BRIGHTNESS_20_s38_v1_clean.wav,BRIGHTNESS,20 percent,Brightness 20 percent,66,s38,Synthetic,1,16,0,16,BRIGHTNESS,0,0.94005203,1
audio/train_007417_group_synthetic_BRIGHTNESS_20_s26_v1_noisy.wav,BRIGHTNESS,20 percent,Brightness 20 percent,66,s26,Synthetic,1,16,0,16,BRIGHTNESS,0,0.93439025,1
audio/train_007419_group_synthetic_BRIGHTNESS_20_s72_v1_noisy.wav,BRIGHTNESS,20 percent,Brightness 20 percent,66,s72,Synthetic,1,16,0,16,BRIGHTNESS,0,0.8721556,1
audio/train_007420_group_synthetic_BRIGHTNESS_20_s30_v1_noisy.wav,BRIGHTNESS,20 percent,Brightness 20 percent,66,s30,Synthetic,1,16,0,16,BRIGHTNESS,0,0.94208884,1
audio/train_007422_group_synthetic_BRIGHTNESS_20_s74_v1_clean.wav,BRIGHTNESS,20 percent,Brightness 20 percent,66,s74,Synthetic,1,16,0,16,BRIGHTNESS,0,0.9277676,1
audio/train_007425_group_synthetic_BRIGHTNESS_20_s67_v1_clean.wav,BRIGHTNESS,20 percent,Brightness 20 percent,66,s67,Synthetic,1,16,0,16,BRIGHTNESS,0,0.91977084,1
audio/train_007442_group_synthetic_BRIGHTNESS_60_s74_v1_clean.wav,BRIGHTNESS,60 percent,Brightness 60 percent,67,s74,Synthetic,1,16,1,16,BRIGHTNESS,1,0.86397564,1
audio/train_007444_group_synthetic_BRIGHTNESS_60_s18_v1_clean.wav,BRIGHTNESS,60 percent,Brightness 60 percent,67,s18,Synthetic,1,16,1,16,BRIGHTNESS,1,0.8979874,1
audio/train_007449_group_synthetic_BRIGHTNESS_60_s80_v1_noisy.wav,BRIGHTNESS,60 percent,Brightness 60 percent,67,s80,Synthetic,1,16,1,16,BRIGHTNESS,1,0.5692973,1
audio/train_007452_group_synthetic_BRIGHTNESS_60_s26_v1_clean.wav,BRIGHTNESS,60 percent,Brightness 60 percent,67,s26,Synthetic,1,16,1,16,BRIGHTNESS,1,0.8818062,1
audio/train_007455_group_synthetic_BRIGHTNESS_60_s82_v1_noisy.wav,BRIGHTNESS,60 percent,Brightness 60 percent,67,s82,Synthetic,1,16,1,16,BRIGHTNESS,1,0.8914223,1
audio/train_007463_group_synthetic_BRIGHTNESS_60_s30_v1_clean.wav,BRIGHTNESS,60 percent,Brightness 60 percent,67,s30,Synthetic,1,16,1,16,BRIGHTNESS,1,0.8635688,1
audio/train_007467_group_synthetic_BRIGHTNESS_60_s67_v1_noisy.wav,BRIGHTNESS,60 percent,Brightness 60 percent,67,s67,Synthetic,1,16,1,16,BRIGHTNESS,1,0.88804436,1
audio/train_007483_group_synthetic_BRIGHTNESS_60_s72_v1_noisy.wav,BRIGHTNESS,60 percent,Brightness 60 percent,67,s72,Synthetic,1,16,1,16,BRIGHTNESS,1,0.8950213,1
audio/train_007492_group_synthetic_BRIGHTNESS_60_s88_v1_clean.wav,BRIGHTNESS,60 percent,Brightness 60 percent,67,s88,Synthetic,1,16,1,16,BRIGHTNESS,1,0.9317986,1
audio/train_007498_group_synthetic_BRIGHTNESS_60_s38_v1_noisy.wav,BRIGHTNESS,60 percent,Brightness 60 percent,67,s38,Synthetic,1,16,1,16,BRIGHTNESS,1,0.8879478,1
audio/train_007515_group_synthetic_BRIGHTNESS_60_s67_v1_clean.wav,BRIGHTNESS,60 percent,Brightness 60 percent,67,s67,Synthetic,1,16,1,16,BRIGHTNESS,1,0.8832383,1
audio/train_007518_group_synthetic_BRIGHTNESS_60_s80_v1_clean.wav,BRIGHTNESS,60 percent,Brightness 60 percent,67,s80,Synthetic,1,16,1,16,BRIGHTNESS,1,0.6255907,1
audio/train_007526_group_synthetic_BRIGHTNESS_60_s72_v1_clean.wav,BRIGHTNESS,60 percent,Brightness 60 percent,67,s72,Synthetic,1,16,1,16,BRIGHTNESS,1,0.8885847,1
audio/train_007527_group_synthetic_BRIGHTNESS_60_s74_v1_noisy.wav,BRIGHTNESS,60 percent,Brightness 60 percent,67,s74,Synthetic,1,16,1,16,BRIGHTNESS,1,0.8683619,1
audio/train_007528_group_synthetic_BRIGHTNESS_60_s18_v1_noisy.wav,BRIGHTNESS,60 percent,Brightness 60 percent,67,s18,Synthetic,1,16,1,16,BRIGHTNESS,1,0.89619374,1
audio/train_007543_group_synthetic_BRIGHTNESS_60_s82_v1_clean.wav,BRIGHTNESS,60 percent,Brightness 60 percent,67,s82,Synthetic,1,16,1,16,BRIGHTNESS,1,0.8796381,1
audio/train_007545_group_synthetic_BRIGHTNESS_60_s88_v1_noisy.wav,BRIGHTNESS,60 percent,Brightness 60 percent,67,s88,Synthetic,1,16,1,16,BRIGHTNESS,1,0.93610454,1
audio/train_007546_group_synthetic_BRIGHTNESS_60_s30_v1_noisy.wav,BRIGHTNESS,60 percent,Brightness 60 percent,67,s30,Synthetic,1,16,1,16,BRIGHTNESS,1,0.88877463,1
audio/train_007555_group_synthetic_BRIGHTNESS_100_s72_v1_clean.wav,BRIGHTNESS,100 percent,Brightness 100 percent,68,s72,Synthetic,1,16,2,16,BRIGHTNESS,2,0.8684736,1
audio/train_007565_group_synthetic_BRIGHTNESS_100_s80_v1_clean.wav,BRIGHTNESS,100 percent,Brightness 100 percent,68,s80,Synthetic,1,16,2,16,BRIGHTNESS,2,0.80320084,1
audio/train_007573_group_synthetic_BRIGHTNESS_100_s74_v1_clean.wav,BRIGHTNESS,100 percent,Brightness 100 percent,68,s74,Synthetic,1,16,2,16,BRIGHTNESS,0,0.90428084,0
audio/train_007576_group_synthetic_BRIGHTNESS_100_s88_v1_clean.wav,BRIGHTNESS,100 percent,Brightness 100 percent,68,s88,Synthetic,1,16,2,16,BRIGHTNESS,2,0.94835246,1
audio/train_007583_group_synthetic_BRIGHTNESS_100_s38_v1_clean.wav,BRIGHTNESS,100 percent,Brightness 100 percent,68,s38,Synthetic,1,16,2,16,BRIGHTNESS,2,0.87582904,1
audio/train_007586_group_synthetic_BRIGHTNESS_100_s82_v1_clean.wav,BRIGHTNESS,100 percent,Brightness 100 percent,68,s82,Synthetic,1,16,2,16,BRIGHTNESS,2,0.9136953,1
audio/train_007590_group_synthetic_BRIGHTNESS_100_s26_v1_noisy.wav,BRIGHTNESS,100 percent,Brightness 100 percent,68,s26,Synthetic,1,16,2,16,BRIGHTNESS,2,0.9355376,1
audio/train_007598_group_synthetic_BRIGHTNESS_100_s67_v1_clean.wav,BRIGHTNESS,100 percent,Brightness 100 percent,68,s67,Synthetic,1,16,2,16,BRIGHTNESS,2,0.92652756,1
audio/train_007601_group_synthetic_BRIGHTNESS_100_s18_v1_noisy.wav,BRIGHTNESS,100 percent,Brightness 100 percent,68,s18,Synthetic,1,16,2,16,BRIGHTNESS,2,0.92204434,1
audio/train_007604_group_synthetic_BRIGHTNESS_100_s30_v1_clean.wav,BRIGHTNESS,100 percent,Brightness 100 percent,68,s30,Synthetic,1,16,2,16,BRIGHTNESS,2,0.90961146,1
audio/train_007626_group_synthetic_BRIGHTNESS_100_s74_v1_noisy.wav,BRIGHTNESS,100 percent,Brightness 100 percent,68,s74,Synthetic,1,16,2,16,BRIGHTNESS,2,0.90007424,1
audio/train_007627_group_synthetic_BRIGHTNESS_100_s80_v1_noisy.wav,BRIGHTNESS,100 percent,Brightness 100 percent,68,s80,Synthetic,1,16,2,16,BRIGHTNESS,2,0.7667122,1
audio/train_007634_group_synthetic_BRIGHTNESS_100_s67_v1_noisy.wav,BRIGHTNESS,100 percent,Brightness 100 percent,68,s67,Synthetic,1,16,2,16,BRIGHTNESS,2,0.9267769,1
audio/train_007639_group_synthetic_BRIGHTNESS_100_s82_v1_noisy.wav,BRIGHTNESS,100 percent,Brightness 100 percent,68,s82,Synthetic,1,16,2,16,BRIGHTNESS,2,0.9136633,1
audio/train_007643_group_synthetic_BRIGHTNESS_100_s30_v1_noisy.wav,BRIGHTNESS,100 percent,Brightness 100 percent,68,s30,Synthetic,1,16,2,16,BRIGHTNESS,2,0.9284649,1
audio/train_007646_group_synthetic_BRIGHTNESS_100_s26_v1_clean.wav,BRIGHTNESS,100 percent,Brightness 100 percent,68,s26,Synthetic,1,16,2,16,BRIGHTNESS,2,0.928087,1
audio/train_007652_group_synthetic_BRIGHTNESS_100_s18_v1_clean.wav,BRIGHTNESS,100 percent,Brightness 100 percent,68,s18,Synthetic,1,16,2,16,BRIGHTNESS,2,0.9221468,1
audio/train_007674_SLURP_slurp_train_20_3577_train-00001-.wav,BRIGHTNESS,20 percent,Adjust brightness to 20 percent,69,FO-462,Other / non-native,0,16,0,16,BRIGHTNESS,0,0.8883746,1
audio/train_007675_SNIPS_snips_smart-lights_3055_far.wav,BRIGHTNESS,20 percent,Adjust brightness to 20 percent,69,9294d77a-9d94-4903-a978-af94ab79c0d9,Other Asian English,0,16,0,17,COLOR,0,0.49938393,0
audio/train_007684_SLURP_slurp_train_313_7911_train-00002-.wav,BRIGHTNESS,20 percent,Adjust brightness to 20 percent,69,FO-462,Other / non-native,0,16,0,19,OUT_OF_SCOPE,-1,0.55840194,0
audio/train_007685_SNIPS_snips_smart-lights_1384_close.wav,BRIGHTNESS,20 percent,Adjust brightness to 20 percent,69,9294d77a-9d94-4903-a978-af94ab79c0d9,Other Asian English,0,16,0,19,OUT_OF_SCOPE,-1,0.6775724,0
audio/train_007687_SLURP_slurp_train_313_7908_train-00002-.wav,BRIGHTNESS,20 percent,Adjust brightness to 20 percent,69,FO-462,Other / non-native,0,16,0,16,BRIGHTNESS,2,0.8884372,0
audio/train_007688_SNIPS_snips_smart-lights_3244_far.wav,BRIGHTNESS,20 percent,Adjust brightness to 20 percent,69,9294d77a-9d94-4903-a978-af94ab79c0d9,Other Asian English,0,16,0,19,OUT_OF_SCOPE,-1,0.26388964,0
audio/train_007692_SNIPS_snips_smart-lights_1573_close.wav,BRIGHTNESS,20 percent,Adjust brightness to 20 percent,69,9294d77a-9d94-4903-a978-af94ab79c0d9,Other Asian English,0,16,0,19,OUT_OF_SCOPE,-1,0.21363576,0
audio/train_007705_SLURP_slurp_train_20_3576_train-00001-.wav,BRIGHTNESS,20 percent,Adjust brightness to 20 percent,69,FO-462,Other / non-native,0,16,0,16,BRIGHTNESS,0,0.8503301,1
audio/train_007707_SLURP_slurp_train_313_7910_train-00002-.wav,BRIGHTNESS,20 percent,Adjust brightness to 20 percent,69,FO-462,Other / non-native,0,16,0,16,BRIGHTNESS,0,0.61178607,1
audio/train_007708_SLURP_slurp_train_313_7909_train-00002-.wav,BRIGHTNESS,20 percent,Adjust brightness to 20 percent,69,FO-462,Other / non-native,0,16,0,19,OUT_OF_SCOPE,-1,0.28051373,0
audio/train_007709_SNIPS_snips_smart-lights_2223_far.wav,BRIGHTNESS,20 percent,Adjust brightness to 20 percent,69,143921a6-6caa-417f-bd7e-2732023270c1,Native English,0,16,0,19,OUT_OF_SCOPE,-1,0.7532097,0
audio/train_007714_SLURP_slurp_train_20_3573_train-00001-.wav,BRIGHTNESS,20 percent,Adjust brightness to 20 percent,69,FE-249,Native English,0,16,0,16,BRIGHTNESS,0,0.8878937,1
audio/train_007729_group_synthetic_BRIGHTNESS_20_s18_v2_noisy.wav,BRIGHTNESS,20 percent,Adjust brightness to 20 percent,69,s18,Synthetic,1,16,0,16,BRIGHTNESS,0,0.93716806,1
audio/train_007731_group_synthetic_BRIGHTNESS_20_s82_v2_noisy.wav,BRIGHTNESS,20 percent,Adjust brightness to 20 percent,69,s82,Synthetic,1,16,0,16,BRIGHTNESS,0,0.9475808,1
audio/train_007734_group_synthetic_BRIGHTNESS_20_s26_v2_noisy.wav,BRIGHTNESS,20 percent,Adjust brightness to 20 percent,69,s26,Synthetic,1,16,0,16,BRIGHTNESS,0,0.9055464,1
audio/train_007737_group_synthetic_BRIGHTNESS_20_s88_v2_clean.wav,BRIGHTNESS,20 percent,Adjust brightness to 20 percent,69,s88,Synthetic,1,16,0,16,BRIGHTNESS,0,0.94441825,1
audio/train_007738_group_synthetic_BRIGHTNESS_20_s67_v2_clean.wav,BRIGHTNESS,20 percent,Adjust brightness to 20 percent,69,s67,Synthetic,1,16,0,16,BRIGHTNESS,0,0.9309341,1
audio/train_007749_group_synthetic_BRIGHTNESS_20_s72_v2_noisy.wav,BRIGHTNESS,20 percent,Adjust brightness to 20 percent,69,s72,Synthetic,1,16,0,16,BRIGHTNESS,0,0.9456851,1
audio/train_007762_group_synthetic_BRIGHTNESS_20_s38_v2_clean.wav,BRIGHTNESS,20 percent,Adjust brightness to 20 percent,69,s38,Synthetic,1,16,0,16,BRIGHTNESS,0,0.9476393,1
audio/train_007765_group_synthetic_BRIGHTNESS_20_s30_v2_noisy.wav,BRIGHTNESS,20 percent,Adjust brightness to 20 percent,69,s30,Synthetic,1,16,0,16,BRIGHTNESS,0,0.9260788,1
audio/train_007766_group_synthetic_BRIGHTNESS_20_s80_v2_clean.wav,BRIGHTNESS,20 percent,Adjust brightness to 20 percent,69,s80,Synthetic,1,16,0,16,BRIGHTNESS,0,0.89584583,1
audio/train_007771_group_synthetic_BRIGHTNESS_60_s72_v2_clean.wav,BRIGHTNESS,60 percent,Adjust brightness to 60 percent,70,s72,Synthetic,1,16,1,16,BRIGHTNESS,1,0.90262717,1
audio/train_007782_group_synthetic_BRIGHTNESS_60_s26_v2_clean.wav,BRIGHTNESS,60 percent,Adjust brightness to 60 percent,70,s26,Synthetic,1,16,1,16,BRIGHTNESS,1,0.91504556,1
audio/train_007784_group_synthetic_BRIGHTNESS_60_s67_v2_noisy.wav,BRIGHTNESS,60 percent,Adjust brightness to 60 percent,70,s67,Synthetic,1,16,1,16,BRIGHTNESS,1,0.91130054,1
audio/train_007792_group_synthetic_BRIGHTNESS_60_s74_v2_clean.wav,BRIGHTNESS,60 percent,Adjust brightness to 60 percent,70,s74,Synthetic,1,16,1,16,BRIGHTNESS,1,0.9076024,1
audio/train_007793_group_synthetic_BRIGHTNESS_60_s18_v2_clean.wav,BRIGHTNESS,60 percent,Adjust brightness to 60 percent,70,s18,Synthetic,1,16,1,16,BRIGHTNESS,1,0.90717673,1
audio/train_007805_group_synthetic_BRIGHTNESS_60_s82_v2_clean.wav,BRIGHTNESS,60 percent,Adjust brightness to 60 percent,70,s82,Synthetic,1,16,1,16,BRIGHTNESS,1,0.7531893,1
audio/train_007808_group_synthetic_BRIGHTNESS_60_s80_v2_noisy.wav,BRIGHTNESS,60 percent,Adjust brightness to 60 percent,70,s80,Synthetic,1,16,1,16,BRIGHTNESS,1,0.88930494,1
audio/train_007812_group_synthetic_BRIGHTNESS_60_s30_v2_noisy.wav,BRIGHTNESS,60 percent,Adjust brightness to 60 percent,70,s30,Synthetic,1,16,1,16,BRIGHTNESS,1,0.90833575,1
audio/train_007813_group_synthetic_BRIGHTNESS_60_s38_v2_noisy.wav,BRIGHTNESS,60 percent,Adjust brightness to 60 percent,70,s38,Synthetic,1,16,1,16,BRIGHTNESS,1,0.9024014,1
audio/train_007825_group_synthetic_BRIGHTNESS_60_s88_v2_clean.wav,BRIGHTNESS,60 percent,Adjust brightness to 60 percent,70,s88,Synthetic,1,16,1,16,BRIGHTNESS,1,0.9347789,1
audio/train_007841_group_synthetic_BRIGHTNESS_60_s72_v2_noisy.wav,BRIGHTNESS,60 percent,Adjust brightness to 60 percent,70,s72,Synthetic,1,16,1,16,BRIGHTNESS,1,0.875751,1
audio/train_007843_group_synthetic_BRIGHTNESS_60_s18_v2_noisy.wav,BRIGHTNESS,60 percent,Adjust brightness to 60 percent,70,s18,Synthetic,1,16,1,16,BRIGHTNESS,1,0.9099524,1
audio/train_007851_group_synthetic_BRIGHTNESS_60_s80_v2_clean.wav,BRIGHTNESS,60 percent,Adjust brightness to 60 percent,70,s80,Synthetic,1,16,1,16,BRIGHTNESS,1,0.79422903,1
audio/train_007855_group_synthetic_BRIGHTNESS_60_s26_v2_noisy.wav,BRIGHTNESS,60 percent,Adjust brightness to 60 percent,70,s26,Synthetic,1,16,1,16,BRIGHTNESS,1,0.91616094,1
audio/train_007862_group_synthetic_BRIGHTNESS_60_s30_v2_clean.wav,BRIGHTNESS,60 percent,Adjust brightness to 60 percent,70,s30,Synthetic,1,16,1,16,BRIGHTNESS,1,0.9010791,1
audio/train_007864_group_synthetic_BRIGHTNESS_60_s67_v2_clean.wav,BRIGHTNESS,60 percent,Adjust brightness to 60 percent,70,s67,Synthetic,1,16,1,16,BRIGHTNESS,1,0.9026603,1
audio/train_007878_group_synthetic_BRIGHTNESS_60_s82_v2_noisy.wav,BRIGHTNESS,60 percent,Adjust brightness to 60 percent,70,s82,Synthetic,1,16,1,16,BRIGHTNESS,1,0.79512316,1
audio/train_007880_group_synthetic_BRIGHTNESS_60_s74_v2_noisy.wav,BRIGHTNESS,60 percent,Adjust brightness to 60 percent,70,s74,Synthetic,1,16,1,16,BRIGHTNESS,1,0.9201235,1
audio/train_007901_group_synthetic_BRIGHTNESS_100_s88_v2_clean.wav,BRIGHTNESS,100 percent,Adjust brightness to 100 percent,71,s88,Synthetic,1,16,2,16,BRIGHTNESS,2,0.9103889,1
audio/train_007905_group_synthetic_BRIGHTNESS_100_s30_v2_clean.wav,BRIGHTNESS,100 percent,Adjust brightness to 100 percent,71,s30,Synthetic,1,16,2,16,BRIGHTNESS,2,0.9292326,1
audio/train_007908_group_synthetic_BRIGHTNESS_100_s72_v2_noisy.wav,BRIGHTNESS,100 percent,Adjust brightness to 100 percent,71,s72,Synthetic,1,16,2,16,BRIGHTNESS,2,0.80118877,1
audio/train_007920_group_synthetic_BRIGHTNESS_100_s67_v2_noisy.wav,BRIGHTNESS,100 percent,Adjust brightness to 100 percent,71,s67,Synthetic,1,16,2,16,BRIGHTNESS,2,0.94229436,1
audio/train_007924_group_synthetic_BRIGHTNESS_100_s26_v2_noisy.wav,BRIGHTNESS,100 percent,Adjust brightness to 100 percent,71,s26,Synthetic,1,16,2,16,BRIGHTNESS,2,0.9235715,1
audio/train_007927_group_synthetic_BRIGHTNESS_100_s18_v2_noisy.wav,BRIGHTNESS,100 percent,Adjust brightness to 100 percent,71,s18,Synthetic,1,16,2,16,BRIGHTNESS,2,0.9399298,1
audio/train_007931_group_synthetic_BRIGHTNESS_100_s38_v2_clean.wav,BRIGHTNESS,100 percent,Adjust brightness to 100 percent,71,s38,Synthetic,1,16,2,16,BRIGHTNESS,2,0.93339306,1
audio/train_007933_group_synthetic_BRIGHTNESS_100_s82_v2_clean.wav,BRIGHTNESS,100 percent,Adjust brightness to 100 percent,71,s82,Synthetic,1,16,2,16,BRIGHTNESS,0,0.91832584,0
audio/train_007943_group_synthetic_BRIGHTNESS_100_s80_v2_clean.wav,BRIGHTNESS,100 percent,Adjust brightness to 100 percent,71,s80,Synthetic,1,16,2,16,BRIGHTNESS,2,0.5710778,1
audio/train_007945_group_synthetic_BRIGHTNESS_100_s74_v2_clean.wav,BRIGHTNESS,100 percent,Adjust brightness to 100 percent,71,s74,Synthetic,1,16,2,16,BRIGHTNESS,2,0.9210524,1
audio/train_007953_group_synthetic_BRIGHTNESS_100_s88_v2_noisy.wav,BRIGHTNESS,100 percent,Adjust brightness to 100 percent,71,s88,Synthetic,1,16,2,16,BRIGHTNESS,2,0.91627955,1
audio/train_007969_group_synthetic_BRIGHTNESS_100_s18_v2_clean.wav,BRIGHTNESS,100 percent,Adjust brightness to 100 percent,71,s18,Synthetic,1,16,2,16,BRIGHTNESS,2,0.9375122,1
audio/train_007975_group_synthetic_BRIGHTNESS_100_s26_v2_clean.wav,BRIGHTNESS,100 percent,Adjust brightness to 100 percent,71,s26,Synthetic,1,16,2,16,BRIGHTNESS,2,0.91383594,1
audio/train_007983_group_synthetic_BRIGHTNESS_100_s67_v2_clean.wav,BRIGHTNESS,100 percent,Adjust brightness to 100 percent,71,s67,Synthetic,1,16,2,16,BRIGHTNESS,2,0.9402693,1
audio/train_007986_group_synthetic_BRIGHTNESS_100_s38_v2_noisy.wav,BRIGHTNESS,100 percent,Adjust brightness to 100 percent,71,s38,Synthetic,1,16,2,16,BRIGHTNESS,2,0.9388228,1
audio/train_007990_group_synthetic_BRIGHTNESS_100_s72_v2_clean.wav,BRIGHTNESS,100 percent,Adjust brightness to 100 percent,71,s72,Synthetic,1,16,2,16,BRIGHTNESS,2,0.8004681,1
audio/train_007992_SNIPS_snips_smart-lights_2687_far.wav,BRIGHTNESS,20 percent,Brightness level 20 percent,72,9294d77a-9d94-4903-a978-af94ab79c0d9,Other Asian English,0,16,0,19,OUT_OF_SCOPE,-1,0.369516,0
audio/train_007993_SNIPS_snips_smart-lights_1016_close.wav,BRIGHTNESS,20 percent,Brightness level 20 percent,72,9294d77a-9d94-4903-a978-af94ab79c0d9,Other Asian English,0,16,0,19,OUT_OF_SCOPE,-1,0.43977085,0
audio/train_007994_group_synthetic_BRIGHTNESS_20_s88_v3_noisy.wav,BRIGHTNESS,20 percent,Brightness level 20 percent,72,s88,Synthetic,1,16,0,16,BRIGHTNESS,0,0.92728615,1
audio/train_007997_group_synthetic_BRIGHTNESS_20_s74_v3_clean.wav,BRIGHTNESS,20 percent,Brightness level 20 percent,72,s74,Synthetic,1,16,0,16,BRIGHTNESS,0,0.88368016,1
audio/train_007999_group_synthetic_BRIGHTNESS_20_s67_v3_noisy.wav,BRIGHTNESS,20 percent,Brightness level 20 percent,72,s67,Synthetic,1,16,0,16,BRIGHTNESS,0,0.9244961,1
audio/train_008004_group_synthetic_BRIGHTNESS_20_s18_v3_noisy.wav,BRIGHTNESS,20 percent,Brightness level 20 percent,72,s18,Synthetic,1,16,0,16,BRIGHTNESS,0,0.924313,1
audio/train_008032_group_synthetic_BRIGHTNESS_20_s80_v3_clean.wav,BRIGHTNESS,20 percent,Brightness level 20 percent,72,s80,Synthetic,1,16,0,16,BRIGHTNESS,0,0.86843735,1
audio/train_008042_group_synthetic_BRIGHTNESS_20_s82_v3_noisy.wav,BRIGHTNESS,20 percent,Brightness level 20 percent,72,s82,Synthetic,1,16,0,16,BRIGHTNESS,0,0.93169695,1
audio/train_008043_group_synthetic_BRIGHTNESS_20_s38_v3_clean.wav,BRIGHTNESS,20 percent,Brightness level 20 percent,72,s38,Synthetic,1,16,0,16,BRIGHTNESS,0,0.94392323,1
audio/train_008048_group_synthetic_BRIGHTNESS_20_s26_v3_noisy.wav,BRIGHTNESS,20 percent,Brightness level 20 percent,72,s26,Synthetic,1,16,0,16,BRIGHTNESS,0,0.9250328,1
audio/train_008054_group_synthetic_BRIGHTNESS_20_s72_v3_clean.wav,BRIGHTNESS,20 percent,Brightness level 20 percent,72,s72,Synthetic,1,16,0,16,BRIGHTNESS,0,0.95222694,1
audio/train_008057_group_synthetic_BRIGHTNESS_20_s30_v3_clean.wav,BRIGHTNESS,20 percent,Brightness level 20 percent,72,s30,Synthetic,1,16,0,16,BRIGHTNESS,0,0.92446506,1
audio/train_008064_group_synthetic_BRIGHTNESS_20_s67_v3_clean.wav,BRIGHTNESS,20 percent,Brightness level 20 percent,72,s67,Synthetic,1,16,0,16,BRIGHTNESS,0,0.9318078,1
audio/train_008084_group_synthetic_BRIGHTNESS_20_s88_v3_clean.wav,BRIGHTNESS,20 percent,Brightness level 20 percent,72,s88,Synthetic,1,16,0,16,BRIGHTNESS,0,0.9107191,1
audio/train_008093_group_synthetic_BRIGHTNESS_20_s38_v3_noisy.wav,BRIGHTNESS,20 percent,Brightness level 20 percent,72,s38,Synthetic,1,16,0,16,BRIGHTNESS,0,0.9504209,1
audio/train_008094_group_synthetic_BRIGHTNESS_20_s80_v3_noisy.wav,BRIGHTNESS,20 percent,Brightness level 20 percent,72,s80,Synthetic,1,16,0,16,BRIGHTNESS,0,0.89943486,1
audio/train_008097_group_synthetic_BRIGHTNESS_20_s26_v3_clean.wav,BRIGHTNESS,20 percent,Brightness level 20 percent,72,s26,Synthetic,1,16,0,16,BRIGHTNESS,0,0.92007893,1
audio/train_008099_group_synthetic_BRIGHTNESS_20_s82_v3_clean.wav,BRIGHTNESS,20 percent,Brightness level 20 percent,72,s82,Synthetic,1,16,0,16,BRIGHTNESS,0,0.9322652,1
audio/train_008109_group_synthetic_BRIGHTNESS_60_s74_v3_clean.wav,BRIGHTNESS,60 percent,Brightness level 60 percent,73,s74,Synthetic,1,16,1,16,BRIGHTNESS,1,0.76649255,1
audio/train_008121_group_synthetic_BRIGHTNESS_60_s30_v3_noisy.wav,BRIGHTNESS,60 percent,Brightness level 60 percent,73,s30,Synthetic,1,16,1,16,BRIGHTNESS,1,0.89461565,1
audio/train_008123_group_synthetic_BRIGHTNESS_60_s38_v3_clean.wav,BRIGHTNESS,60 percent,Brightness level 60 percent,73,s38,Synthetic,1,16,1,16,BRIGHTNESS,1,0.91090226,1
audio/train_008125_group_synthetic_BRIGHTNESS_60_s26_v3_clean.wav,BRIGHTNESS,60 percent,Brightness level 60 percent,73,s26,Synthetic,1,16,1,16,BRIGHTNESS,1,0.8941118,1
audio/train_008128_group_synthetic_BRIGHTNESS_60_s80_v3_noisy.wav,BRIGHTNESS,60 percent,Brightness level 60 percent,73,s80,Synthetic,1,16,1,16,BRIGHTNESS,1,0.63864213,1
audio/train_008131_group_synthetic_BRIGHTNESS_60_s18_v3_noisy.wav,BRIGHTNESS,60 percent,Brightness level 60 percent,73,s18,Synthetic,1,16,1,16,BRIGHTNESS,1,0.8651122,1
audio/train_008132_group_synthetic_BRIGHTNESS_60_s88_v3_clean.wav,BRIGHTNESS,60 percent,Brightness level 60 percent,73,s88,Synthetic,1,16,1,16,BRIGHTNESS,1,0.9413371,1
audio/train_008155_group_synthetic_BRIGHTNESS_60_s72_v3_clean.wav,BRIGHTNESS,60 percent,Brightness level 60 percent,73,s72,Synthetic,1,16,1,16,BRIGHTNESS,1,0.86955893,1
audio/train_008168_group_synthetic_BRIGHTNESS_60_s67_v3_clean.wav,BRIGHTNESS,60 percent,Brightness level 60 percent,73,s67,Synthetic,1,16,1,16,BRIGHTNESS,1,0.8970455,1
audio/train_008169_group_synthetic_BRIGHTNESS_60_s82_v3_noisy.wav,BRIGHTNESS,60 percent,Brightness level 60 percent,73,s82,Synthetic,1,16,1,16,BRIGHTNESS,1,0.89875484,1
audio/train_008173_group_synthetic_BRIGHTNESS_60_s30_v3_clean.wav,BRIGHTNESS,60 percent,Brightness level 60 percent,73,s30,Synthetic,1,16,1,16,BRIGHTNESS,1,0.8831933,1
audio/train_008175_group_synthetic_BRIGHTNESS_60_s88_v3_noisy.wav,BRIGHTNESS,60 percent,Brightness level 60 percent,73,s88,Synthetic,1,16,1,16,BRIGHTNESS,1,0.9490085,1
audio/train_008176_group_synthetic_BRIGHTNESS_60_s38_v3_noisy.wav,BRIGHTNESS,60 percent,Brightness level 60 percent,73,s38,Synthetic,1,16,1,16,BRIGHTNESS,1,0.9164147,1
audio/train_008180_group_synthetic_BRIGHTNESS_60_s74_v3_noisy.wav,BRIGHTNESS,60 percent,Brightness level 60 percent,73,s74,Synthetic,1,16,1,16,BRIGHTNESS,1,0.8144457,1
audio/train_008188_group_synthetic_BRIGHTNESS_60_s26_v3_noisy.wav,BRIGHTNESS,60 percent,Brightness level 60 percent,73,s26,Synthetic,1,16,1,16,BRIGHTNESS,1,0.89458466,1
audio/train_008201_group_synthetic_BRIGHTNESS_60_s72_v3_noisy.wav,BRIGHTNESS,60 percent,Brightness level 60 percent,73,s72,Synthetic,1,16,1,16,BRIGHTNESS,1,0.90104467,1
audio/train_008216_group_synthetic_BRIGHTNESS_100_s26_v3_clean.wav,BRIGHTNESS,100 percent,Brightness level 100 percent,74,s26,Synthetic,1,16,2,16,BRIGHTNESS,2,0.9259072,1
audio/train_008236_group_synthetic_BRIGHTNESS_100_s18_v3_noisy.wav,BRIGHTNESS,100 percent,Brightness level 100 percent,74,s18,Synthetic,1,16,2,16,BRIGHTNESS,2,0.90628576,1
audio/train_008237_group_synthetic_BRIGHTNESS_100_s82_v3_noisy.wav,BRIGHTNESS,100 percent,Brightness level 100 percent,74,s82,Synthetic,1,16,2,16,BRIGHTNESS,2,0.92425054,1
audio/train_008238_group_synthetic_BRIGHTNESS_100_s88_v3_clean.wav,BRIGHTNESS,100 percent,Brightness level 100 percent,74,s88,Synthetic,1,16,2,16,BRIGHTNESS,2,0.91247064,1
audio/train_008254_group_synthetic_BRIGHTNESS_100_s74_v3_clean.wav,BRIGHTNESS,100 percent,Brightness level 100 percent,74,s74,Synthetic,1,16,2,16,BRIGHTNESS,2,0.80183995,1
audio/train_008255_group_synthetic_BRIGHTNESS_100_s80_v3_noisy.wav,BRIGHTNESS,100 percent,Brightness level 100 percent,74,s80,Synthetic,1,16,2,16,BRIGHTNESS,0,0.60923654,0
audio/train_008263_group_synthetic_BRIGHTNESS_100_s38_v3_clean.wav,BRIGHTNESS,100 percent,Brightness level 100 percent,74,s38,Synthetic,1,16,2,16,BRIGHTNESS,2,0.94633335,1
audio/train_008273_group_synthetic_BRIGHTNESS_100_s67_v3_clean.wav,BRIGHTNESS,100 percent,Brightness level 100 percent,74,s67,Synthetic,1,16,2,16,BRIGHTNESS,2,0.91530985,1
audio/train_008274_group_synthetic_BRIGHTNESS_100_s72_v3_clean.wav,BRIGHTNESS,100 percent,Brightness level 100 percent,74,s72,Synthetic,1,16,2,16,BRIGHTNESS,2,0.8528037,1
audio/train_008277_group_synthetic_BRIGHTNESS_100_s30_v3_noisy.wav,BRIGHTNESS,100 percent,Brightness level 100 percent,74,s30,Synthetic,1,16,2,16,BRIGHTNESS,2,0.9342507,1
audio/train_008283_group_synthetic_BRIGHTNESS_100_s26_v3_noisy.wav,BRIGHTNESS,100 percent,Brightness level 100 percent,74,s26,Synthetic,1,16,2,16,BRIGHTNESS,2,0.9250876,1
audio/train_008290_group_synthetic_BRIGHTNESS_100_s88_v3_noisy.wav,BRIGHTNESS,100 percent,Brightness level 100 percent,74,s88,Synthetic,1,16,2,16,BRIGHTNESS,2,0.91112316,1
audio/train_008301_group_synthetic_BRIGHTNESS_100_s38_v3_noisy.wav,BRIGHTNESS,100 percent,Brightness level 100 percent,74,s38,Synthetic,1,16,2,16,BRIGHTNESS,2,0.9467658,1
audio/train_008303_group_synthetic_BRIGHTNESS_100_s18_v3_clean.wav,BRIGHTNESS,100 percent,Brightness level 100 percent,74,s18,Synthetic,1,16,2,16,BRIGHTNESS,2,0.90345824,1
audio/train_008324_group_synthetic_BRIGHTNESS_100_s82_v3_clean.wav,BRIGHTNESS,100 percent,Brightness level 100 percent,74,s82,Synthetic,1,16,2,16,BRIGHTNESS,2,0.93106586,1
audio/train_008325_real_voice_COLOR_V2_1_t1.wav,COLOR,Red,Change color to Red,75,202521746,Filipino (group),0,17,0,17,COLOR,0,0.9623067,1
audio/train_008326_real_voice_COLOR_V2_1_t2.wav,COLOR,Red,Change color to Red,75,202521746,Filipino (group),0,17,0,17,COLOR,0,0.9695132,1
audio/train_008327_real_voice_COLOR_V2_1_t3.wav,COLOR,Red,Change color to Red,75,202521746,Filipino (group),0,17,0,17,COLOR,0,0.9748955,1
audio/train_008333_SNIPS_snips_smart-lights_1503_close.wav,COLOR,Red,Change color to Red,75,9294d77a-9d94-4903-a978-af94ab79c0d9,Other Asian English,0,17,0,19,OUT_OF_SCOPE,-1,0.30030861,0
audio/train_008337_SLURP_slurp_train_5738_5183_train-00005-.wav,COLOR,Red,Change color to Red,75,FO-462,Other / non-native,0,17,0,17,COLOR,0,0.51042634,1
audio/train_008341_SNIPS_snips_smart-lights_2458_far.wav,COLOR,Red,Change color to Red,75,9294d77a-9d94-4903-a978-af94ab79c0d9,Other Asian English,0,17,0,17,COLOR,1,0.69123673,0
audio/train_008349_SNIPS_snips_smart-lights_3174_far.wav,COLOR,Red,Change color to Red,75,9294d77a-9d94-4903-a978-af94ab79c0d9,Other Asian English,0,17,0,19,OUT_OF_SCOPE,-1,0.628582,0
audio/train_008354_SNIPS_snips_smart-lights_1838_far.wav,COLOR,Red,Change color to Red,75,9294d77a-9d94-4903-a978-af94ab79c0d9,Other Asian English,0,17,0,17,COLOR,0,0.9196214,1
audio/train_008361_SNIPS_snips_smart-lights_787_close.wav,COLOR,Red,Change color to Red,75,9294d77a-9d94-4903-a978-af94ab79c0d9,Other Asian English,0,17,0,19,OUT_OF_SCOPE,-1,0.5637306,0
audio/train_008366_SNIPS_snips_smart-lights_167_close.wav,COLOR,Red,Change color to Red,75,9294d77a-9d94-4903-a978-af94ab79c0d9,Other Asian English,0,17,0,17,COLOR,0,0.83461314,1
audio/train_008371_SNIPS_snips_smart-lights_2499_far.wav,COLOR,Red,Change color to Red,75,9294d77a-9d94-4903-a978-af94ab79c0d9,Other Asian English,0,17,0,17,COLOR,0,0.7850617,1
audio/train_008373_SNIPS_snips_smart-lights_828_close.wav,COLOR,Red,Change color to Red,75,9294d77a-9d94-4903-a978-af94ab79c0d9,Other Asian English,0,17,0,17,COLOR,0,0.67480385,1
audio/train_008386_group_synthetic_COLOR_RED_s67_v1_clean.wav,COLOR,Red,Change color to Red,75,s67,Synthetic,1,17,0,17,COLOR,0,0.96337795,1
audio/train_008388_group_synthetic_COLOR_RED_s18_v1_noisy.wav,COLOR,Red,Change color to Red,75,s18,Synthetic,1,17,0,17,COLOR,0,0.9594104,1
audio/train_008389_group_synthetic_COLOR_RED_s88_v1_clean.wav,COLOR,Red,Change color to Red,75,s88,Synthetic,1,17,0,17,COLOR,0,0.95134735,1
audio/train_008391_group_synthetic_COLOR_RED_s38_v1_clean.wav,COLOR,Red,Change color to Red,75,s38,Synthetic,1,17,0,17,COLOR,0,0.9252741,1
audio/train_008394_group_synthetic_COLOR_RED_s26_v1_clean.wav,COLOR,Red,Change color to Red,75,s26,Synthetic,1,17,0,17,COLOR,0,0.95253855,1
audio/train_008405_group_synthetic_COLOR_RED_s72_v1_clean.wav,COLOR,Red,Change color to Red,75,s72,Synthetic,1,17,0,17,COLOR,0,0.95098656,1
audio/train_008408_group_synthetic_COLOR_RED_s30_v1_clean.wav,COLOR,Red,Change color to Red,75,s30,Synthetic,1,17,0,17,COLOR,0,0.9603668,1
audio/train_008412_group_synthetic_COLOR_RED_s74_v1_clean.wav,COLOR,Red,Change color to Red,75,s74,Synthetic,1,17,0,17,COLOR,0,0.9511687,1
audio/train_008415_group_synthetic_COLOR_RED_s82_v1_clean.wav,COLOR,Red,Change color to Red,75,s82,Synthetic,1,17,0,17,COLOR,0,0.9402252,1
audio/train_008436_real_voice_COLOR_V2_2_t1.wav,COLOR,Blue,Change color to Blue,76,202521746,Filipino (group),0,17,1,17,COLOR,1,0.96559817,1
audio/train_008437_real_voice_COLOR_V2_2_t2.wav,COLOR,Blue,Change color to Blue,76,202521746,Filipino (group),0,17,1,17,COLOR,1,0.932649,1
audio/train_008438_real_voice_COLOR_V2_2_t3.wav,COLOR,Blue,Change color to Blue,76,202521746,Filipino (group),0,17,1,17,COLOR,1,0.9627694,1
audio/train_008443_SLURP_slurp_train_2820_3359_train-00003-.wav,COLOR,Blue,Change color to Blue,76,FO-171,Other / non-native,0,17,1,17,COLOR,1,0.72462255,1
audio/train_008456_SLURP_slurp_train_2820_3363_train-00003-.wav,COLOR,Blue,Change color to Blue,76,FO-462,Other / non-native,0,17,1,17,COLOR,1,0.83047724,1
audio/train_008473_SLURP_slurp_train_2820_3362_train-00003-.wav,COLOR,Blue,Change color to Blue,76,FO-462,Other / non-native,0,17,1,17,COLOR,1,0.70795,1
audio/train_008483_SLURP_slurp_train_413_2293_train-00002-.wav,COLOR,Blue,Change color to Blue,76,ME-369,Native English,0,17,1,17,COLOR,1,0.9081087,1
audio/train_008485_SLURP_slurp_train_496_1070_train-00000-.wav,COLOR,Blue,Change color to Blue,76,FE-250,Native English,0,17,1,17,COLOR,1,0.9466128,1
audio/train_008499_group_synthetic_COLOR_BLUE_s82_v1_noisy.wav,COLOR,Blue,Change color to Blue,76,s82,Synthetic,1,17,1,17,COLOR,1,0.9495654,1
audio/train_008504_group_synthetic_COLOR_BLUE_s88_v1_noisy.wav,COLOR,Blue,Change color to Blue,76,s88,Synthetic,1,17,1,17,COLOR,0,0.7152651,0
audio/train_008512_group_synthetic_COLOR_BLUE_s26_v1_clean.wav,COLOR,Blue,Change color to Blue,76,s26,Synthetic,1,17,1,17,COLOR,1,0.9551248,1
audio/train_008527_group_synthetic_COLOR_BLUE_s74_v1_noisy.wav,COLOR,Blue,Change color to Blue,76,s74,Synthetic,1,17,1,17,COLOR,1,0.9437909,1
audio/train_008528_group_synthetic_COLOR_BLUE_s30_v1_clean.wav,COLOR,Blue,Change color to Blue,76,s30,Synthetic,1,17,1,17,COLOR,1,0.96057683,1
audio/train_008532_group_synthetic_COLOR_BLUE_s38_v1_clean.wav,COLOR,Blue,Change color to Blue,76,s38,Synthetic,1,17,1,17,COLOR,1,0.9575319,1
audio/train_008535_group_synthetic_COLOR_BLUE_s18_v1_clean.wav,COLOR,Blue,Change color to Blue,76,s18,Synthetic,1,17,1,17,COLOR,1,0.96307844,1
audio/train_008543_group_synthetic_COLOR_BLUE_s80_v1_noisy.wav,COLOR,Blue,Change color to Blue,76,s80,Synthetic,1,17,1,17,COLOR,1,0.9564425,1
audio/train_008545_group_synthetic_COLOR_BLUE_s72_v1_clean.wav,COLOR,Blue,Change color to Blue,76,s72,Synthetic,1,17,1,17,COLOR,1,0.96162504,1
audio/train_008547_real_voice_COLOR_V2_3_t1.wav,COLOR,Green,Change color to Green,77,202521746,Filipino (group),0,17,2,17,COLOR,2,0.9490881,1
audio/train_008548_real_voice_COLOR_V2_3_t2.wav,COLOR,Green,Change color to Green,77,202521746,Filipino (group),0,17,2,17,COLOR,2,0.9664075,1
audio/train_008549_real_voice_COLOR_V2_3_t3.wav,COLOR,Green,Change color to Green,77,202521746,Filipino (group),0,17,2,17,COLOR,1,0.9708455,0
audio/train_008556_SLURP_slurp_devel_4827_6103.wav,COLOR,Green,Change color to Green,77,FO-462,Other / non-native,0,17,2,19,OUT_OF_SCOPE,-1,0.39966542,0
audio/train_008558_SNIPS_snips_smart-lights_1867_far.wav,COLOR,Green,Change color to Green,77,9294d77a-9d94-4903-a978-af94ab79c0d9,Other Asian English,0,17,2,17,COLOR,2,0.68494767,1
audio/train_008564_SNIPS_snips_smart-lights_196_close.wav,COLOR,Green,Change color to Green,77,9294d77a-9d94-4903-a978-af94ab79c0d9,Other Asian English,0,17,2,17,COLOR,2,0.6027036,1
audio/train_008568_SNIPS_snips_smart-lights_2364_far.wav,COLOR,Green,Change color to Green,77,9294d77a-9d94-4903-a978-af94ab79c0d9,Other Asian English,0,17,2,19,OUT_OF_SCOPE,-1,0.4218066,0
audio/train_008570_SNIPS_snips_smart-lights_693_close.wav,COLOR,Green,Change color to Green,77,9294d77a-9d94-4903-a978-af94ab79c0d9,Other Asian English,0,17,2,19,OUT_OF_SCOPE,-1,0.3848853,0
audio/train_008580_SLURP_slurp_devel_4827_6104.wav,COLOR,Green,Change color to Green,77,FO-462,Other / non-native,0,17,2,19,OUT_OF_SCOPE,-1,0.52321523,0
audio/train_008605_group_synthetic_COLOR_GREEN_s26_v1_clean.wav,COLOR,Green,Change color to Green,77,s26,Synthetic,1,17,2,17,COLOR,2,0.9225658,1
audio/train_008608_group_synthetic_COLOR_GREEN_s82_v1_noisy.wav,COLOR,Green,Change color to Green,77,s82,Synthetic,1,17,2,17,COLOR,2,0.9571375,1
audio/train_008621_group_synthetic_COLOR_GREEN_s88_v1_noisy.wav,COLOR,Green,Change color to Green,77,s88,Synthetic,1,17,2,17,COLOR,2,0.914166,1
audio/train_008629_group_synthetic_COLOR_GREEN_s67_v1_clean.wav,COLOR,Green,Change color to Green,77,s67,Synthetic,1,17,2,17,COLOR,2,0.946519,1
audio/train_008637_group_synthetic_COLOR_GREEN_s74_v1_noisy.wav,COLOR,Green,Change color to Green,77,s74,Synthetic,1,17,2,17,COLOR,2,0.92894197,1
audio/train_008640_group_synthetic_COLOR_GREEN_s38_v1_clean.wav,COLOR,Green,Change color to Green,77,s38,Synthetic,1,17,2,17,COLOR,2,0.93431216,1
audio/train_008642_group_synthetic_COLOR_GREEN_s72_v1_clean.wav,COLOR,Green,Change color to Green,77,s72,Synthetic,1,17,2,17,COLOR,2,0.951058,1
audio/train_008653_group_synthetic_COLOR_GREEN_s18_v1_clean.wav,COLOR,Green,Change color to Green,77,s18,Synthetic,1,17,2,17,COLOR,2,0.9269006,1
audio/train_008656_group_synthetic_COLOR_GREEN_s30_v1_noisy.wav,COLOR,Green,Change color to Green,77,s30,Synthetic,1,17,2,17,COLOR,2,0.93325925,1
audio/train_008688_group_synthetic_COLOR_RED_s18_v2_clean.wav,COLOR,Red,Switch color to Red,78,s18,Synthetic,1,17,0,17,COLOR,0,0.96631515,1
audio/train_008704_group_synthetic_COLOR_RED_s30_v2_noisy.wav,COLOR,Red,Switch color to Red,78,s30,Synthetic,1,17,0,17,COLOR,0,0.9493404,1
audio/train_008710_group_synthetic_COLOR_RED_s74_v2_noisy.wav,COLOR,Red,Switch color to Red,78,s74,Synthetic,1,17,0,17,COLOR,0,0.8951938,1
audio/train_008713_group_synthetic_COLOR_RED_s38_v2_noisy.wav,COLOR,Red,Switch color to Red,78,s38,Synthetic,1,17,0,17,COLOR,0,0.84374523,1
audio/train_008714_group_synthetic_COLOR_RED_s82_v2_clean.wav,COLOR,Red,Switch color to Red,78,s82,Synthetic,1,17,0,17,COLOR,0,0.9097092,1
audio/train_008715_group_synthetic_COLOR_RED_s67_v2_noisy.wav,COLOR,Red,Switch color to Red,78,s67,Synthetic,1,17,0,17,COLOR,0,0.95522976,1
audio/train_008718_group_synthetic_COLOR_RED_s26_v2_noisy.wav,COLOR,Red,Switch color to Red,78,s26,Synthetic,1,17,0,17,COLOR,0,0.948262,1
audio/train_008735_group_synthetic_COLOR_RED_s72_v2_clean.wav,COLOR,Red,Switch color to Red,78,s72,Synthetic,1,17,0,17,COLOR,0,0.9162517,1
audio/train_008737_group_synthetic_COLOR_RED_s80_v2_noisy.wav,COLOR,Red,Switch color to Red,78,s80,Synthetic,1,17,0,17,COLOR,0,0.9346454,1
audio/train_008740_group_synthetic_COLOR_RED_s88_v2_clean.wav,COLOR,Red,Switch color to Red,78,s88,Synthetic,1,17,0,17,COLOR,0,0.7129435,1
audio/train_008756_group_synthetic_COLOR_RED_s82_v2_noisy.wav,COLOR,Red,Switch color to Red,78,s82,Synthetic,1,17,0,17,COLOR,0,0.904002,1
audio/train_008775_SLURP_slurp_train_4737_8349_train-00004-.wav,COLOR,Blue,Switch color to Blue,79,FE-249,Native English,0,17,1,17,COLOR,1,0.9362893,1
audio/train_008778_SLURP_slurp_train_4163_3873_train-00000-.wav,COLOR,Blue,Switch color to Blue,79,ME-352,Native English,0,17,1,17,COLOR,1,0.91177934,1
audio/train_008786_SLURP_slurp_train_4163_3872_train-00000-.wav,COLOR,Blue,Switch color to Blue,79,ME-352,Native English,0,17,1,17,COLOR,1,0.9249268,1
audio/train_008798_group_synthetic_COLOR_BLUE_s72_v2_noisy.wav,COLOR,Blue,Switch color to Blue,79,s72,Synthetic,1,17,1,17,COLOR,1,0.9445105,1
audio/train_008808_group_synthetic_COLOR_BLUE_s38_v2_clean.wav,COLOR,Blue,Switch color to Blue,79,s38,Synthetic,1,17,1,17,COLOR,1,0.965234,1
audio/train_008811_group_synthetic_COLOR_BLUE_s67_v2_clean.wav,COLOR,Blue,Switch color to Blue,79,s67,Synthetic,1,17,1,17,COLOR,1,0.9603217,1
audio/train_008819_group_synthetic_COLOR_BLUE_s80_v2_noisy.wav,COLOR,Blue,Switch color to Blue,79,s80,Synthetic,1,17,1,17,COLOR,1,0.8803293,1
audio/train_008826_group_synthetic_COLOR_BLUE_s30_v2_clean.wav,COLOR,Blue,Switch color to Blue,79,s30,Synthetic,1,17,1,17,COLOR,1,0.9677452,1
audio/train_008831_group_synthetic_COLOR_BLUE_s18_v2_noisy.wav,COLOR,Blue,Switch color to Blue,79,s18,Synthetic,1,17,1,17,COLOR,1,0.9646833,1
audio/train_008832_group_synthetic_COLOR_BLUE_s74_v2_noisy.wav,COLOR,Blue,Switch color to Blue,79,s74,Synthetic,1,17,1,17,COLOR,1,0.92966634,1
audio/train_008842_group_synthetic_COLOR_BLUE_s88_v2_clean.wav,COLOR,Blue,Switch color to Blue,79,s88,Synthetic,1,17,1,17,COLOR,1,0.9216405,1
audio/train_008848_group_synthetic_COLOR_BLUE_s82_v2_noisy.wav,COLOR,Blue,Switch color to Blue,79,s82,Synthetic,1,17,1,17,COLOR,1,0.9560128,1
audio/train_008855_group_synthetic_COLOR_BLUE_s26_v2_noisy.wav,COLOR,Blue,Switch color to Blue,79,s26,Synthetic,1,17,1,17,COLOR,1,0.9539859,1
audio/train_008862_group_synthetic_COLOR_BLUE_s67_v2_noisy.wav,COLOR,Blue,Switch color to Blue,79,s67,Synthetic,1,17,1,17,COLOR,1,0.95706975,1
audio/train_008878_group_synthetic_COLOR_BLUE_s30_v2_noisy.wav,COLOR,Blue,Switch color to Blue,79,s30,Synthetic,1,17,1,17,COLOR,1,0.9689659,1
audio/train_008880_SNIPS_snips_smart-lights_894_close.wav,COLOR,Green,Switch color to Green,80,9294d77a-9d94-4903-a978-af94ab79c0d9,Other Asian English,0,17,2,17,COLOR,2,0.4912212,1
audio/train_008885_SNIPS_snips_smart-lights_2565_far.wav,COLOR,Green,Switch color to Green,80,9294d77a-9d94-4903-a978-af94ab79c0d9,Other Asian English,0,17,2,17,COLOR,0,0.8593015,0
audio/train_008915_group_synthetic_COLOR_GREEN_s88_v2_noisy.wav,COLOR,Green,Switch color to Green,80,s88,Synthetic,1,17,2,17,COLOR,2,0.9091948,1
audio/train_008917_group_synthetic_COLOR_GREEN_s18_v2_clean.wav,COLOR,Green,Switch color to Green,80,s18,Synthetic,1,17,2,17,COLOR,2,0.93834686,1
audio/train_008918_group_synthetic_COLOR_GREEN_s67_v2_noisy.wav,COLOR,Green,Switch color to Green,80,s67,Synthetic,1,17,2,17,COLOR,2,0.93674976,1
audio/train_008921_group_synthetic_COLOR_GREEN_s80_v2_noisy.wav,COLOR,Green,Switch color to Green,80,s80,Synthetic,1,17,2,17,COLOR,2,0.90373534,1
audio/train_008924_group_synthetic_COLOR_GREEN_s26_v2_noisy.wav,COLOR,Green,Switch color to Green,80,s26,Synthetic,1,17,2,17,COLOR,2,0.9367667,1
audio/train_008925_group_synthetic_COLOR_GREEN_s82_v2_clean.wav,COLOR,Green,Switch color to Green,80,s82,Synthetic,1,17,2,17,COLOR,2,0.94450545,1
audio/train_008929_group_synthetic_COLOR_GREEN_s38_v2_noisy.wav,COLOR,Green,Switch color to Green,80,s38,Synthetic,1,17,2,17,COLOR,2,0.91249007,1
audio/train_008930_group_synthetic_COLOR_GREEN_s72_v2_clean.wav,COLOR,Green,Switch color to Green,80,s72,Synthetic,1,17,2,17,COLOR,2,0.93971443,1
audio/train_008968_group_synthetic_COLOR_GREEN_s30_v2_clean.wav,COLOR,Green,Switch color to Green,80,s30,Synthetic,1,17,2,17,COLOR,2,0.9403144,1
audio/train_008969_group_synthetic_COLOR_GREEN_s74_v2_clean.wav,COLOR,Green,Switch color to Green,80,s74,Synthetic,1,17,2,17,COLOR,2,0.9183155,1
audio/train_008981_group_synthetic_COLOR_GREEN_s80_v2_clean.wav,COLOR,Green,Switch color to Green,80,s80,Synthetic,1,17,2,17,COLOR,2,0.8817919,1
audio/train_008982_group_synthetic_COLOR_GREEN_s18_v2_noisy.wav,COLOR,Green,Switch color to Green,80,s18,Synthetic,1,17,2,17,COLOR,2,0.9440084,1
audio/train_008987_group_synthetic_COLOR_GREEN_s72_v2_noisy.wav,COLOR,Green,Switch color to Green,80,s72,Synthetic,1,17,2,17,COLOR,2,0.9237486,1
audio/train_008989_group_synthetic_COLOR_GREEN_s82_v2_noisy.wav,COLOR,Green,Switch color to Green,80,s82,Synthetic,1,17,2,17,COLOR,2,0.95203704,1
audio/train_008991_real_voice_COLOR_V1_1_t1.wav,COLOR,Red,Set color to Red,81,202521746,Filipino (group),0,17,0,19,OUT_OF_SCOPE,-1,0.32355553,0
audio/train_008992_real_voice_COLOR_V1_1_t2.wav,COLOR,Red,Set color to Red,81,202521746,Filipino (group),0,17,0,19,OUT_OF_SCOPE,-1,0.37639236,0
audio/train_008993_real_voice_COLOR_V1_1_t3.wav,COLOR,Red,Set color to Red,81,202521746,Filipino (group),0,17,0,17,COLOR,0,0.45371914,1
audio/train_008994_real_voice_COLOR_V3_1_t1.wav,COLOR,Red,Set color to Red,81,202521746,Filipino (group),0,17,0,17,COLOR,0,0.9294942,1
audio/train_008995_real_voice_COLOR_V3_1_t2.wav,COLOR,Red,Set color to Red,81,202521746,Filipino (group),0,17,0,17,COLOR,0,0.94070756,1
audio/train_008996_real_voice_COLOR_V3_1_t3.wav,COLOR,Red,Set color to Red,81,202521746,Filipino (group),0,17,0,17,COLOR,0,0.89412117,1
audio/train_008999_SNIPS_snips_smart-lights_2832_far.wav,COLOR,Red,Set color to Red,81,9294d77a-9d94-4903-a978-af94ab79c0d9,Other Asian English,0,17,0,19,OUT_OF_SCOPE,-1,0.19213131,0
audio/train_009009_SNIPS_snips_smart-lights_1161_close.wav,COLOR,Red,Set color to Red,81,9294d77a-9d94-4903-a978-af94ab79c0d9,Other Asian English,0,17,0,19,OUT_OF_SCOPE,-1,0.16646913,0
audio/train_009028_SLURP_slurp_train_4028_5919_train-00003-.wav,COLOR,Red,Set color to Red,81,ME-369,Native English,0,17,0,19,OUT_OF_SCOPE,-1,0.264382,0
audio/train_009045_SLURP_slurp_train_4028_5918_train-00003-.wav,COLOR,Red,Set color to Red,81,ME-369,Native English,0,17,0,19,OUT_OF_SCOPE,-1,0.33811998,0
audio/train_009051_group_synthetic_COLOR_RED_s18_v3_noisy.wav,COLOR,Red,Set color to Red,81,s18,Synthetic,1,17,0,17,COLOR,0,0.94441885,1
audio/train_009055_group_synthetic_COLOR_RED_s30_v3_noisy.wav,COLOR,Red,Set color to Red,81,s30,Synthetic,1,17,0,17,COLOR,0,0.94128305,1
audio/train_009057_group_synthetic_COLOR_RED_s38_v3_noisy.wav,COLOR,Red,Set color to Red,81,s38,Synthetic,1,17,0,17,COLOR,0,0.84157926,1
audio/train_009069_group_synthetic_COLOR_RED_s80_v3_clean.wav,COLOR,Red,Set color to Red,81,s80,Synthetic,1,17,0,17,COLOR,0,0.9548379,1
audio/train_009072_group_synthetic_COLOR_RED_s67_v3_clean.wav,COLOR,Red,Set color to Red,81,s67,Synthetic,1,17,0,17,COLOR,0,0.9494243,1
audio/train_009083_group_synthetic_COLOR_RED_s88_v3_clean.wav,COLOR,Red,Set color to Red,81,s88,Synthetic,1,17,0,17,COLOR,0,0.94868463,1
audio/train_009091_group_synthetic_COLOR_RED_s72_v3_clean.wav,COLOR,Red,Set color to Red,81,s72,Synthetic,1,17,0,17,COLOR,0,0.94782484,1
audio/train_009098_group_synthetic_COLOR_RED_s74_v3_noisy.wav,COLOR,Red,Set color to Red,81,s74,Synthetic,1,17,0,17,COLOR,0,0.9240894,1
audio/train_009102_real_voice_COLOR_V1_2_t1.wav,COLOR,Blue,Set color to Blue,82,202521746,Filipino (group),0,17,1,1,PAUSE,-1,0.50488055,0
audio/train_009103_real_voice_COLOR_V1_2_t2.wav,COLOR,Blue,Set color to Blue,82,202521746,Filipino (group),0,17,1,1,PAUSE,-1,0.425243,0
audio/train_009104_real_voice_COLOR_V1_2_t3.wav,COLOR,Blue,Set color to Blue,82,202521746,Filipino (group),0,17,1,19,OUT_OF_SCOPE,-1,0.37813932,0
audio/train_009105_real_voice_COLOR_V3_2_t1.wav,COLOR,Blue,Set color to Blue,82,202521746,Filipino (group),0,17,1,17,COLOR,1,0.8483924,1
audio/train_009106_real_voice_COLOR_V3_2_t2.wav,COLOR,Blue,Set color to Blue,82,202521746,Filipino (group),0,17,1,17,COLOR,1,0.887245,1
audio/train_009107_real_voice_COLOR_V3_2_t3.wav,COLOR,Blue,Set color to Blue,82,202521746,Filipino (group),0,17,1,17,COLOR,1,0.8794751,1
audio/train_009113_SLURP_slurp_devel_2120_7522.wav,COLOR,Blue,Set color to Blue,82,FO-462,Other / non-native,0,17,1,17,COLOR,1,0.7227916,1
audio/train_009120_SLURP_slurp_devel_2120_7523.wav,COLOR,Blue,Set color to Blue,82,ME-369,Native English,0,17,1,19,OUT_OF_SCOPE,-1,0.5108974,0
audio/train_009122_SLURP_slurp_test_263_1940.wav,COLOR,Blue,Set color to Blue,82,ME-138,Native English,0,17,1,19,OUT_OF_SCOPE,-1,0.31216207,0
audio/train_009124_SLURP_slurp_train_1214_4382_train-00002-.wav,COLOR,Blue,Set color to Blue,82,FE-249,Native English,0,17,1,19,OUT_OF_SCOPE,-1,0.26416865,0
audio/train_009133_SLURP_slurp_train_2541_2221_train-00005-.wav,COLOR,Blue,Set color to Blue,82,FE-349,Native English,0,17,1,19,OUT_OF_SCOPE,-1,0.32507566,0
audio/train_009140_SLURP_slurp_test_263_1939.wav,COLOR,Blue,Set color to Blue,82,ME-138,Native English,0,17,1,17,COLOR,2,0.8273639,0
audio/train_009141_SLURP_slurp_devel_2120_7524.wav,COLOR,Blue,Set color to Blue,82,ME-369,Native English,0,17,1,19,OUT_OF_SCOPE,-1,0.35730755,0
audio/train_009145_SLURP_slurp_train_2541_2222_train-00005-.wav,COLOR,Blue,Set color to Blue,82,FE-349,Native English,0,17,1,17,COLOR,2,0.46873972,0
audio/train_009147_group_synthetic_COLOR_BLUE_s82_v3_noisy.wav,COLOR,Blue,Set color to Blue,82,s82,Synthetic,1,17,1,17,COLOR,1,0.9564706,1
audio/train_009148_group_synthetic_COLOR_BLUE_s72_v3_noisy.wav,COLOR,Blue,Set color to Blue,82,s72,Synthetic,1,17,1,17,COLOR,1,0.9295365,1
audio/train_009151_group_synthetic_COLOR_BLUE_s67_v3_noisy.wav,COLOR,Blue,Set color to Blue,82,s67,Synthetic,1,17,1,17,COLOR,1,0.95524555,1
audio/train_009153_group_synthetic_COLOR_BLUE_s88_v3_noisy.wav,COLOR,Blue,Set color to Blue,82,s88,Synthetic,1,17,1,17,COLOR,1,0.9387017,1
audio/train_009158_group_synthetic_COLOR_BLUE_s74_v3_clean.wav,COLOR,Blue,Set color to Blue,82,s74,Synthetic,1,17,1,17,COLOR,1,0.9632805,1
audio/train_009168_group_synthetic_COLOR_BLUE_s18_v3_clean.wav,COLOR,Blue,Set color to Blue,82,s18,Synthetic,1,17,1,17,COLOR,1,0.9548065,1
audio/train_009179_group_synthetic_COLOR_BLUE_s30_v3_noisy.wav,COLOR,Blue,Set color to Blue,82,s30,Synthetic,1,17,1,17,COLOR,1,0.9629396,1
audio/train_009184_group_synthetic_COLOR_BLUE_s38_v3_noisy.wav,COLOR,Blue,Set color to Blue,82,s38,Synthetic,1,17,1,17,COLOR,1,0.95747644,1
audio/train_009194_group_synthetic_COLOR_BLUE_s26_v3_clean.wav,COLOR,Blue,Set color to Blue,82,s26,Synthetic,1,17,1,17,COLOR,1,0.955754,1
audio/train_009212_group_synthetic_COLOR_BLUE_s80_v3_noisy.wav,COLOR,Blue,Set color to Blue,82,s80,Synthetic,1,17,1,17,COLOR,1,0.9545871,1
audio/train_009213_real_voice_COLOR_V1_3_t1.wav,COLOR,Green,Set color to Green,83,202521746,Filipino (group),0,17,2,19,OUT_OF_SCOPE,-1,0.36324117,0
audio/train_009214_real_voice_COLOR_V1_3_t2.wav,COLOR,Green,Set color to Green,83,202521746,Filipino (group),0,17,2,19,OUT_OF_SCOPE,-1,0.3148023,0
audio/train_009215_real_voice_COLOR_V1_3_t3.wav,COLOR,Green,Set color to Green,83,202521746,Filipino (group),0,17,2,19,OUT_OF_SCOPE,-1,0.24367955,0
audio/train_009216_real_voice_COLOR_V3_3_t1.wav,COLOR,Green,Set color to Green,83,202521746,Filipino (group),0,17,2,17,COLOR,2,0.9343756,1
audio/train_009217_real_voice_COLOR_V3_3_t2.wav,COLOR,Green,Set color to Green,83,202521746,Filipino (group),0,17,2,17,COLOR,2,0.8827772,1
audio/train_009218_real_voice_COLOR_V3_3_t3.wav,COLOR,Green,Set color to Green,83,202521746,Filipino (group),0,17,2,17,COLOR,2,0.912269,1
audio/train_009222_SNIPS_snips_smart-lights_2538_far.wav,COLOR,Green,Set color to Green,83,9294d77a-9d94-4903-a978-af94ab79c0d9,Other Asian English,0,17,2,17,COLOR,2,0.8797073,1
audio/train_009225_SNIPS_snips_smart-lights_867_close.wav,COLOR,Green,Set color to Green,83,9294d77a-9d94-4903-a978-af94ab79c0d9,Other Asian English,0,17,2,17,COLOR,2,0.92175436,1
audio/train_009240_group_synthetic_COLOR_GREEN_s26_v3_clean.wav,COLOR,Green,Set color to Green,83,s26,Synthetic,1,17,2,17,COLOR,2,0.9031145,1
audio/train_009247_group_synthetic_COLOR_GREEN_s38_v3_noisy.wav,COLOR,Green,Set color to Green,83,s38,Synthetic,1,17,2,17,COLOR,2,0.9395773,1
audio/train_009248_group_synthetic_COLOR_GREEN_s67_v3_noisy.wav,COLOR,Green,Set color to Green,83,s67,Synthetic,1,17,2,17,COLOR,2,0.9204957,1
audio/train_009253_group_synthetic_COLOR_GREEN_s80_v3_clean.wav,COLOR,Green,Set color to Green,83,s80,Synthetic,1,17,2,17,COLOR,2,0.9368466,1
audio/train_009257_group_synthetic_COLOR_GREEN_s82_v3_clean.wav,COLOR,Green,Set color to Green,83,s82,Synthetic,1,17,2,17,COLOR,2,0.9386103,1
audio/train_009260_group_synthetic_COLOR_GREEN_s72_v3_clean.wav,COLOR,Green,Set color to Green,83,s72,Synthetic,1,17,2,17,COLOR,2,0.594172,1
audio/train_009267_group_synthetic_COLOR_GREEN_s30_v3_noisy.wav,COLOR,Green,Set color to Green,83,s30,Synthetic,1,17,2,17,COLOR,2,0.93543494,1
audio/train_009288_group_synthetic_COLOR_GREEN_s18_v3_noisy.wav,COLOR,Green,Set color to Green,83,s18,Synthetic,1,17,2,17,COLOR,2,0.94511724,1
audio/train_009306_group_synthetic_COLOR_GREEN_s88_v3_clean.wav,COLOR,Green,Set color to Green,83,s88,Synthetic,1,17,2,17,COLOR,2,0.9223934,1
audio/train_009310_group_synthetic_COLOR_GREEN_s38_v3_clean.wav,COLOR,Green,Set color to Green,83,s38,Synthetic,1,17,2,17,COLOR,2,0.938058,1
audio/train_009311_group_synthetic_COLOR_GREEN_s67_v3_clean.wav,COLOR,Green,Set color to Green,83,s67,Synthetic,1,17,2,17,COLOR,2,0.9368764,1
audio/train_009314_group_synthetic_COLOR_GREEN_s80_v3_noisy.wav,COLOR,Green,Set color to Green,83,s80,Synthetic,1,17,2,17,COLOR,2,0.92077464,1
audio/train_009322_group_synthetic_COLOR_GREEN_s26_v3_noisy.wav,COLOR,Green,Set color to Green,83,s26,Synthetic,1,17,2,17,COLOR,2,0.9131993,1
audio/train_009323_group_synthetic_COLOR_GREEN_s30_v3_clean.wav,COLOR,Green,Set color to Green,83,s30,Synthetic,1,17,2,17,COLOR,2,0.934252,1
audio/train_009332_group_synthetic_CREATE_REMINDER_DRINK_WATER_s30_v1_noisy.wav,CREATE_REMINDER,Drink water,Reminder Drink water,84,s30,Synthetic,1,18,0,18,CREATE_REMINDER,0,0.9333137,1
audio/train_009337_group_synthetic_CREATE_REMINDER_DRINK_WATER_s26_v1_clean.wav,CREATE_REMINDER,Drink water,Reminder Drink water,84,s26,Synthetic,1,18,0,18,CREATE_REMINDER,0,0.92586845,1
audio/train_009339_group_synthetic_CREATE_REMINDER_DRINK_WATER_s80_v1_clean.wav,CREATE_REMINDER,Drink water,Reminder Drink water,84,s80,Synthetic,1,18,0,18,CREATE_REMINDER,0,0.8312392,1
audio/train_009346_group_synthetic_CREATE_REMINDER_DRINK_WATER_s67_v1_clean.wav,CREATE_REMINDER,Drink water,Reminder Drink water,84,s67,Synthetic,1,18,0,18,CREATE_REMINDER,0,0.7653257,1
audio/train_009361_group_synthetic_CREATE_REMINDER_DRINK_WATER_s74_v1_noisy.wav,CREATE_REMINDER,Drink water,Reminder Drink water,84,s74,Synthetic,1,18,0,18,CREATE_REMINDER,0,0.94795144,1
audio/train_009370_group_synthetic_CREATE_REMINDER_DRINK_WATER_s88_v1_noisy.wav,CREATE_REMINDER,Drink water,Reminder Drink water,84,s88,Synthetic,1,18,0,18,CREATE_REMINDER,0,0.96684396,1
audio/train_009371_group_synthetic_CREATE_REMINDER_DRINK_WATER_s18_v1_clean.wav,CREATE_REMINDER,Drink water,Reminder Drink water,84,s18,Synthetic,1,18,0,18,CREATE_REMINDER,0,0.93282783,1
audio/train_009381_group_synthetic_CREATE_REMINDER_DRINK_WATER_s38_v1_clean.wav,CREATE_REMINDER,Drink water,Reminder Drink water,84,s38,Synthetic,1,18,0,18,CREATE_REMINDER,0,0.9598133,1
audio/train_009382_group_synthetic_CREATE_REMINDER_DRINK_WATER_s72_v1_clean.wav,CREATE_REMINDER,Drink water,Reminder Drink water,84,s72,Synthetic,1,18,0,18,CREATE_REMINDER,0,0.85326624,1
audio/train_009388_group_synthetic_CREATE_REMINDER_DRINK_WATER_s82_v1_noisy.wav,CREATE_REMINDER,Drink water,Reminder Drink water,84,s82,Synthetic,1,18,0,18,CREATE_REMINDER,0,0.8860274,1
audio/train_009394_group_synthetic_CREATE_REMINDER_DRINK_WATER_s80_v1_noisy.wav,CREATE_REMINDER,Drink water,Reminder Drink water,84,s80,Synthetic,1,18,0,18,CREATE_REMINDER,0,0.8657595,1
audio/train_009399_group_synthetic_CREATE_REMINDER_DRINK_WATER_s30_v1_clean.wav,CREATE_REMINDER,Drink water,Reminder Drink water,84,s30,Synthetic,1,18,0,18,CREATE_REMINDER,0,0.92694134,1
audio/train_009412_group_synthetic_CREATE_REMINDER_DRINK_WATER_s72_v1_noisy.wav,CREATE_REMINDER,Drink water,Reminder Drink water,84,s72,Synthetic,1,18,0,18,CREATE_REMINDER,0,0.8763913,1
audio/train_009418_group_synthetic_CREATE_REMINDER_DRINK_WATER_s18_v1_noisy.wav,CREATE_REMINDER,Drink water,Reminder Drink water,84,s18,Synthetic,1,18,0,18,CREATE_REMINDER,0,0.9314019,1
audio/train_009423_group_synthetic_CREATE_REMINDER_DRINK_WATER_s38_v1_noisy.wav,CREATE_REMINDER,Drink water,Reminder Drink water,84,s38,Synthetic,1,18,0,18,CREATE_REMINDER,0,0.94795156,1
audio/train_009433_group_synthetic_CREATE_REMINDER_DRINK_WATER_s74_v1_clean.wav,CREATE_REMINDER,Drink water,Reminder Drink water,84,s74,Synthetic,1,18,0,18,CREATE_REMINDER,0,0.9489584,1
audio/train_009435_group_synthetic_CREATE_REMINDER_STUDY_s26_v1_noisy.wav,CREATE_REMINDER,Study,Reminder Study,85,s26,Synthetic,1,18,1,18,CREATE_REMINDER,1,0.9172241,1
audio/train_009449_group_synthetic_CREATE_REMINDER_STUDY_s88_v1_noisy.wav,CREATE_REMINDER,Study,Reminder Study,85,s88,Synthetic,1,18,1,18,CREATE_REMINDER,1,0.9023427,1
audio/train_009452_group_synthetic_CREATE_REMINDER_STUDY_s30_v1_clean.wav,CREATE_REMINDER,Study,Reminder Study,85,s30,Synthetic,1,18,1,18,CREATE_REMINDER,1,0.91739464,1
audio/train_009456_group_synthetic_CREATE_REMINDER_STUDY_s74_v1_noisy.wav,CREATE_REMINDER,Study,Reminder Study,85,s74,Synthetic,1,18,1,18,CREATE_REMINDER,1,0.9097947,1
audio/train_009469_group_synthetic_CREATE_REMINDER_STUDY_s67_v1_noisy.wav,CREATE_REMINDER,Study,Reminder Study,85,s67,Synthetic,1,18,1,18,CREATE_REMINDER,1,0.9360722,1
audio/train_009470_group_synthetic_CREATE_REMINDER_STUDY_s38_v1_clean.wav,CREATE_REMINDER,Study,Reminder Study,85,s38,Synthetic,1,18,1,18,CREATE_REMINDER,1,0.9356558,1
audio/train_009472_group_synthetic_CREATE_REMINDER_STUDY_s72_v1_noisy.wav,CREATE_REMINDER,Study,Reminder Study,85,s72,Synthetic,1,18,1,18,CREATE_REMINDER,1,0.9011862,1
audio/train_009489_group_synthetic_CREATE_REMINDER_STUDY_s18_v1_noisy.wav,CREATE_REMINDER,Study,Reminder Study,85,s18,Synthetic,1,18,1,18,CREATE_REMINDER,1,0.931852,1
audio/train_009491_group_synthetic_CREATE_REMINDER_STUDY_s82_v1_noisy.wav,CREATE_REMINDER,Study,Reminder Study,85,s82,Synthetic,1,18,1,18,CREATE_REMINDER,1,0.8632828,1
audio/train_009509_group_synthetic_CREATE_REMINDER_STUDY_s26_v1_clean.wav,CREATE_REMINDER,Study,Reminder Study,85,s26,Synthetic,1,18,1,18,CREATE_REMINDER,1,0.9067988,1
audio/train_009513_group_synthetic_CREATE_REMINDER_STUDY_s74_v1_clean.wav,CREATE_REMINDER,Study,Reminder Study,85,s74,Synthetic,1,18,1,18,CREATE_REMINDER,1,0.921828,1
audio/train_009520_group_synthetic_CREATE_REMINDER_STUDY_s72_v1_clean.wav,CREATE_REMINDER,Study,Reminder Study,85,s72,Synthetic,1,18,1,18,CREATE_REMINDER,1,0.88629824,1
audio/train_009523_group_synthetic_CREATE_REMINDER_STUDY_s30_v1_noisy.wav,CREATE_REMINDER,Study,Reminder Study,85,s30,Synthetic,1,18,1,18,CREATE_REMINDER,1,0.9190166,1
audio/train_009526_group_synthetic_CREATE_REMINDER_STUDY_s88_v1_clean.wav,CREATE_REMINDER,Study,Reminder Study,85,s88,Synthetic,1,18,1,18,CREATE_REMINDER,1,0.90364236,1
audio/train_009527_group_synthetic_CREATE_REMINDER_STUDY_s18_v1_clean.wav,CREATE_REMINDER,Study,Reminder Study,85,s18,Synthetic,1,18,1,18,CREATE_REMINDER,1,0.93164957,1
audio/train_009531_group_synthetic_CREATE_REMINDER_STUDY_s67_v1_clean.wav,CREATE_REMINDER,Study,Reminder Study,85,s67,Synthetic,1,18,1,18,CREATE_REMINDER,1,0.9355444,1
audio/train_009546_group_synthetic_CREATE_REMINDER_EXERCISE_s30_v1_clean.wav,CREATE_REMINDER,Exercise,Reminder Exercise,86,s30,Synthetic,1,18,2,18,CREATE_REMINDER,2,0.9470841,1
audio/train_009549_group_synthetic_CREATE_REMINDER_EXERCISE_s18_v1_clean.wav,CREATE_REMINDER,Exercise,Reminder Exercise,86,s18,Synthetic,1,18,2,18,CREATE_REMINDER,2,0.9535824,1
audio/train_009550_group_synthetic_CREATE_REMINDER_EXERCISE_s38_v1_noisy.wav,CREATE_REMINDER,Exercise,Reminder Exercise,86,s38,Synthetic,1,18,2,18,CREATE_REMINDER,2,0.9541014,1
audio/train_009552_group_synthetic_CREATE_REMINDER_EXERCISE_s67_v1_clean.wav,CREATE_REMINDER,Exercise,Reminder Exercise,86,s67,Synthetic,1,18,2,18,CREATE_REMINDER,2,0.9375653,1
audio/train_009577_group_synthetic_CREATE_REMINDER_EXERCISE_s82_v1_noisy.wav,CREATE_REMINDER,Exercise,Reminder Exercise,86,s82,Synthetic,1,18,2,18,CREATE_REMINDER,2,0.91178364,1
audio/train_009579_group_synthetic_CREATE_REMINDER_EXERCISE_s80_v1_noisy.wav,CREATE_REMINDER,Exercise,Reminder Exercise,86,s80,Synthetic,1,18,2,18,CREATE_REMINDER,2,0.9354116,1
audio/train_009592_group_synthetic_CREATE_REMINDER_EXERCISE_s72_v1_noisy.wav,CREATE_REMINDER,Exercise,Reminder Exercise,86,s72,Synthetic,1,18,2,18,CREATE_REMINDER,2,0.9440964,1
audio/train_009603_group_synthetic_CREATE_REMINDER_EXERCISE_s88_v1_noisy.wav,CREATE_REMINDER,Exercise,Reminder Exercise,86,s88,Synthetic,1,18,2,18,CREATE_REMINDER,2,0.92401713,1
audio/train_009608_group_synthetic_CREATE_REMINDER_EXERCISE_s26_v1_clean.wav,CREATE_REMINDER,Exercise,Reminder Exercise,86,s26,Synthetic,1,18,2,18,CREATE_REMINDER,2,0.9390722,1
audio/train_009612_group_synthetic_CREATE_REMINDER_EXERCISE_s18_v1_noisy.wav,CREATE_REMINDER,Exercise,Reminder Exercise,86,s18,Synthetic,1,18,2,18,CREATE_REMINDER,2,0.95176625,1
audio/train_009615_group_synthetic_CREATE_REMINDER_EXERCISE_s30_v1_noisy.wav,CREATE_REMINDER,Exercise,Reminder Exercise,86,s30,Synthetic,1,18,2,18,CREATE_REMINDER,2,0.94038314,1
audio/train_009621_group_synthetic_CREATE_REMINDER_EXERCISE_s80_v1_clean.wav,CREATE_REMINDER,Exercise,Reminder Exercise,86,s80,Synthetic,1,18,2,18,CREATE_REMINDER,2,0.94587386,1
audio/train_009623_group_synthetic_CREATE_REMINDER_EXERCISE_s38_v1_clean.wav,CREATE_REMINDER,Exercise,Reminder Exercise,86,s38,Synthetic,1,18,2,18,CREATE_REMINDER,2,0.95959383,1
audio/train_009635_group_synthetic_CREATE_REMINDER_EXERCISE_s67_v1_noisy.wav,CREATE_REMINDER,Exercise,Reminder Exercise,86,s67,Synthetic,1,18,2,18,CREATE_REMINDER,2,0.9314372,1
audio/train_009655_group_synthetic_CREATE_REMINDER_EXERCISE_s26_v1_noisy.wav,CREATE_REMINDER,Exercise,Reminder Exercise,86,s26,Synthetic,1,18,2,18,CREATE_REMINDER,2,0.9415872,1
audio/train_009659_group_synthetic_CREATE_REMINDER_DRINK_WATER_s80_v2_clean.wav,CREATE_REMINDER,Drink water,Remind me to Drink water,87,s80,Synthetic,1,18,0,18,CREATE_REMINDER,0,0.9455043,1
audio/train_009660_group_synthetic_CREATE_REMINDER_DRINK_WATER_s88_v2_noisy.wav,CREATE_REMINDER,Drink water,Remind me to Drink water,87,s88,Synthetic,1,18,0,18,CREATE_REMINDER,0,0.9582381,1
audio/train_009663_group_synthetic_CREATE_REMINDER_DRINK_WATER_s18_v2_clean.wav,CREATE_REMINDER,Drink water,Remind me to Drink water,87,s18,Synthetic,1,18,0,18,CREATE_REMINDER,0,0.95997655,1
audio/train_009688_group_synthetic_CREATE_REMINDER_DRINK_WATER_s26_v2_clean.wav,CREATE_REMINDER,Drink water,Remind me to Drink water,87,s26,Synthetic,1,18,0,18,CREATE_REMINDER,0,0.95505804,1
audio/train_009690_group_synthetic_CREATE_REMINDER_DRINK_WATER_s82_v2_clean.wav,CREATE_REMINDER,Drink water,Remind me to Drink water,87,s82,Synthetic,1,18,0,18,CREATE_REMINDER,0,0.89413,1
audio/train_009699_group_synthetic_CREATE_REMINDER_DRINK_WATER_s38_v2_clean.wav,CREATE_REMINDER,Drink water,Remind me to Drink water,87,s38,Synthetic,1,18,0,18,CREATE_REMINDER,0,0.9621407,1
audio/train_009702_group_synthetic_CREATE_REMINDER_DRINK_WATER_s74_v2_clean.wav,CREATE_REMINDER,Drink water,Remind me to Drink water,87,s74,Synthetic,1,18,0,18,CREATE_REMINDER,0,0.95541656,1
audio/train_009705_group_synthetic_CREATE_REMINDER_DRINK_WATER_s30_v2_noisy.wav,CREATE_REMINDER,Drink water,Remind me to Drink water,87,s30,Synthetic,1,18,0,18,CREATE_REMINDER,0,0.9365571,1
audio/train_009712_group_synthetic_CREATE_REMINDER_DRINK_WATER_s67_v2_noisy.wav,CREATE_REMINDER,Drink water,Remind me to Drink water,87,s67,Synthetic,1,18,0,18,CREATE_REMINDER,0,0.92944086,1
audio/train_009720_group_synthetic_CREATE_REMINDER_DRINK_WATER_s72_v2_noisy.wav,CREATE_REMINDER,Drink water,Remind me to Drink water,87,s72,Synthetic,1,18,0,18,CREATE_REMINDER,0,0.94476783,1
audio/train_009737_group_synthetic_CREATE_REMINDER_DRINK_WATER_s80_v2_noisy.wav,CREATE_REMINDER,Drink water,Remind me to Drink water,87,s80,Synthetic,1,18,0,18,CREATE_REMINDER,0,0.92207587,1
audio/train_009747_group_synthetic_CREATE_REMINDER_DRINK_WATER_s67_v2_clean.wav,CREATE_REMINDER,Drink water,Remind me to Drink water,87,s67,Synthetic,1,18,0,18,CREATE_REMINDER,0,0.94397837,1
audio/train_009751_group_synthetic_CREATE_REMINDER_DRINK_WATER_s18_v2_noisy.wav,CREATE_REMINDER,Drink water,Remind me to Drink water,87,s18,Synthetic,1,18,0,18,CREATE_REMINDER,0,0.9599234,1
audio/train_009753_group_synthetic_CREATE_REMINDER_DRINK_WATER_s26_v2_noisy.wav,CREATE_REMINDER,Drink water,Remind me to Drink water,87,s26,Synthetic,1,18,0,18,CREATE_REMINDER,0,0.9553305,1
audio/train_009754_group_synthetic_CREATE_REMINDER_DRINK_WATER_s38_v2_noisy.wav,CREATE_REMINDER,Drink water,Remind me to Drink water,87,s38,Synthetic,1,18,0,18,CREATE_REMINDER,0,0.94868356,1
audio/train_009759_group_synthetic_CREATE_REMINDER_DRINK_WATER_s74_v2_noisy.wav,CREATE_REMINDER,Drink water,Remind me to Drink water,87,s74,Synthetic,1,18,0,18,CREATE_REMINDER,0,0.9447644,1
audio/train_009763_group_synthetic_CREATE_REMINDER_DRINK_WATER_s82_v2_noisy.wav,CREATE_REMINDER,Drink water,Remind me to Drink water,87,s82,Synthetic,1,18,0,18,CREATE_REMINDER,0,0.89532036,1
audio/train_009784_group_synthetic_CREATE_REMINDER_STUDY_s74_v2_clean.wav,CREATE_REMINDER,Study,Remind me to Study,88,s74,Synthetic,1,18,1,18,CREATE_REMINDER,1,0.952815,1
audio/train_009787_group_synthetic_CREATE_REMINDER_STUDY_s88_v2_clean.wav,CREATE_REMINDER,Study,Remind me to Study,88,s88,Synthetic,1,18,1,18,CREATE_REMINDER,1,0.86089826,1
audio/train_009789_group_synthetic_CREATE_REMINDER_STUDY_s67_v2_clean.wav,CREATE_REMINDER,Study,Remind me to Study,88,s67,Synthetic,1,18,1,18,CREATE_REMINDER,1,0.9620479,1
audio/train_009804_group_synthetic_CREATE_REMINDER_STUDY_s82_v2_noisy.wav,CREATE_REMINDER,Study,Remind me to Study,88,s82,Synthetic,1,18,1,18,CREATE_REMINDER,1,0.8868298,1
audio/train_009817_group_synthetic_CREATE_REMINDER_STUDY_s26_v2_noisy.wav,CREATE_REMINDER,Study,Remind me to Study,88,s26,Synthetic,1,18,1,18,CREATE_REMINDER,1,0.9424156,1
audio/train_009820_group_synthetic_CREATE_REMINDER_STUDY_s72_v2_clean.wav,CREATE_REMINDER,Study,Remind me to Study,88,s72,Synthetic,1,18,1,18,CREATE_REMINDER,1,0.96159446,1
audio/train_009828_group_synthetic_CREATE_REMINDER_STUDY_s18_v2_noisy.wav,CREATE_REMINDER,Study,Remind me to Study,88,s18,Synthetic,1,18,1,18,CREATE_REMINDER,1,0.9435492,1
audio/train_009831_group_synthetic_CREATE_REMINDER_STUDY_s80_v2_noisy.wav,CREATE_REMINDER,Study,Remind me to Study,88,s80,Synthetic,1,18,1,18,CREATE_REMINDER,1,0.9271109,1
audio/train_009834_group_synthetic_CREATE_REMINDER_STUDY_s30_v2_clean.wav,CREATE_REMINDER,Study,Remind me to Study,88,s30,Synthetic,1,18,1,18,CREATE_REMINDER,1,0.9321128,1
audio/train_009844_group_synthetic_CREATE_REMINDER_STUDY_s38_v2_clean.wav,CREATE_REMINDER,Study,Remind me to Study,88,s38,Synthetic,1,18,1,18,CREATE_REMINDER,1,0.94274795,1
audio/train_009857_group_synthetic_CREATE_REMINDER_STUDY_s67_v2_noisy.wav,CREATE_REMINDER,Study,Remind me to Study,88,s67,Synthetic,1,18,1,18,CREATE_REMINDER,1,0.96265,1
audio/train_009863_group_synthetic_CREATE_REMINDER_STUDY_s26_v2_clean.wav,CREATE_REMINDER,Study,Remind me to Study,88,s26,Synthetic,1,18,1,18,CREATE_REMINDER,1,0.9479942,1
audio/train_009868_group_synthetic_CREATE_REMINDER_STUDY_s82_v2_clean.wav,CREATE_REMINDER,Study,Remind me to Study,88,s82,Synthetic,1,18,1,18,CREATE_REMINDER,1,0.89862454,1
audio/train_009875_group_synthetic_CREATE_REMINDER_STUDY_s80_v2_clean.wav,CREATE_REMINDER,Study,Remind me to Study,88,s80,Synthetic,1,18,1,18,CREATE_REMINDER,1,0.9384129,1
audio/train_009887_group_synthetic_CREATE_REMINDER_EXERCISE_s67_v2_noisy.wav,CREATE_REMINDER,Exercise,Remind me to Exercise,89,s67,Synthetic,1,18,2,18,CREATE_REMINDER,2,0.8819025,1
audio/train_009889_group_synthetic_CREATE_REMINDER_EXERCISE_s18_v2_noisy.wav,CREATE_REMINDER,Exercise,Remind me to Exercise,89,s18,Synthetic,1,18,2,18,CREATE_REMINDER,2,0.9585953,1
audio/train_009891_group_synthetic_CREATE_REMINDER_EXERCISE_s74_v2_noisy.wav,CREATE_REMINDER,Exercise,Remind me to Exercise,89,s74,Synthetic,1,18,2,18,CREATE_REMINDER,2,0.96223545,1
audio/train_009896_group_synthetic_CREATE_REMINDER_EXERCISE_s26_v2_noisy.wav,CREATE_REMINDER,Exercise,Remind me to Exercise,89,s26,Synthetic,1,18,2,18,CREATE_REMINDER,2,0.9511822,1
audio/train_009901_group_synthetic_CREATE_REMINDER_EXERCISE_s72_v2_clean.wav,CREATE_REMINDER,Exercise,Remind me to Exercise,89,s72,Synthetic,1,18,2,18,CREATE_REMINDER,2,0.9218171,1
audio/train_009911_group_synthetic_CREATE_REMINDER_EXERCISE_s30_v2_noisy.wav,CREATE_REMINDER,Exercise,Remind me to Exercise,89,s30,Synthetic,1,18,2,18,CREATE_REMINDER,2,0.94807583,1
audio/train_009914_group_synthetic_CREATE_REMINDER_EXERCISE_s88_v2_clean.wav,CREATE_REMINDER,Exercise,Remind me to Exercise,89,s88,Synthetic,1,18,2,18,CREATE_REMINDER,2,0.92498964,1
audio/train_009922_group_synthetic_CREATE_REMINDER_EXERCISE_s38_v2_noisy.wav,CREATE_REMINDER,Exercise,Remind me to Exercise,89,s38,Synthetic,1,18,2,18,CREATE_REMINDER,2,0.91876507,1
audio/train_009924_group_synthetic_CREATE_REMINDER_EXERCISE_s82_v2_clean.wav,CREATE_REMINDER,Exercise,Remind me to Exercise,89,s82,Synthetic,1,18,2,18,CREATE_REMINDER,2,0.81607914,1
audio/train_009946_group_synthetic_CREATE_REMINDER_EXERCISE_s80_v2_clean.wav,CREATE_REMINDER,Exercise,Remind me to Exercise,89,s80,Synthetic,1,18,2,18,CREATE_REMINDER,2,0.9145021,1
audio/train_009948_group_synthetic_CREATE_REMINDER_EXERCISE_s74_v2_clean.wav,CREATE_REMINDER,Exercise,Remind me to Exercise,89,s74,Synthetic,1,18,2,18,CREATE_REMINDER,2,0.95976007,1
audio/train_009958_group_synthetic_CREATE_REMINDER_EXERCISE_s88_v2_noisy.wav,CREATE_REMINDER,Exercise,Remind me to Exercise,89,s88,Synthetic,1,18,2,18,CREATE_REMINDER,2,0.9239365,1
audio/train_009959_group_synthetic_CREATE_REMINDER_EXERCISE_s67_v2_clean.wav,CREATE_REMINDER,Exercise,Remind me to Exercise,89,s67,Synthetic,1,18,2,18,CREATE_REMINDER,2,0.8913427,1
audio/train_009965_group_synthetic_CREATE_REMINDER_EXERCISE_s82_v2_noisy.wav,CREATE_REMINDER,Exercise,Remind me to Exercise,89,s82,Synthetic,1,18,2,18,CREATE_REMINDER,2,0.7899588,1
audio/train_009980_group_synthetic_CREATE_REMINDER_EXERCISE_s30_v2_clean.wav,CREATE_REMINDER,Exercise,Remind me to Exercise,89,s30,Synthetic,1,18,2,18,CREATE_REMINDER,2,0.95175695,1
audio/train_009987_group_synthetic_CREATE_REMINDER_EXERCISE_s26_v2_clean.wav,CREATE_REMINDER,Exercise,Remind me to Exercise,89,s26,Synthetic,1,18,2,18,CREATE_REMINDER,2,0.9548971,1
audio/train_009998_group_synthetic_CREATE_REMINDER_DRINK_WATER_s80_v3_clean.wav,CREATE_REMINDER,Drink water,Create a reminder to Drink water,90,s80,Synthetic,1,18,0,18,CREATE_REMINDER,0,0.8459319,1
audio/train_010000_group_synthetic_CREATE_REMINDER_DRINK_WATER_s72_v3_noisy.wav,CREATE_REMINDER,Drink water,Create a reminder to Drink water,90,s72,Synthetic,1,18,0,18,CREATE_REMINDER,0,0.84090793,1
audio/train_010003_group_synthetic_CREATE_REMINDER_DRINK_WATER_s26_v3_clean.wav,CREATE_REMINDER,Drink water,Create a reminder to Drink water,90,s26,Synthetic,1,18,0,18,CREATE_REMINDER,0,0.9507487,1
audio/train_010013_group_synthetic_CREATE_REMINDER_DRINK_WATER_s88_v3_noisy.wav,CREATE_REMINDER,Drink water,Create a reminder to Drink water,90,s88,Synthetic,1,18,0,18,CREATE_REMINDER,0,0.96119773,1
audio/train_010018_group_synthetic_CREATE_REMINDER_DRINK_WATER_s82_v3_noisy.wav,CREATE_REMINDER,Drink water,Create a reminder to Drink water,90,s82,Synthetic,1,18,0,18,CREATE_REMINDER,0,0.93845004,1
audio/train_010020_group_synthetic_CREATE_REMINDER_DRINK_WATER_s74_v3_clean.wav,CREATE_REMINDER,Drink water,Create a reminder to Drink water,90,s74,Synthetic,1,18,0,18,CREATE_REMINDER,0,0.851191,1
audio/train_010033_group_synthetic_CREATE_REMINDER_DRINK_WATER_s30_v3_clean.wav,CREATE_REMINDER,Drink water,Create a reminder to Drink water,90,s30,Synthetic,1,18,0,18,CREATE_REMINDER,0,0.9578438,1
audio/train_010042_group_synthetic_CREATE_REMINDER_DRINK_WATER_s18_v3_clean.wav,CREATE_REMINDER,Drink water,Create a reminder to Drink water,90,s18,Synthetic,1,18,0,18,CREATE_REMINDER,0,0.93742305,1
audio/train_010046_group_synthetic_CREATE_REMINDER_DRINK_WATER_s67_v3_noisy.wav,CREATE_REMINDER,Drink water,Create a reminder to Drink water,90,s67,Synthetic,1,18,0,18,CREATE_REMINDER,0,0.9588091,1
audio/train_010054_group_synthetic_CREATE_REMINDER_DRINK_WATER_s38_v3_clean.wav,CREATE_REMINDER,Drink water,Create a reminder to Drink water,90,s38,Synthetic,1,18,0,18,CREATE_REMINDER,0,0.93918145,1
audio/train_010069_group_synthetic_CREATE_REMINDER_DRINK_WATER_s88_v3_clean.wav,CREATE_REMINDER,Drink water,Create a reminder to Drink water,90,s88,Synthetic,1,18,0,18,CREATE_REMINDER,0,0.9656773,1
audio/train_010083_group_synthetic_CREATE_REMINDER_DRINK_WATER_s82_v3_clean.wav,CREATE_REMINDER,Drink water,Create a reminder to Drink water,90,s82,Synthetic,1,18,0,18,CREATE_REMINDER,0,0.93623924,1
audio/train_010091_group_synthetic_CREATE_REMINDER_DRINK_WATER_s72_v3_clean.wav,CREATE_REMINDER,Drink water,Create a reminder to Drink water,90,s72,Synthetic,1,18,0,18,CREATE_REMINDER,0,0.8666909,1
audio/train_010093_group_synthetic_CREATE_REMINDER_DRINK_WATER_s30_v3_noisy.wav,CREATE_REMINDER,Drink water,Create a reminder to Drink water,90,s30,Synthetic,1,18,0,18,CREATE_REMINDER,0,0.9568685,1
audio/train_010095_group_synthetic_CREATE_REMINDER_DRINK_WATER_s67_v3_clean.wav,CREATE_REMINDER,Drink water,Create a reminder to Drink water,90,s67,Synthetic,1,18,0,18,CREATE_REMINDER,0,0.95851886,1
audio/train_010101_group_synthetic_CREATE_REMINDER_STUDY_s72_v3_clean.wav,CREATE_REMINDER,Study,Create a reminder to Study,91,s72,Synthetic,1,18,1,18,CREATE_REMINDER,1,0.93636245,1
audio/train_010108_group_synthetic_CREATE_REMINDER_STUDY_s88_v3_clean.wav,CREATE_REMINDER,Study,Create a reminder to Study,91,s88,Synthetic,1,18,1,18,CREATE_REMINDER,1,0.9371582,1
audio/train_010110_group_synthetic_CREATE_REMINDER_STUDY_s30_v3_noisy.wav,CREATE_REMINDER,Study,Create a reminder to Study,91,s30,Synthetic,1,18,1,18,CREATE_REMINDER,1,0.9470221,1
audio/train_010114_group_synthetic_CREATE_REMINDER_STUDY_s26_v3_noisy.wav,CREATE_REMINDER,Study,Create a reminder to Study,91,s26,Synthetic,1,18,1,18,CREATE_REMINDER,1,0.9286852,1
audio/train_010125_group_synthetic_CREATE_REMINDER_STUDY_s38_v3_clean.wav,CREATE_REMINDER,Study,Create a reminder to Study,91,s38,Synthetic,1,18,1,18,CREATE_REMINDER,1,0.9200209,1
audio/train_010135_group_synthetic_CREATE_REMINDER_STUDY_s74_v3_noisy.wav,CREATE_REMINDER,Study,Create a reminder to Study,91,s74,Synthetic,1,18,1,18,CREATE_REMINDER,1,0.9213749,1
audio/train_010138_group_synthetic_CREATE_REMINDER_STUDY_s67_v3_noisy.wav,CREATE_REMINDER,Study,Create a reminder to Study,91,s67,Synthetic,1,18,1,18,CREATE_REMINDER,1,0.93980646,1
audio/train_010142_group_synthetic_CREATE_REMINDER_STUDY_s18_v3_noisy.wav,CREATE_REMINDER,Study,Create a reminder to Study,91,s18,Synthetic,1,18,1,18,CREATE_REMINDER,1,0.934119,1
audio/train_010165_group_synthetic_CREATE_REMINDER_STUDY_s80_v3_noisy.wav,CREATE_REMINDER,Study,Create a reminder to Study,91,s80,Synthetic,1,18,1,18,CREATE_REMINDER,1,0.9020899,1
audio/train_010166_group_synthetic_CREATE_REMINDER_STUDY_s82_v3_clean.wav,CREATE_REMINDER,Study,Create a reminder to Study,91,s82,Synthetic,1,18,1,18,CREATE_REMINDER,1,0.89504206,1
audio/train_010172_group_synthetic_CREATE_REMINDER_STUDY_s30_v3_clean.wav,CREATE_REMINDER,Study,Create a reminder to Study,91,s30,Synthetic,1,18,1,18,CREATE_REMINDER,1,0.948477,1
audio/train_010174_group_synthetic_CREATE_REMINDER_STUDY_s38_v3_noisy.wav,CREATE_REMINDER,Study,Create a reminder to Study,91,s38,Synthetic,1,18,1,18,CREATE_REMINDER,1,0.9256524,1
audio/train_010176_group_synthetic_CREATE_REMINDER_STUDY_s88_v3_noisy.wav,CREATE_REMINDER,Study,Create a reminder to Study,91,s88,Synthetic,1,18,1,18,CREATE_REMINDER,1,0.93928576,1
audio/train_010198_group_synthetic_CREATE_REMINDER_STUDY_s26_v3_clean.wav,CREATE_REMINDER,Study,Create a reminder to Study,91,s26,Synthetic,1,18,1,18,CREATE_REMINDER,1,0.9215574,1
audio/train_010201_group_synthetic_CREATE_REMINDER_STUDY_s18_v3_clean.wav,CREATE_REMINDER,Study,Create a reminder to Study,91,s18,Synthetic,1,18,1,18,CREATE_REMINDER,1,0.93079257,1
audio/train_010206_group_synthetic_CREATE_REMINDER_STUDY_s82_v3_noisy.wav,CREATE_REMINDER,Study,Create a reminder to Study,91,s82,Synthetic,1,18,1,18,CREATE_REMINDER,1,0.90729195,1
audio/train_010213_group_synthetic_CREATE_REMINDER_EXERCISE_s74_v3_noisy.wav,CREATE_REMINDER,Exercise,Create a reminder to Exercise,92,s74,Synthetic,1,18,2,18,CREATE_REMINDER,2,0.87573993,1
audio/train_010230_group_synthetic_CREATE_REMINDER_EXERCISE_s80_v3_noisy.wav,CREATE_REMINDER,Exercise,Create a reminder to Exercise,92,s80,Synthetic,1,18,2,18,CREATE_REMINDER,2,0.9105462,1
audio/train_010234_group_synthetic_CREATE_REMINDER_EXERCISE_s30_v3_clean.wav,CREATE_REMINDER,Exercise,Create a reminder to Exercise,92,s30,Synthetic,1,18,2,18,CREATE_REMINDER,2,0.9399103,1
audio/train_010237_group_synthetic_CREATE_REMINDER_EXERCISE_s72_v3_clean.wav,CREATE_REMINDER,Exercise,Create a reminder to Exercise,92,s72,Synthetic,1,18,2,18,CREATE_REMINDER,2,0.9556056,1
audio/train_010243_group_synthetic_CREATE_REMINDER_EXERCISE_s26_v3_clean.wav,CREATE_REMINDER,Exercise,Create a reminder to Exercise,92,s26,Synthetic,1,18,2,18,CREATE_REMINDER,2,0.9414788,1
audio/train_010248_group_synthetic_CREATE_REMINDER_EXERCISE_s38_v3_noisy.wav,CREATE_REMINDER,Exercise,Create a reminder to Exercise,92,s38,Synthetic,1,18,2,18,CREATE_REMINDER,2,0.94362485,1
audio/train_010259_group_synthetic_CREATE_REMINDER_EXERCISE_s67_v3_noisy.wav,CREATE_REMINDER,Exercise,Create a reminder to Exercise,92,s67,Synthetic,1,18,2,18,CREATE_REMINDER,2,0.94314575,1
audio/train_010261_group_synthetic_CREATE_REMINDER_EXERCISE_s18_v3_clean.wav,CREATE_REMINDER,Exercise,Create a reminder to Exercise,92,s18,Synthetic,1,18,2,18,CREATE_REMINDER,2,0.9417717,1
audio/train_010263_group_synthetic_CREATE_REMINDER_EXERCISE_s82_v3_noisy.wav,CREATE_REMINDER,Exercise,Create a reminder to Exercise,92,s82,Synthetic,1,18,2,18,CREATE_REMINDER,2,0.91458696,1
audio/train_010268_group_synthetic_CREATE_REMINDER_EXERCISE_s88_v3_clean.wav,CREATE_REMINDER,Exercise,Create a reminder to Exercise,92,s88,Synthetic,1,18,2,18,CREATE_REMINDER,2,0.94741786,1
audio/train_010281_group_synthetic_CREATE_REMINDER_EXERCISE_s80_v3_clean.wav,CREATE_REMINDER,Exercise,Create a reminder to Exercise,92,s80,Synthetic,1,18,2,18,CREATE_REMINDER,2,0.9114966,1
audio/train_010293_group_synthetic_CREATE_REMINDER_EXERCISE_s74_v3_clean.wav,CREATE_REMINDER,Exercise,Create a reminder to Exercise,92,s74,Synthetic,1,18,2,18,CREATE_REMINDER,2,0.85062814,1
audio/train_010295_group_synthetic_CREATE_REMINDER_EXERCISE_s30_v3_noisy.wav,CREATE_REMINDER,Exercise,Create a reminder to Exercise,92,s30,Synthetic,1,18,2,18,CREATE_REMINDER,2,0.9362694,1
audio/train_010307_group_synthetic_CREATE_REMINDER_EXERCISE_s18_v3_noisy.wav,CREATE_REMINDER,Exercise,Create a reminder to Exercise,92,s18,Synthetic,1,18,2,18,CREATE_REMINDER,2,0.94164014,1
audio/train_010308_group_synthetic_CREATE_REMINDER_EXERCISE_s82_v3_clean.wav,CREATE_REMINDER,Exercise,Create a reminder to Exercise,92,s82,Synthetic,1,18,2,18,CREATE_REMINDER,2,0.9111115,1
audio/train_010314_group_synthetic_CREATE_REMINDER_EXERCISE_s88_v3_noisy.wav,CREATE_REMINDER,Exercise,Create a reminder to Exercise,92,s88,Synthetic,1,18,2,18,CREATE_REMINDER,2,0.9402919,1
audio/train_010316_group_synthetic_CREATE_REMINDER_EXERCISE_s38_v3_clean.wav,CREATE_REMINDER,Exercise,Create a reminder to Exercise,92,s38,Synthetic,1,18,2,18,CREATE_REMINDER,2,0.9450779,1
audio/train_010322_group_synthetic_CREATE_REMINDER_EXERCISE_s72_v3_noisy.wav,CREATE_REMINDER,Exercise,Create a reminder to Exercise,92,s72,Synthetic,1,18,2,18,CREATE_REMINDER,2,0.9528634,1
audio/train_010593_CommonVoice_en_common_voice_en_37565620.wav,OUT_OF_SCOPE,,,93,55a030057be189ff6c02ffc3adcd5fdba29713e76ba279bf852f3207f93468510d68200fffc1bed5b832b7dce8b1c902c8d10dff719dae0e3ecd57ce4bd2ae14,Filipino (open-source),0,19,-1,19,OUT_OF_SCOPE,-1,0.9539474,1
audio/train_010598_CommonVoice_en_common_voice_en_18460666.wav,OUT_OF_SCOPE,,,93,d2df1988d7d45261792bcd4cd2682426fc364d184d244d43353ca80b6b0b57dbbe31ddebc890315da9e4b739b4a838d75962bc6b1380c633ed0aff25cdab3890,Filipino (open-source),0,19,-1,19,OUT_OF_SCOPE,-1,0.87847805,1
audio/train_010614_CommonVoice_en_common_voice_en_37565622.wav,OUT_OF_SCOPE,,,93,55a030057be189ff6c02ffc3adcd5fdba29713e76ba279bf852f3207f93468510d68200fffc1bed5b832b7dce8b1c902c8d10dff719dae0e3ecd57ce4bd2ae14,Filipino (open-source),0,19,-1,19,OUT_OF_SCOPE,-1,0.92748487,1
audio/train_010615_SLURP_slurp_train_4190_2169_train-00001-.wav,OUT_OF_SCOPE,,,93,FO-462,Other / non-native,0,19,-1,19,OUT_OF_SCOPE,-1,0.32980546,1
audio/train_010625_FluentSpeechCommands_be1b7300-45c3-11e9-8ec0-7bf21d1cfe30.wav,OUT_OF_SCOPE,,,93,xRQE5VD7rRHVdyvM,Native English,0,19,-1,17,COLOR,0,0.667866,0
audio/train_010629_SLURP_slurp_train_7159_3531_train-00000-.wav,OUT_OF_SCOPE,,,93,FE-249,Native English,0,19,-1,19,OUT_OF_SCOPE,-1,0.50512314,1
audio/train_010633_SNIPS_snips_smart-lights_1040_close.wav,OUT_OF_SCOPE,,,93,0f9d4a24-4d36-4378-98fd-3ddbe67d2f29,Native English,0,19,-1,19,OUT_OF_SCOPE,-1,0.657715,1
audio/train_010636_SLURP_slurp_train_4195_857_train-00003-.wav,OUT_OF_SCOPE,,,93,FO-180,Other / non-native,0,19,-1,19,OUT_OF_SCOPE,-1,0.83749175,1
audio/train_010640_SNIPS_snips_smart-lights_1654_close.wav,OUT_OF_SCOPE,,,93,9294d77a-9d94-4903-a978-af94ab79c0d9,Other Asian English,0,19,-1,19,OUT_OF_SCOPE,-1,0.33695447,1
audio/train_010655_FluentSpeechCommands_b3eacdd0-446b-11e9-beaa-1f3e1eab7bff.wav,OUT_OF_SCOPE,,,93,AY5e3mMgZkIyG3Ox,Native English,0,19,-1,19,OUT_OF_SCOPE,-1,0.78676057,1
audio/train_010657_SNIPS_snips_smart-lights_3248_far.wav,OUT_OF_SCOPE,,,93,bfc416c8-6ecd-4c63-a76d-02ea63ab9029,Native English,0,19,-1,19,OUT_OF_SCOPE,-1,0.551315,1
audio/train_010660_CommonVoice_en_common_voice_en_29658516.wav,OUT_OF_SCOPE,,,93,1693645a86757a36d1c72f6c47fbda9cc606456d244cef6a26c34a238e2f730dd749dbd74f3dd19aea565ccc95888d53bb96b52aa9b9648ade51a0e86c0247e2,Native English,0,19,-1,19,OUT_OF_SCOPE,-1,0.5815119,1
audio/train_010662_SLURP_slurp_test_5370_2940.wav,OUT_OF_SCOPE,,,93,FE-250,Native English,0,19,-1,19,OUT_OF_SCOPE,-1,0.5449645,1
audio/train_010663_CommonVoice_en_common_voice_en_37290120.wav,OUT_OF_SCOPE,,,93,e334d0aad055010163d48bdafb1ed4683f7fa0f0ac6315cbce463e77695f07d59e2814ea47189b1cd77a9fdd4776b6ca2a3863b96150f4db9b6922b365b7c677,Native English,0,19,-1,19,OUT_OF_SCOPE,-1,0.95930815,1
audio/train_010667_SLURP_slurp_train_119_5932_train-00004-.wav,OUT_OF_SCOPE,,,93,FO-420,Other / non-native,0,19,-1,19,OUT_OF_SCOPE,-1,0.37341154,1
audio/train_010669_SLURP_slurp_train_12407_5996_train-00002-.wav,OUT_OF_SCOPE,,,93,FO-171,Other / non-native,0,19,-1,19,OUT_OF_SCOPE,-1,0.310392,1
audio/train_010672_SLURP_slurp_train_5281_722_train-00005-.wav,OUT_OF_SCOPE,,,93,ME-369,Native English,0,19,-1,19,OUT_OF_SCOPE,-1,0.4430841,1
audio/train_010677_SLURP_slurp_devel_3973_497.wav,OUT_OF_SCOPE,,,93,FO-462,Other / non-native,0,19,-1,19,OUT_OF_SCOPE,-1,0.8080332,1
audio/train_010688_group_synthetic_PLAY_MUSIC_s74_v1_clean.wav,PLAY_MUSIC,,Play music,0,s74,Synthetic,1,0,-1,0,PLAY_MUSIC,-1,0.5585159,1
audio/train_010692_group_synthetic_PLAY_MUSIC_s72_v2_clean.wav,PLAY_MUSIC,,Start music,1,s72,Synthetic,1,0,-1,0,PLAY_MUSIC,-1,0.6758969,1
audio/train_010704_group_synthetic_PLAY_MUSIC_s80_v2_clean.wav,PLAY_MUSIC,,Start music,1,s80,Synthetic,1,0,-1,0,PLAY_MUSIC,-1,0.586408,1
audio/train_010708_group_synthetic_PLAY_MUSIC_s88_v2_clean.wav,PLAY_MUSIC,,Start music,1,s88,Synthetic,1,0,-1,0,PLAY_MUSIC,-1,0.6140754,1
audio/train_010712_group_synthetic_PLAY_MUSIC_s18_v2_clean.wav,PLAY_MUSIC,,Start music,1,s18,Synthetic,1,0,-1,0,PLAY_MUSIC,-1,0.8861068,1
audio/train_010713_group_synthetic_PLAY_MUSIC_s74_v2_clean.wav,PLAY_MUSIC,,Start music,1,s74,Synthetic,1,0,-1,0,PLAY_MUSIC,-1,0.8178587,1
audio/train_010717_group_synthetic_PLAY_MUSIC_s82_v2_clean.wav,PLAY_MUSIC,,Start music,1,s82,Synthetic,1,0,-1,0,PLAY_MUSIC,-1,0.8573983,1
audio/train_010734_group_synthetic_PLAY_MUSIC_s72_v3_clean.wav,PLAY_MUSIC,,Play some music,2,s72,Synthetic,1,0,-1,0,PLAY_MUSIC,-1,0.96952516,1
audio/train_010742_group_synthetic_PLAY_MUSIC_s80_v3_clean.wav,PLAY_MUSIC,,Play some music,2,s80,Synthetic,1,0,-1,0,PLAY_MUSIC,-1,0.93105745,1
audio/train_010746_group_synthetic_PLAY_MUSIC_s82_v3_clean.wav,PLAY_MUSIC,,Play some music,2,s82,Synthetic,1,0,-1,0,PLAY_MUSIC,-1,0.96285594,1
audio/train_010753_group_synthetic_PLAY_MUSIC_s18_v3_clean.wav,PLAY_MUSIC,,Play some music,2,s18,Synthetic,1,0,-1,0,PLAY_MUSIC,-1,0.8628067,1
audio/train_010758_group_synthetic_PLAY_MUSIC_s26_v3_noisy.wav,PLAY_MUSIC,,Play some music,2,s26,Synthetic,1,0,-1,0,PLAY_MUSIC,-1,0.86493826,1
audio/train_010767_group_synthetic_PLAY_MUSIC_s30_v3_noisy.wav,PLAY_MUSIC,,Play some music,2,s30,Synthetic,1,0,-1,0,PLAY_MUSIC,-1,0.97139055,1
audio/train_010770_group_synthetic_WEATHER_s72_v1_clean.wav,WEATHER,,Weather,3,s72,Synthetic,1,8,-1,8,WEATHER,-1,0.93102056,1
audio/train_010772_group_synthetic_WEATHER_s67_v1_clean.wav,WEATHER,,Weather,3,s67,Synthetic,1,8,-1,8,WEATHER,-1,0.9181217,1
audio/train_010784_group_synthetic_WEATHER_s82_v1_clean.wav,WEATHER,,Weather,3,s82,Synthetic,1,8,-1,8,WEATHER,-1,0.97329783,1
audio/train_010785_group_synthetic_WEATHER_s88_v1_clean.wav,WEATHER,,Weather,3,s88,Synthetic,1,8,-1,8,WEATHER,-1,0.9371977,1
audio/train_010797_group_synthetic_WEATHER_s18_v1_noisy.wav,WEATHER,,Weather,3,s18,Synthetic,1,8,-1,8,WEATHER,-1,0.96162814,1
audio/train_010806_group_synthetic_WEATHER_s80_v2_clean.wav,WEATHER,,What's the weather?,4,s80,Synthetic,1,8,-1,8,WEATHER,-1,0.72446704,1
audio/train_010812_group_synthetic_WEATHER_s67_v2_clean.wav,WEATHER,,What's the weather?,4,s67,Synthetic,1,8,-1,8,WEATHER,-1,0.97077215,1
audio/train_010816_group_synthetic_WEATHER_s26_v2_clean.wav,WEATHER,,What's the weather?,4,s26,Synthetic,1,8,-1,8,WEATHER,-1,0.9753838,1
audio/train_010822_group_synthetic_WEATHER_s82_v2_clean.wav,WEATHER,,What's the weather?,4,s82,Synthetic,1,8,-1,8,WEATHER,-1,0.96919304,1
audio/train_010840_group_synthetic_WEATHER_s80_v3_clean.wav,WEATHER,,Tell me the weather,5,s80,Synthetic,1,8,-1,8,WEATHER,-1,0.94715756,1
audio/train_010854_group_synthetic_WEATHER_s26_v3_clean.wav,WEATHER,,Tell me the weather,5,s26,Synthetic,1,8,-1,8,WEATHER,-1,0.97303843,1
audio/train_010863_group_synthetic_WEATHER_s67_v3_clean.wav,WEATHER,,Tell me the weather,5,s67,Synthetic,1,8,-1,8,WEATHER,-1,0.94937646,1
audio/train_010866_group_synthetic_WEATHER_s18_v3_noisy.wav,WEATHER,,Tell me the weather,5,s18,Synthetic,1,8,-1,8,WEATHER,-1,0.9590853,1
audio/train_010879_group_synthetic_TIME_s67_v2_clean.wav,TIME,,What time is it?,7,s67,Synthetic,1,9,-1,9,TIME,-1,0.9838374,1
audio/train_010880_group_synthetic_TIME_s30_v2_clean.wav,TIME,,What time is it?,7,s30,Synthetic,1,9,-1,9,TIME,-1,0.97531384,1
audio/train_010883_group_synthetic_LIGHT_ON_s38_v1_clean.wav,LIGHT_ON,,Lights on,9,s38,Synthetic,1,6,-1,6,LIGHT_ON,-1,0.65600735,1
audio/train_010890_group_synthetic_LIGHT_ON_s30_v1_clean.wav,LIGHT_ON,,Lights on,9,s30,Synthetic,1,6,-1,6,LIGHT_ON,-1,0.8659395,1
audio/train_010909_group_synthetic_LIGHT_ON_s18_v1_clean.wav,LIGHT_ON,,Lights on,9,s18,Synthetic,1,6,-1,6,LIGHT_ON,-1,0.73859227,1
audio/train_010912_group_synthetic_LIGHT_ON_s18_v2_clean.wav,LIGHT_ON,,Power on the lights,10,s18,Synthetic,1,6,-1,6,LIGHT_ON,-1,0.93481714,1
audio/train_010921_group_synthetic_LIGHT_ON_s30_v2_clean.wav,LIGHT_ON,,Power on the lights,10,s30,Synthetic,1,6,-1,6,LIGHT_ON,-1,0.9565103,1
audio/train_010923_group_synthetic_LIGHT_ON_s26_v2_clean.wav,LIGHT_ON,,Power on the lights,10,s26,Synthetic,1,6,-1,6,LIGHT_ON,-1,0.9239218,1
audio/train_010924_group_synthetic_LIGHT_ON_s38_v2_clean.wav,LIGHT_ON,,Power on the lights,10,s38,Synthetic,1,6,-1,6,LIGHT_ON,-1,0.9545643,1
audio/train_010931_group_synthetic_LIGHT_ON_s88_v2_clean.wav,LIGHT_ON,,Power on the lights,10,s88,Synthetic,1,6,-1,6,LIGHT_ON,-1,0.96465856,1
audio/train_010945_group_synthetic_LIGHT_ON_s18_v3_clean.wav,LIGHT_ON,,Turn on the lights,11,s18,Synthetic,1,6,-1,6,LIGHT_ON,-1,0.8583349,1
audio/train_010946_group_synthetic_LIGHT_ON_s38_v3_clean.wav,LIGHT_ON,,Turn on the lights,11,s38,Synthetic,1,6,-1,6,LIGHT_ON,-1,0.9243537,1
audio/train_010948_group_synthetic_LIGHT_OFF_s30_v1_clean.wav,LIGHT_OFF,,Lights out,12,s30,Synthetic,1,7,-1,7,LIGHT_OFF,-1,0.93398285,1
audio/train_010953_group_synthetic_LIGHT_OFF_s82_v1_clean.wav,LIGHT_OFF,,Lights out,12,s82,Synthetic,1,7,-1,7,LIGHT_OFF,-1,0.8762862,1
audio/train_010965_group_synthetic_LIGHT_OFF_s18_v1_clean.wav,LIGHT_OFF,,Lights out,12,s18,Synthetic,1,7,-1,7,LIGHT_OFF,-1,0.92002493,1
audio/train_010972_group_synthetic_LIGHT_OFF_s26_v2_clean.wav,LIGHT_OFF,,Kill the lights,13,s26,Synthetic,1,7,-1,7,LIGHT_OFF,-1,0.8317731,1
audio/train_010973_group_synthetic_LIGHT_OFF_s18_v2_clean.wav,LIGHT_OFF,,Kill the lights,13,s18,Synthetic,1,7,-1,7,LIGHT_OFF,-1,0.9032571,1
audio/train_010995_group_synthetic_LIGHT_OFF_s80_v3_clean.wav,LIGHT_OFF,,Shut off the lights,14,s80,Synthetic,1,7,-1,7,LIGHT_OFF,-1,0.89032584,1
audio/train_010998_group_synthetic_LIGHT_OFF_s82_v3_clean.wav,LIGHT_OFF,,Shut off the lights,14,s82,Synthetic,1,7,-1,7,LIGHT_OFF,-1,0.8613689,1
audio/train_011003_group_synthetic_LIGHT_OFF_s72_v3_clean.wav,LIGHT_OFF,,Shut off the lights,14,s72,Synthetic,1,7,-1,7,LIGHT_OFF,-1,0.56438446,1
audio/train_011008_group_synthetic_PAUSE_s30_v2_clean.wav,PAUSE,,Pause audio,16,s30,Synthetic,1,1,-1,1,PAUSE,-1,0.93701416,1
audio/train_011022_group_synthetic_PAUSE_s18_v3_clean.wav,PAUSE,,Pause song,17,s18,Synthetic,1,1,-1,1,PAUSE,-1,0.9537807,1
audio/train_011032_group_synthetic_PAUSE_s82_v3_clean.wav,PAUSE,,Pause song,17,s82,Synthetic,1,1,-1,1,PAUSE,-1,0.92524123,1
audio/train_011045_group_synthetic_NEXT_s74_v3_clean.wav,NEXT,,Play next song,23,s74,Synthetic,1,3,-1,3,NEXT,-1,0.8295932,1
audio/train_011046_group_synthetic_NEXT_s38_v3_clean.wav,NEXT,,Play next song,23,s38,Synthetic,1,3,-1,3,NEXT,-1,0.95865643,1
audio/train_011061_group_synthetic_VOLUME_DOWN_s80_v2_clean.wav,VOLUME_DOWN,,Lower the volume,28,s80,Synthetic,1,5,-1,19,OUT_OF_SCOPE,-1,0.37118557,0
audio/train_011066_group_synthetic_VOLUME_DOWN_s18_v3_clean.wav,VOLUME_DOWN,,Turn the volume down,29,s18,Synthetic,1,5,-1,5,VOLUME_DOWN,-1,0.95879537,1
audio/train_011077_group_synthetic_CALL_s74_v1_clean.wav,CALL,,Call,30,s74,Synthetic,1,10,-1,19,OUT_OF_SCOPE,-1,0.358601,0
audio/train_011080_group_synthetic_CALL_s67_v1_clean.wav,CALL,,Call,30,s67,Synthetic,1,10,-1,10,CALL,-1,0.9107302,1
audio/train_011084_group_synthetic_CALL_s72_v1_clean.wav,CALL,,Call,30,s72,Synthetic,1,10,-1,10,CALL,-1,0.69947743,1
audio/train_011087_group_synthetic_CALL_s80_v1_clean.wav,CALL,,Call,30,s80,Synthetic,1,10,-1,19,OUT_OF_SCOPE,-1,0.33605736,0
audio/train_011092_group_synthetic_CALL_s88_v1_clean.wav,CALL,,Call,30,s88,Synthetic,1,10,-1,10,CALL,-1,0.9505121,1
audio/train_011093_group_synthetic_CALL_s30_v1_clean.wav,CALL,,Call,30,s30,Synthetic,1,10,-1,10,CALL,-1,0.8617588,1
audio/train_011108_group_synthetic_CALL_s18_v1_noisy.wav,CALL,,Call,30,s18,Synthetic,1,10,-1,10,CALL,-1,0.9322654,1
audio/train_011116_group_synthetic_CALL_s18_v2_clean.wav,CALL,,Make a call,31,s18,Synthetic,1,10,-1,10,CALL,-1,0.92666,1
audio/train_011119_group_synthetic_CALL_s30_v2_clean.wav,CALL,,Make a call,31,s30,Synthetic,1,10,-1,10,CALL,-1,0.91335607,1
audio/train_011120_group_synthetic_CALL_s88_v2_clean.wav,CALL,,Make a call,31,s88,Synthetic,1,10,-1,10,CALL,-1,0.92619944,1
audio/train_011126_group_synthetic_CALL_s88_v3_clean.wav,CALL,,Make a phone call,32,s88,Synthetic,1,10,-1,10,CALL,-1,0.9530544,1
audio/train_011132_group_synthetic_CALL_s80_v3_clean.wav,CALL,,Make a phone call,32,s80,Synthetic,1,10,-1,10,CALL,-1,0.87499475,1
audio/train_011134_group_synthetic_CALL_s18_v3_clean.wav,CALL,,Make a phone call,32,s18,Synthetic,1,10,-1,10,CALL,-1,0.5734513,1
audio/train_011135_group_synthetic_MESSAGE_s80_v1_clean.wav,MESSAGE,,Message,33,s80,Synthetic,1,11,-1,11,MESSAGE,-1,0.9176964,1
audio/train_011139_group_synthetic_MESSAGE_s67_v1_clean.wav,MESSAGE,,Message,33,s67,Synthetic,1,11,-1,11,MESSAGE,-1,0.93864304,1
audio/train_011147_group_synthetic_MESSAGE_s38_v2_clean.wav,MESSAGE,,Send a message,34,s38,Synthetic,1,11,-1,11,MESSAGE,-1,0.94912815,1
audio/train_011149_group_synthetic_MESSAGE_s30_v2_clean.wav,MESSAGE,,Send a message,34,s30,Synthetic,1,11,-1,11,MESSAGE,-1,0.9579632,1
audio/train_011158_group_synthetic_MESSAGE_s82_v2_clean.wav,MESSAGE,,Send a message,34,s82,Synthetic,1,11,-1,11,MESSAGE,-1,0.9621179,1
audio/train_011163_group_synthetic_LIST_REMINDERS_s18_v2_clean.wav,LIST_REMINDERS,,Show my reminders,37,s18,Synthetic,1,12,-1,12,LIST_REMINDERS,-1,0.9277249,1
audio/train_011164_group_synthetic_LIST_REMINDERS_s67_v2_clean.wav,LIST_REMINDERS,,Show my reminders,37,s67,Synthetic,1,12,-1,12,LIST_REMINDERS,-1,0.9468406,1
audio/train_011165_group_synthetic_LIST_REMINDERS_s72_v2_clean.wav,LIST_REMINDERS,,Show my reminders,37,s72,Synthetic,1,12,-1,12,LIST_REMINDERS,-1,0.9426384,1
audio/train_011178_group_synthetic_LIST_REMINDERS_s30_v3_clean.wav,LIST_REMINDERS,,List my reminders,38,s30,Synthetic,1,12,-1,12,LIST_REMINDERS,-1,0.97172606,1
audio/train_011191_group_synthetic_oos_OOS_s18_010_clean.wav,OUT_OF_SCOPE,,,93,s18,Synthetic,1,19,-1,19,OUT_OF_SCOPE,-1,0.9966582,1
audio/train_011197_group_synthetic_oos_OOS_s26_016_clean.wav,OUT_OF_SCOPE,,,93,s26,Synthetic,1,19,-1,19,OUT_OF_SCOPE,-1,0.98697346,1
audio/train_011199_group_synthetic_oos_OOS_s30_018_clean.wav,OUT_OF_SCOPE,,,93,s30,Synthetic,1,19,-1,19,OUT_OF_SCOPE,-1,0.9654134,1
audio/train_011203_group_synthetic_oos_OOS_s38_022_clean.wav,OUT_OF_SCOPE,,,93,s38,Synthetic,1,19,-1,19,OUT_OF_SCOPE,-1,0.5515846,1
audio/train_011226_group_synthetic_oos_OOS_s67_045_noisy.wav,OUT_OF_SCOPE,,,93,s67,Synthetic,1,19,-1,16,BRIGHTNESS,2,0.41029733,0
audio/train_011230_group_synthetic_oos_OOS_s72_049_noisy.wav,OUT_OF_SCOPE,,,93,s72,Synthetic,1,19,-1,19,OUT_OF_SCOPE,-1,0.7334035,1
audio/train_011231_group_synthetic_oos_OOS_s74_050_clean.wav,OUT_OF_SCOPE,,,93,s74,Synthetic,1,19,-1,19,OUT_OF_SCOPE,-1,0.87617105,1
audio/train_011236_group_synthetic_oos_OOS_s80_055_noisy.wav,OUT_OF_SCOPE,,,93,s80,Synthetic,1,19,-1,19,OUT_OF_SCOPE,-1,0.38086182,1
audio/train_011238_group_synthetic_oos_OOS_s82_057_noisy.wav,OUT_OF_SCOPE,,,93,s82,Synthetic,1,19,-1,19,OUT_OF_SCOPE,-1,0.36230394,1
audio/train_011243_group_synthetic_oos_OOS_s88_062_clean.wav,OUT_OF_SCOPE,,,93,s88,Synthetic,1,19,-1,19,OUT_OF_SCOPE,-1,0.90689975,1
