file,command,slot_value,variation,variation_idx,speaker_id,accent_group,is_synthetic,true_cmd_idx,true_slot_idx,pred_cmd_idx,pred_command,pred_slot_idx,max_prob,correct
audio/train_000060_group_synthetic_PLAY_MUSIC_s88_v1_noisy.wav,PLAY_MUSIC,,Play music,0,s88,Synthetic,1,0,-1,0,PLAY_MUSIC,-1,0.8180151,1
audio/train_000064_group_synthetic_PLAY_MUSIC_s26_v1_noisy.wav,PLAY_MUSIC,,Play music,0,s26,Synthetic,1,0,-1,0,PLAY_MUSIC,-1,0.84898484,1
audio/train_000068_group_synthetic_PLAY_MUSIC_s80_v1_clean.wav,PLAY_MUSIC,,Play music,0,s80,Synthetic,1,0,-1,9,TIME,-1,0.61058444,0
audio/train_000081_group_synthetic_PLAY_MUSIC_s74_v1_noisy.wav,PLAY_MUSIC,,Play music,0,s74,Synthetic,1,0,-1,0,PLAY_MUSIC,-1,0.88531166,1
audio/train_000086_group_synthetic_PLAY_MUSIC_s72_v1_clean.wav,PLAY_MUSIC,,Play music,0,s72,Synthetic,1,0,-1,0,PLAY_MUSIC,-1,0.88032943,1
audio/train_000088_group_synthetic_PLAY_MUSIC_s18_v1_clean.wav,PLAY_MUSIC,,Play music,0,s18,Synthetic,1,0,-1,0,PLAY_MUSIC,-1,0.856256,1
audio/train_000089_group_synthetic_PLAY_MUSIC_s67_v1_noisy.wav,PLAY_MUSIC,,Play music,0,s67,Synthetic,1,0,-1,0,PLAY_MUSIC,-1,0.9192136,1
audio/train_000091_group_synthetic_PLAY_MUSIC_s82_v1_noisy.wav,PLAY_MUSIC,,Play music,0,s82,Synthetic,1,0,-1,0,PLAY_MUSIC,-1,0.95805323,1
audio/train_000098_group_synthetic_PLAY_MUSIC_s38_v1_clean.wav,PLAY_MUSIC,,Play music,0,s38,Synthetic,1,0,-1,0,PLAY_MUSIC,-1,0.9611507,1
audio/train_000109_group_synthetic_PLAY_MUSIC_s30_v1_clean.wav,PLAY_MUSIC,,Play music,0,s30,Synthetic,1,0,-1,0,PLAY_MUSIC,-1,0.96424186,1
audio/train_000138_SLURP_slurp_test_614_347.wav,PLAY_MUSIC,,Start music,1,FO-462,Other / non-native,0,0,-1,0,PLAY_MUSIC,-1,0.39996973,1
audio/train_000168_group_synthetic_PLAY_MUSIC_s67_v2_clean.wav,PLAY_MUSIC,,Start music,1,s67,Synthetic,1,0,-1,0,PLAY_MUSIC,-1,0.9004247,1
audio/train_000169_group_synthetic_PLAY_MUSIC_s88_v2_noisy.wav,PLAY_MUSIC,,Start music,1,s88,Synthetic,1,0,-1,0,PLAY_MUSIC,-1,0.8169768,1
audio/train_000172_group_synthetic_PLAY_MUSIC_s18_v2_noisy.wav,PLAY_MUSIC,,Start music,1,s18,Synthetic,1,0,-1,0,PLAY_MUSIC,-1,0.91394633,1
audio/train_000181_group_synthetic_PLAY_MUSIC_s80_v2_noisy.wav,PLAY_MUSIC,,Start music,1,s80,Synthetic,1,0,-1,0,PLAY_MUSIC,-1,0.4363399,1
audio/train_000201_group_synthetic_PLAY_MUSIC_s26_v2_clean.wav,PLAY_MUSIC,,Start music,1,s26,Synthetic,1,0,-1,0,PLAY_MUSIC,-1,0.83128446,1
audio/train_000203_group_synthetic_PLAY_MUSIC_s38_v2_clean.wav,PLAY_MUSIC,,Start music,1,s38,Synthetic,1,0,-1,0,PLAY_MUSIC,-1,0.9169031,1
audio/train_000212_group_synthetic_PLAY_MUSIC_s74_v2_noisy.wav,PLAY_MUSIC,,Start music,1,s74,Synthetic,1,0,-1,0,PLAY_MUSIC,-1,0.73963356,1
audio/train_000231_SLURP_slurp_train_4472_4854_train-00001-.wav,PLAY_MUSIC,,Play some music,2,FO-462,Other / non-native,0,0,-1,6,LIGHT_ON,-1,0.4420482,0
audio/train_000274_SLURP_slurp_train_3818_6652_train-00003-.wav,PLAY_MUSIC,,Play some music,2,FO-180,Other / non-native,0,0,-1,19,OUT_OF_SCOPE,-1,0.3559402,0
audio/train_000292_group_synthetic_PLAY_MUSIC_s18_v3_noisy.wav,PLAY_MUSIC,,Play some music,2,s18,Synthetic,1,0,-1,0,PLAY_MUSIC,-1,0.9661737,1
audio/train_000301_group_synthetic_PLAY_MUSIC_s30_v3_clean.wav,PLAY_MUSIC,,Play some music,2,s30,Synthetic,1,0,-1,0,PLAY_MUSIC,-1,0.98186344,1
audio/train_000303_group_synthetic_PLAY_MUSIC_s88_v3_clean.wav,PLAY_MUSIC,,Play some music,2,s88,Synthetic,1,0,-1,0,PLAY_MUSIC,-1,0.9623337,1
audio/train_000314_group_synthetic_PLAY_MUSIC_s38_v3_clean.wav,PLAY_MUSIC,,Play some music,2,s38,Synthetic,1,0,-1,0,PLAY_MUSIC,-1,0.9621154,1
audio/train_000327_group_synthetic_PLAY_MUSIC_s67_v3_clean.wav,PLAY_MUSIC,,Play some music,2,s67,Synthetic,1,0,-1,0,PLAY_MUSIC,-1,0.95798945,1
audio/train_000329_group_synthetic_PLAY_MUSIC_s82_v3_noisy.wav,PLAY_MUSIC,,Play some music,2,s82,Synthetic,1,0,-1,0,PLAY_MUSIC,-1,0.9894348,1
audio/train_000372_SLURP_slurp_train_1455_1847_train-00000-.wav,WEATHER,,Weather,3,FO-462,Other / non-native,0,8,-1,8,WEATHER,-1,0.9449967,1
audio/train_000399_group_synthetic_WEATHER_s82_v1_noisy.wav,WEATHER,,Weather,3,s82,Synthetic,1,8,-1,8,WEATHER,-1,0.96599466,1
audio/train_000409_group_synthetic_WEATHER_s80_v1_clean.wav,WEATHER,,Weather,3,s80,Synthetic,1,8,-1,19,OUT_OF_SCOPE,-1,0.9680444,0
audio/train_000416_group_synthetic_WEATHER_s88_v1_noisy.wav,WEATHER,,Weather,3,s88,Synthetic,1,8,-1,8,WEATHER,-1,0.8672224,1
audio/train_000419_group_synthetic_WEATHER_s26_v1_clean.wav,WEATHER,,Weather,3,s26,Synthetic,1,8,-1,8,WEATHER,-1,0.9334518,1
audio/train_000429_group_synthetic_WEATHER_s72_v1_noisy.wav,WEATHER,,Weather,3,s72,Synthetic,1,8,-1,8,WEATHER,-1,0.786592,1
audio/train_000431_group_synthetic_WEATHER_s18_v1_clean.wav,WEATHER,,Weather,3,s18,Synthetic,1,8,-1,8,WEATHER,-1,0.97046834,1
audio/train_000437_group_synthetic_WEATHER_s67_v1_noisy.wav,WEATHER,,Weather,3,s67,Synthetic,1,8,-1,8,WEATHER,-1,0.9453778,1
audio/train_000440_group_synthetic_WEATHER_s30_v1_clean.wav,WEATHER,,Weather,3,s30,Synthetic,1,8,-1,8,WEATHER,-1,0.9669844,1
audio/train_000497_SLURP_slurp_train_2331_6588_train-00001-.wav,WEATHER,,What's the weather?,4,MO-371,Other / non-native,0,8,-1,17,COLOR,0,0.31723186,0
audio/train_000501_group_synthetic_WEATHER_s38_v2_clean.wav,WEATHER,,What's the weather?,4,s38,Synthetic,1,8,-1,8,WEATHER,-1,0.9683069,1
audio/train_000514_group_synthetic_WEATHER_s67_v2_noisy.wav,WEATHER,,What's the weather?,4,s67,Synthetic,1,8,-1,8,WEATHER,-1,0.95941395,1
audio/train_000523_group_synthetic_WEATHER_s72_v2_noisy.wav,WEATHER,,What's the weather?,4,s72,Synthetic,1,8,-1,8,WEATHER,-1,0.9076287,1
audio/train_000529_group_synthetic_WEATHER_s74_v2_noisy.wav,WEATHER,,What's the weather?,4,s74,Synthetic,1,8,-1,0,PLAY_MUSIC,-1,0.42131257,0
audio/train_000533_group_synthetic_WEATHER_s88_v2_noisy.wav,WEATHER,,What's the weather?,4,s88,Synthetic,1,8,-1,8,WEATHER,-1,0.9627247,1
audio/train_000535_group_synthetic_WEATHER_s82_v2_noisy.wav,WEATHER,,What's the weather?,4,s82,Synthetic,1,8,-1,8,WEATHER,-1,0.96875453,1
audio/train_000536_group_synthetic_WEATHER_s80_v2_noisy.wav,WEATHER,,What's the weather?,4,s80,Synthetic,1,8,-1,8,WEATHER,-1,0.57513434,1
audio/train_000551_group_synthetic_WEATHER_s26_v2_noisy.wav,WEATHER,,What's the weather?,4,s26,Synthetic,1,8,-1,8,WEATHER,-1,0.9685893,1
audio/train_000555_SLURP_slurp_train_2918_1052_train-00005-.wav,WEATHER,,Tell me the weather,5,FO-462,Other / non-native,0,8,-1,8,WEATHER,-1,0.37972015,1
audio/train_000585_SLURP_slurp_train_179_7088_train-00001-.wav,WEATHER,,Tell me the weather,5,MO-371,Other / non-native,0,8,-1,8,WEATHER,-1,0.8178921,1
audio/train_000591_SLURP_slurp_test_2611_5904.wav,WEATHER,,Tell me the weather,5,FO-462,Other / non-native,0,8,-1,5,VOLUME_DOWN,-1,0.61751986,0
audio/train_000621_group_synthetic_WEATHER_s88_v3_clean.wav,WEATHER,,Tell me the weather,5,s88,Synthetic,1,8,-1,8,WEATHER,-1,0.6907154,1
audio/train_000624_group_synthetic_WEATHER_s72_v3_clean.wav,WEATHER,,Tell me the weather,5,s72,Synthetic,1,8,-1,8,WEATHER,-1,0.8117915,1
audio/train_000627_group_synthetic_WEATHER_s80_v3_noisy.wav,WEATHER,,Tell me the weather,5,s80,Synthetic,1,8,-1,8,WEATHER,-1,0.93148,1
audio/train_000630_group_synthetic_WEATHER_s67_v3_noisy.wav,WEATHER,,Tell me the weather,5,s67,Synthetic,1,8,-1,8,WEATHER,-1,0.9476245,1
audio/train_000632_group_synthetic_WEATHER_s82_v3_clean.wav,WEATHER,,Tell me the weather,5,s82,Synthetic,1,8,-1,8,WEATHER,-1,0.97573406,1
audio/train_000641_group_synthetic_WEATHER_s18_v3_clean.wav,WEATHER,,Tell me the weather,5,s18,Synthetic,1,8,-1,8,WEATHER,-1,0.97335285,1
audio/train_000651_group_synthetic_WEATHER_s26_v3_noisy.wav,WEATHER,,Tell me the weather,5,s26,Synthetic,1,8,-1,8,WEATHER,-1,0.9588419,1
audio/train_000662_group_synthetic_WEATHER_s30_v3_clean.wav,WEATHER,,Tell me the weather,5,s30,Synthetic,1,8,-1,8,WEATHER,-1,0.9669789,1
audio/train_000672_SLURP_slurp_train_2180_7583_train-00004-.wav,TIME,,Time,6,FO-462,Other / non-native,0,9,-1,9,TIME,-1,0.8618244,1
audio/train_000678_SLURP_slurp_train_2180_7582_train-00004-.wav,TIME,,Time,6,FO-462,Other / non-native,0,9,-1,9,TIME,-1,0.8104698,1
audio/train_000680_SLURP_slurp_test_5703_1528.wav,TIME,,Time,6,FE-250,Native English,0,9,-1,19,OUT_OF_SCOPE,-1,0.74390906,0
audio/train_000681_SLURP_slurp_train_4069_8285_train-00001-.wav,TIME,,Time,6,FE-249,Native English,0,9,-1,5,VOLUME_DOWN,-1,0.91751635,0
audio/train_000682_SLURP_slurp_test_5703_1531.wav,TIME,,Time,6,FE-349,Native English,0,9,-1,5,VOLUME_DOWN,-1,0.5312734,0
audio/train_000685_SLURP_slurp_train_2180_7577_train-00004-.wav,TIME,,Time,6,FE-250,Native English,0,9,-1,9,TIME,-1,0.7880973,1
audio/train_000686_SLURP_slurp_test_5703_1529.wav,TIME,,Time,6,FE-250,Native English,0,9,-1,5,VOLUME_DOWN,-1,0.88246876,0
audio/train_000687_SLURP_slurp_train_4069_8286_train-00001-.wav,TIME,,Time,6,FE-249,Native English,0,9,-1,19,OUT_OF_SCOPE,-1,0.35521463,0
audio/train_000688_SLURP_slurp_test_5703_1530.wav,TIME,,Time,6,FE-349,Native English,0,9,-1,4,VOLUME_UP,-1,0.39460224,0
audio/train_000699_group_synthetic_TIME_s88_v1_noisy.wav,TIME,,Time,6,s88,Synthetic,1,9,-1,9,TIME,-1,0.56609595,1
audio/train_000705_group_synthetic_TIME_s38_v1_clean.wav,TIME,,Time,6,s38,Synthetic,1,9,-1,9,TIME,-1,0.96251315,1
audio/train_000706_group_synthetic_TIME_s67_v1_clean.wav,TIME,,Time,6,s67,Synthetic,1,9,-1,9,TIME,-1,0.94927967,1
audio/train_000725_group_synthetic_TIME_s30_v1_noisy.wav,TIME,,Time,6,s30,Synthetic,1,9,-1,9,TIME,-1,0.96146244,1
audio/train_000737_group_synthetic_TIME_s82_v1_noisy.wav,TIME,,Time,6,s82,Synthetic,1,9,-1,9,TIME,-1,0.9406009,1
audio/train_000741_group_synthetic_TIME_s18_v1_clean.wav,TIME,,Time,6,s18,Synthetic,1,9,-1,9,TIME,-1,0.9546147,1
audio/train_000750_group_synthetic_TIME_s67_v1_noisy.wav,TIME,,Time,6,s67,Synthetic,1,9,-1,9,TIME,-1,0.9430902,1
audio/train_000756_group_synthetic_TIME_s38_v1_noisy.wav,TIME,,Time,6,s38,Synthetic,1,9,-1,9,TIME,-1,0.9572788,1
audio/train_000759_group_synthetic_TIME_s88_v1_clean.wav,TIME,,Time,6,s88,Synthetic,1,9,-1,9,TIME,-1,0.6016408,1
audio/train_000775_group_synthetic_TIME_s30_v1_clean.wav,TIME,,Time,6,s30,Synthetic,1,9,-1,9,TIME,-1,0.96645546,1
audio/train_000795_SLURP_slurp_test_197_314.wav,TIME,,What time is it?,7,MO-371,Other / non-native,0,9,-1,9,TIME,-1,0.9209643,1
audio/train_000797_SLURP_slurp_test_4667_6112.wav,TIME,,What time is it?,7,FO-462,Other / non-native,0,9,-1,19,OUT_OF_SCOPE,-1,0.717777,0
audio/train_000821_SLURP_slurp_test_197_304.wav,TIME,,What time is it?,7,FO-462,Other / non-native,0,9,-1,9,TIME,-1,0.94563967,1
audio/train_000828_SLURP_slurp_test_197_305.wav,TIME,,What time is it?,7,FO-462,Other / non-native,0,9,-1,9,TIME,-1,0.94272286,1
audio/train_000834_group_synthetic_TIME_s80_v2_clean.wav,TIME,,What time is it?,7,s80,Synthetic,1,9,-1,9,TIME,-1,0.97847545,1
audio/train_000846_group_synthetic_TIME_s67_v2_noisy.wav,TIME,,What time is it?,7,s67,Synthetic,1,9,-1,9,TIME,-1,0.9837863,1
audio/train_000861_group_synthetic_TIME_s82_v2_clean.wav,TIME,,What time is it?,7,s82,Synthetic,1,9,-1,9,TIME,-1,0.9559834,1
audio/train_000867_group_synthetic_TIME_s30_v2_noisy.wav,TIME,,What time is it?,7,s30,Synthetic,1,9,-1,9,TIME,-1,0.97185713,1
audio/train_000871_group_synthetic_TIME_s38_v2_noisy.wav,TIME,,What time is it?,7,s38,Synthetic,1,9,-1,9,TIME,-1,0.9765278,1
audio/train_000876_group_synthetic_TIME_s88_v2_clean.wav,TIME,,What time is it?,7,s88,Synthetic,1,9,-1,9,TIME,-1,0.98289263,1
audio/train_000878_group_synthetic_TIME_s74_v2_noisy.wav,TIME,,What time is it?,7,s74,Synthetic,1,9,-1,0,PLAY_MUSIC,-1,0.6749403,0
audio/train_000892_SLURP_slurp_test_360_4528.wav,TIME,,Tell me the time,8,FO-462,Other / non-native,0,9,-1,9,TIME,-1,0.9758581,1
audio/train_000908_SLURP_slurp_train_195_3189_train-00004-.wav,TIME,,Tell me the time,8,FO-171,Other / non-native,0,9,-1,9,TIME,-1,0.889008,1
audio/train_000915_SLURP_slurp_train_270_6037_train-00005-.wav,TIME,,Tell me the time,8,FO-180,Other / non-native,0,9,-1,9,TIME,-1,0.60084176,1
audio/train_000922_SLURP_slurp_train_195_3198_train-00004-.wav,TIME,,Tell me the time,8,FO-420,Other / non-native,0,9,-1,9,TIME,-1,0.80861956,1
audio/train_000929_SLURP_slurp_train_196_7955_train-00000-.wav,TIME,,Tell me the time,8,FO-462,Other / non-native,0,9,-1,9,TIME,-1,0.9778576,1
audio/train_000933_SLURP_slurp_test_360_4531.wav,TIME,,Tell me the time,8,FO-462,Other / non-native,0,9,-1,9,TIME,-1,0.76766264,1
audio/train_000934_SLURP_slurp_train_195_3204_train-00004-.wav,TIME,,Tell me the time,8,FO-462,Other / non-native,0,9,-1,9,TIME,-1,0.9827675,1
audio/train_000937_SLURP_slurp_train_195_3206_train-00004-.wav,TIME,,Tell me the time,8,FO-462,Other / non-native,0,9,-1,9,TIME,-1,0.949118,1
audio/train_000939_SLURP_slurp_train_196_7956_train-00000-.wav,TIME,,Tell me the time,8,FO-462,Other / non-native,0,9,-1,9,TIME,-1,0.95941526,1
audio/train_000940_SLURP_slurp_test_360_4527.wav,TIME,,Tell me the time,8,FO-462,Other / non-native,0,9,-1,9,TIME,-1,0.9572021,1
audio/train_000942_SLURP_slurp_train_1394_7280_train-00001-.wav,TIME,,Tell me the time,8,FO-462,Other / non-native,0,9,-1,9,TIME,-1,0.9069946,1
audio/train_000943_SLURP_slurp_test_360_4529.wav,TIME,,Tell me the time,8,FO-462,Other / non-native,0,9,-1,19,OUT_OF_SCOPE,-1,0.5246859,0
audio/train_000950_group_synthetic_TIME_s30_v3_noisy.wav,TIME,,Tell me the time,8,s30,Synthetic,1,9,-1,9,TIME,-1,0.8943728,1
audio/train_000953_group_synthetic_TIME_s18_v3_clean.wav,TIME,,Tell me the time,8,s18,Synthetic,1,9,-1,9,TIME,-1,0.9590875,1
audio/train_000955_group_synthetic_TIME_s72_v3_noisy.wav,TIME,,Tell me the time,8,s72,Synthetic,1,9,-1,9,TIME,-1,0.7187039,1
audio/train_000956_group_synthetic_TIME_s74_v3_clean.wav,TIME,,Tell me the time,8,s74,Synthetic,1,9,-1,8,WEATHER,-1,0.2912015,0
audio/train_000971_group_synthetic_TIME_s67_v3_noisy.wav,TIME,,Tell me the time,8,s67,Synthetic,1,9,-1,9,TIME,-1,0.9549402,1
audio/train_000972_group_synthetic_TIME_s82_v3_clean.wav,TIME,,Tell me the time,8,s82,Synthetic,1,9,-1,9,TIME,-1,0.95170426,1
audio/train_000976_group_synthetic_TIME_s80_v3_clean.wav,TIME,,Tell me the time,8,s80,Synthetic,1,9,-1,9,TIME,-1,0.75869465,1
audio/train_000992_group_synthetic_TIME_s38_v3_noisy.wav,TIME,,Tell me the time,8,s38,Synthetic,1,9,-1,9,TIME,-1,0.9504987,1
audio/train_001001_SLURP_slurp_devel_4287_2327.wav,LIGHT_ON,,Lights on,9,FO-462,Other / non-native,0,6,-1,7,LIGHT_OFF,-1,0.7866206,0
audio/train_001007_SLURP_slurp_devel_4287_2326.wav,LIGHT_ON,,Lights on,9,FO-462,Other / non-native,0,6,-1,6,LIGHT_ON,-1,0.50389117,1
audio/train_001027_SLURP_slurp_devel_4287_2329.wav,LIGHT_ON,,Lights on,9,ME-220,Native English,0,6,-1,7,LIGHT_OFF,-1,0.91796196,0
audio/train_001030_SLURP_slurp_devel_4287_2330.wav,LIGHT_ON,,Lights on,9,ME-352,Native English,0,6,-1,19,OUT_OF_SCOPE,-1,0.60931677,0
audio/train_001032_SNIPS_snips_smart-lights_1549_close.wav,LIGHT_ON,,Lights on,9,143921a6-6caa-417f-bd7e-2732023270c1,Native English,0,6,-1,6,LIGHT_ON,-1,0.34524494,1
audio/train_001037_FluentSpeechCommands_3f5dc650-44f4-11e9-a1ea-79ca03012c0e.wav,LIGHT_ON,,Lights on,9,ppymZZDb2Bf4NQnE,Native English,0,6,-1,6,LIGHT_ON,-1,0.5345036,1
audio/train_001044_SNIPS_snips_smart-lights_334_close.wav,LIGHT_ON,,Lights on,9,143921a6-6caa-417f-bd7e-2732023270c1,Native English,0,6,-1,19,OUT_OF_SCOPE,-1,0.41245094,0
audio/train_001054_SNIPS_snips_smart-lights_3220_far.wav,LIGHT_ON,,Lights on,9,143921a6-6caa-417f-bd7e-2732023270c1,Native English,0,6,-1,3,NEXT,-1,0.7453327,0
audio/train_001055_group_synthetic_LIGHT_ON_s26_v1_clean.wav,LIGHT_ON,,Lights on,9,s26,Synthetic,1,6,-1,6,LIGHT_ON,-1,0.96209174,1
audio/train_001076_group_synthetic_LIGHT_ON_s38_v1_noisy.wav,LIGHT_ON,,Lights on,9,s38,Synthetic,1,6,-1,7,LIGHT_OFF,-1,0.47107047,0
audio/train_001081_group_synthetic_LIGHT_ON_s30_v1_noisy.wav,LIGHT_ON,,Lights on,9,s30,Synthetic,1,6,-1,6,LIGHT_ON,-1,0.82282406,1
audio/train_001085_group_synthetic_LIGHT_ON_s72_v1_clean.wav,LIGHT_ON,,Lights on,9,s72,Synthetic,1,6,-1,7,LIGHT_OFF,-1,0.57149947,0
audio/train_001089_group_synthetic_LIGHT_ON_s74_v1_clean.wav,LIGHT_ON,,Lights on,9,s74,Synthetic,1,6,-1,6,LIGHT_ON,-1,0.75049233,1
audio/train_001093_group_synthetic_LIGHT_ON_s82_v1_noisy.wav,LIGHT_ON,,Lights on,9,s82,Synthetic,1,6,-1,6,LIGHT_ON,-1,0.9205468,1
audio/train_001104_group_synthetic_LIGHT_ON_s18_v1_noisy.wav,LIGHT_ON,,Lights on,9,s18,Synthetic,1,6,-1,6,LIGHT_ON,-1,0.7730253,1
audio/train_001105_group_synthetic_LIGHT_ON_s88_v1_noisy.wav,LIGHT_ON,,Lights on,9,s88,Synthetic,1,6,-1,7,LIGHT_OFF,-1,0.4676215,0
audio/train_001110_SLURP_slurp_train_4150_2208_train-00005-.wav,LIGHT_ON,,Power on the lights,10,FO-462,Other / non-native,0,6,-1,19,OUT_OF_SCOPE,-1,0.36116937,0
audio/train_001123_SLURP_slurp_train_4150_2209_train-00005-.wav,LIGHT_ON,,Power on the lights,10,FO-462,Other / non-native,0,6,-1,7,LIGHT_OFF,-1,0.8698524,0
audio/train_001130_SNIPS_snips_smart-lights_2515_far.wav,LIGHT_ON,,Power on the lights,10,879c3ade-29b9-4bb5-9272-dabf30186e0e,Native English,0,6,-1,6,LIGHT_ON,-1,0.47982875,1
audio/train_001136_SNIPS_snips_smart-lights_844_close.wav,LIGHT_ON,,Power on the lights,10,879c3ade-29b9-4bb5-9272-dabf30186e0e,Native English,0,6,-1,6,LIGHT_ON,-1,0.32905713,1
audio/train_001139_SNIPS_snips_smart-lights_2040_far.wav,LIGHT_ON,,Power on the lights,10,143921a6-6caa-417f-bd7e-2732023270c1,Native English,0,6,-1,17,COLOR,0,0.95252675,0
audio/train_001146_SNIPS_snips_smart-lights_369_close.wav,LIGHT_ON,,Power on the lights,10,143921a6-6caa-417f-bd7e-2732023270c1,Native English,0,6,-1,17,COLOR,0,0.8986322,0
audio/train_001163_group_synthetic_LIGHT_ON_s74_v2_noisy.wav,LIGHT_ON,,Power on the lights,10,s74,Synthetic,1,6,-1,6,LIGHT_ON,-1,0.6883765,1
audio/train_001166_group_synthetic_LIGHT_ON_s30_v2_noisy.wav,LIGHT_ON,,Power on the lights,10,s30,Synthetic,1,6,-1,6,LIGHT_ON,-1,0.93352383,1
audio/train_001179_group_synthetic_LIGHT_ON_s82_v2_noisy.wav,LIGHT_ON,,Power on the lights,10,s82,Synthetic,1,6,-1,6,LIGHT_ON,-1,0.8446688,1
audio/train_001181_group_synthetic_LIGHT_ON_s88_v2_noisy.wav,LIGHT_ON,,Power on the lights,10,s88,Synthetic,1,6,-1,6,LIGHT_ON,-1,0.9715703,1
audio/train_001188_group_synthetic_LIGHT_ON_s67_v2_noisy.wav,LIGHT_ON,,Power on the lights,10,s67,Synthetic,1,6,-1,6,LIGHT_ON,-1,0.93882155,1
audio/train_001194_group_synthetic_LIGHT_ON_s18_v2_noisy.wav,LIGHT_ON,,Power on the lights,10,s18,Synthetic,1,6,-1,6,LIGHT_ON,-1,0.9090883,1
audio/train_001198_group_synthetic_LIGHT_ON_s80_v2_clean.wav,LIGHT_ON,,Power on the lights,10,s80,Synthetic,1,6,-1,6,LIGHT_ON,-1,0.94674623,1
audio/train_001200_group_synthetic_LIGHT_ON_s72_v2_clean.wav,LIGHT_ON,,Power on the lights,10,s72,Synthetic,1,6,-1,6,LIGHT_ON,-1,0.75262254,1
audio/train_001218_group_synthetic_LIGHT_ON_s38_v2_noisy.wav,LIGHT_ON,,Power on the lights,10,s38,Synthetic,1,6,-1,6,LIGHT_ON,-1,0.9607518,1
audio/train_001242_SLURP_slurp_train_5469_3717_train-00002-.wav,LIGHT_ON,,Turn on the lights,11,FO-462,Other / non-native,0,6,-1,6,LIGHT_ON,-1,0.59649,1
audio/train_001281_group_synthetic_LIGHT_ON_s38_v3_noisy.wav,LIGHT_ON,,Turn on the lights,11,s38,Synthetic,1,6,-1,6,LIGHT_ON,-1,0.9082578,1
audio/train_001282_group_synthetic_LIGHT_ON_s18_v3_noisy.wav,LIGHT_ON,,Turn on the lights,11,s18,Synthetic,1,6,-1,6,LIGHT_ON,-1,0.79221535,1
audio/train_001304_group_synthetic_LIGHT_ON_s82_v3_noisy.wav,LIGHT_ON,,Turn on the lights,11,s82,Synthetic,1,6,-1,6,LIGHT_ON,-1,0.7642513,1
audio/train_001308_group_synthetic_LIGHT_ON_s74_v3_clean.wav,LIGHT_ON,,Turn on the lights,11,s74,Synthetic,1,6,-1,6,LIGHT_ON,-1,0.4982725,1
audio/train_001310_group_synthetic_LIGHT_ON_s72_v3_clean.wav,LIGHT_ON,,Turn on the lights,11,s72,Synthetic,1,6,-1,6,LIGHT_ON,-1,0.8049543,1
audio/train_001313_group_synthetic_LIGHT_ON_s88_v3_noisy.wav,LIGHT_ON,,Turn on the lights,11,s88,Synthetic,1,6,-1,6,LIGHT_ON,-1,0.9019353,1
audio/train_001315_group_synthetic_LIGHT_ON_s67_v3_clean.wav,LIGHT_ON,,Turn on the lights,11,s67,Synthetic,1,6,-1,7,LIGHT_OFF,-1,0.6041684,0
audio/train_001322_group_synthetic_LIGHT_ON_s30_v3_noisy.wav,LIGHT_ON,,Turn on the lights,11,s30,Synthetic,1,6,-1,6,LIGHT_ON,-1,0.864137,1
audio/train_001330_group_synthetic_LIGHT_ON_s26_v3_clean.wav,LIGHT_ON,,Turn on the lights,11,s26,Synthetic,1,6,-1,6,LIGHT_ON,-1,0.7146683,1
audio/train_001332_SLURP_slurp_train_225_8253_train-00005-.wav,LIGHT_OFF,,Lights out,12,FO-420,Other / non-native,0,7,-1,7,LIGHT_OFF,-1,0.9195027,1
audio/train_001336_SNIPS_snips_smart-lights_647_close.wav,LIGHT_OFF,,Lights out,12,b5843f01-177c-4b76-868b-1223dde7e178,Other Asian English,0,7,-1,7,LIGHT_OFF,-1,0.8597779,1
audio/train_001339_SNIPS_snips_smart-lights_365_close.wav,LIGHT_OFF,,Lights out,12,9294d77a-9d94-4903-a978-af94ab79c0d9,Other Asian English,0,7,-1,19,OUT_OF_SCOPE,-1,0.95650595,0
audio/train_001348_SNIPS_snips_smart-lights_1354_close.wav,LIGHT_OFF,,Lights out,12,9294d77a-9d94-4903-a978-af94ab79c0d9,Other Asian English,0,7,-1,7,LIGHT_OFF,-1,0.79695237,1
audio/train_001353_SNIPS_snips_smart-lights_2318_far.wav,LIGHT_OFF,,Lights out,12,b5843f01-177c-4b76-868b-1223dde7e178,Other Asian English,0,7,-1,7,LIGHT_OFF,-1,0.888279,1
audio/train_001355_SNIPS_snips_smart-lights_2036_far.wav,LIGHT_OFF,,Lights out,12,9294d77a-9d94-4903-a978-af94ab79c0d9,Other Asian English,0,7,-1,19,OUT_OF_SCOPE,-1,0.8624672,0
audio/train_001361_SNIPS_snips_smart-lights_3025_far.wav,LIGHT_OFF,,Lights out,12,9294d77a-9d94-4903-a978-af94ab79c0d9,Other Asian English,0,7,-1,7,LIGHT_OFF,-1,0.6760664,1
audio/train_001366_SLURP_slurp_train_225_8256_train-00005-.wav,LIGHT_OFF,,Lights out,12,FO-462,Other / non-native,0,7,-1,7,LIGHT_OFF,-1,0.9546787,1
audio/train_001383_SLURP_slurp_train_225_8255_train-00005-.wav,LIGHT_OFF,,Lights out,12,FO-462,Other / non-native,0,7,-1,7,LIGHT_OFF,-1,0.48685086,1
audio/train_001395_group_synthetic_LIGHT_OFF_s88_v1_clean.wav,LIGHT_OFF,,Lights out,12,s88,Synthetic,1,7,-1,7,LIGHT_OFF,-1,0.42081413,1
audio/train_001405_group_synthetic_LIGHT_OFF_s38_v1_clean.wav,LIGHT_OFF,,Lights out,12,s38,Synthetic,1,7,-1,7,LIGHT_OFF,-1,0.6511106,1
audio/train_001407_group_synthetic_LIGHT_OFF_s67_v1_noisy.wav,LIGHT_OFF,,Lights out,12,s67,Synthetic,1,7,-1,7,LIGHT_OFF,-1,0.9451951,1
audio/train_001410_group_synthetic_LIGHT_OFF_s82_v1_noisy.wav,LIGHT_OFF,,Lights out,12,s82,Synthetic,1,7,-1,7,LIGHT_OFF,-1,0.9289745,1
audio/train_001414_group_synthetic_LIGHT_OFF_s26_v1_clean.wav,LIGHT_OFF,,Lights out,12,s26,Synthetic,1,7,-1,7,LIGHT_OFF,-1,0.89822125,1
audio/train_001424_group_synthetic_LIGHT_OFF_s30_v1_noisy.wav,LIGHT_OFF,,Lights out,12,s30,Synthetic,1,7,-1,7,LIGHT_OFF,-1,0.961671,1
audio/train_001440_group_synthetic_LIGHT_OFF_s18_v1_noisy.wav,LIGHT_OFF,,Lights out,12,s18,Synthetic,1,7,-1,7,LIGHT_OFF,-1,0.942941,1
audio/train_001447_SLURP_slurp_devel_11_2453.wav,LIGHT_OFF,,Kill the lights,13,FO-462,Other / non-native,0,7,-1,7,LIGHT_OFF,-1,0.9029274,1
audio/train_001448_SNIPS_snips_smart-lights_3255_far.wav,LIGHT_OFF,,Kill the lights,13,b5843f01-177c-4b76-868b-1223dde7e178,Other Asian English,0,7,-1,19,OUT_OF_SCOPE,-1,0.47084534,0
audio/train_001453_SNIPS_snips_smart-lights_507_close.wav,LIGHT_OFF,,Kill the lights,13,9294d77a-9d94-4903-a978-af94ab79c0d9,Other Asian English,0,7,-1,7,LIGHT_OFF,-1,0.90561444,1
audio/train_001461_SNIPS_snips_smart-lights_2178_far.wav,LIGHT_OFF,,Kill the lights,13,9294d77a-9d94-4903-a978-af94ab79c0d9,Other Asian English,0,7,-1,7,LIGHT_OFF,-1,0.94444597,1
audio/train_001470_SLURP_slurp_train_5155_2306_train-00004-.wav,LIGHT_OFF,,Kill the lights,13,FO-180,Other / non-native,0,7,-1,19,OUT_OF_SCOPE,-1,0.7663773,0
audio/train_001473_SNIPS_snips_smart-lights_1584_close.wav,LIGHT_OFF,,Kill the lights,13,b5843f01-177c-4b76-868b-1223dde7e178,Other Asian English,0,7,-1,17,COLOR,0,0.545878,0
audio/train_001492_SLURP_slurp_train_2465_5498_train-00002-.wav,LIGHT_OFF,,Kill the lights,13,FO-180,Other / non-native,0,7,-1,7,LIGHT_OFF,-1,0.94809395,1
audio/train_001499_group_synthetic_LIGHT_OFF_s67_v2_clean.wav,LIGHT_OFF,,Kill the lights,13,s67,Synthetic,1,7,-1,7,LIGHT_OFF,-1,0.9546373,1
audio/train_001509_group_synthetic_LIGHT_OFF_s82_v2_clean.wav,LIGHT_OFF,,Kill the lights,13,s82,Synthetic,1,7,-1,7,LIGHT_OFF,-1,0.87074876,1
audio/train_001516_group_synthetic_LIGHT_OFF_s74_v2_clean.wav,LIGHT_OFF,,Kill the lights,13,s74,Synthetic,1,7,-1,7,LIGHT_OFF,-1,0.96274024,1
audio/train_001526_group_synthetic_LIGHT_OFF_s26_v2_noisy.wav,LIGHT_OFF,,Kill the lights,13,s26,Synthetic,1,7,-1,7,LIGHT_OFF,-1,0.9322988,1
audio/train_001530_group_synthetic_LIGHT_OFF_s72_v2_clean.wav,LIGHT_OFF,,Kill the lights,13,s72,Synthetic,1,7,-1,7,LIGHT_OFF,-1,0.4294699,1
audio/train_001534_group_synthetic_LIGHT_OFF_s18_v2_noisy.wav,LIGHT_OFF,,Kill the lights,13,s18,Synthetic,1,7,-1,7,LIGHT_OFF,-1,0.89842916,1
audio/train_001538_group_synthetic_LIGHT_OFF_s88_v2_noisy.wav,LIGHT_OFF,,Kill the lights,13,s88,Synthetic,1,7,-1,7,LIGHT_OFF,-1,0.8949836,1
audio/train_001539_group_synthetic_LIGHT_OFF_s30_v2_clean.wav,LIGHT_OFF,,Kill the lights,13,s30,Synthetic,1,7,-1,7,LIGHT_OFF,-1,0.9488934,1
audio/train_001577_SLURP_slurp_train_580_5159_train-00002-.wav,LIGHT_OFF,,Shut off the lights,14,FO-420,Other / non-native,0,7,-1,19,OUT_OF_SCOPE,-1,0.37215555,0
audio/train_001578_SNIPS_snips_smart-lights_1636_close.wav,LIGHT_OFF,,Shut off the lights,14,9294d77a-9d94-4903-a978-af94ab79c0d9,Other Asian English,0,7,-1,7,LIGHT_OFF,-1,0.90651196,1
audio/train_001591_SNIPS_snips_smart-lights_3260_far.wav,LIGHT_OFF,,Shut off the lights,14,9294d77a-9d94-4903-a978-af94ab79c0d9,Other Asian English,0,7,-1,7,LIGHT_OFF,-1,0.8176138,1
audio/train_001593_SNIPS_snips_smart-lights_1639_close.wav,LIGHT_OFF,,Shut off the lights,14,b5843f01-177c-4b76-868b-1223dde7e178,Other Asian English,0,7,-1,7,LIGHT_OFF,-1,0.2835797,1
audio/train_001602_SNIPS_snips_smart-lights_2037_far.wav,LIGHT_OFF,,Shut off the lights,14,9294d77a-9d94-4903-a978-af94ab79c0d9,Other Asian English,0,7,-1,19,OUT_OF_SCOPE,-1,0.8660332,0
audio/train_001604_SLURP_slurp_train_2601_4149_train-00000-.wav,LIGHT_OFF,,Shut off the lights,14,FO-462,Other / non-native,0,7,-1,19,OUT_OF_SCOPE,-1,0.8847975,0
audio/train_001605_SNIPS_snips_smart-lights_2844_far.wav,LIGHT_OFF,,Shut off the lights,14,b5843f01-177c-4b76-868b-1223dde7e178,Other Asian English,0,7,-1,15,TEMPERATURE,1,0.35912487,0
audio/train_001611_group_synthetic_LIGHT_OFF_s26_v3_noisy.wav,LIGHT_OFF,,Shut off the lights,14,s26,Synthetic,1,7,-1,7,LIGHT_OFF,-1,0.9444426,1
audio/train_001627_group_synthetic_LIGHT_OFF_s30_v3_clean.wav,LIGHT_OFF,,Shut off the lights,14,s30,Synthetic,1,7,-1,7,LIGHT_OFF,-1,0.9437294,1
audio/train_001628_group_synthetic_LIGHT_OFF_s67_v3_clean.wav,LIGHT_OFF,,Shut off the lights,14,s67,Synthetic,1,7,-1,7,LIGHT_OFF,-1,0.9612936,1
audio/train_001641_group_synthetic_LIGHT_OFF_s88_v3_clean.wav,LIGHT_OFF,,Shut off the lights,14,s88,Synthetic,1,7,-1,7,LIGHT_OFF,-1,0.97047496,1
audio/train_001643_group_synthetic_LIGHT_OFF_s72_v3_noisy.wav,LIGHT_OFF,,Shut off the lights,14,s72,Synthetic,1,7,-1,3,NEXT,-1,0.57752097,0
audio/train_001651_group_synthetic_LIGHT_OFF_s74_v3_clean.wav,LIGHT_OFF,,Shut off the lights,14,s74,Synthetic,1,7,-1,7,LIGHT_OFF,-1,0.7907097,1
audio/train_001653_group_synthetic_LIGHT_OFF_s82_v3_noisy.wav,LIGHT_OFF,,Shut off the lights,14,s82,Synthetic,1,7,-1,7,LIGHT_OFF,-1,0.8954249,1
audio/train_001654_group_synthetic_LIGHT_OFF_s18_v3_clean.wav,LIGHT_OFF,,Shut off the lights,14,s18,Synthetic,1,7,-1,7,LIGHT_OFF,-1,0.9375946,1
audio/train_001657_group_synthetic_LIGHT_OFF_s80_v3_noisy.wav,LIGHT_OFF,,Shut off the lights,14,s80,Synthetic,1,7,-1,7,LIGHT_OFF,-1,0.9409004,1
audio/train_001665_real_voice_PAUSE_V1_t1.wav,PAUSE,,Pause,15,202521746,Filipino (group),0,1,-1,1,PAUSE,-1,0.30285373,1
audio/train_001666_real_voice_PAUSE_V1_t2.wav,PAUSE,,Pause,15,202521746,Filipino (group),0,1,-1,1,PAUSE,-1,0.6961298,1
audio/train_001667_real_voice_PAUSE_V1_t3.wav,PAUSE,,Pause,15,202521746,Filipino (group),0,1,-1,1,PAUSE,-1,0.7865928,1
audio/train_001673_FluentSpeechCommands_c0d1d6f0-44f3-11e9-a1ea-79ca03012c0e.wav,PAUSE,,Pause,15,ppymZZDb2Bf4NQnE,Native English,0,1,-1,1,PAUSE,-1,0.9216508,1
audio/train_001674_FluentSpeechCommands_f3c91440-4473-11e9-a9a5-5dbec3b8816a.wav,PAUSE,,Pause,15,ppzZqYxGkESMdA5Az,Native English,0,1,-1,19,OUT_OF_SCOPE,-1,0.5124668,0
audio/train_001676_FluentSpeechCommands_5a9b5880-44cf-11e9-a8b6-e96f2628bf65.wav,PAUSE,,Pause,15,qNY4Qwveojc8jlm4,Native English,0,1,-1,1,PAUSE,-1,0.94417894,1
audio/train_001685_FluentSpeechCommands_132b2600-4453-11e9-beaa-1f3e1eab7bff.wav,PAUSE,,Pause,15,ObdQbr9wyDfbmW4E,Native English,0,1,-1,1,PAUSE,-1,0.95657533,1
audio/train_001693_FluentSpeechCommands_2140e740-45f0-11e9-aa19-e96346c3828f.wav,PAUSE,,Pause,15,Gym5dABePPHA8mZK9,Native English,0,1,-1,1,PAUSE,-1,0.915277,1
audio/train_001700_FluentSpeechCommands_0b058b10-45c4-11e9-8ec0-7bf21d1cfe30.wav,PAUSE,,Pause,15,xRQE5VD7rRHVdyvM,Native English,0,1,-1,1,PAUSE,-1,0.9057724,1
audio/train_001703_FluentSpeechCommands_e0889480-45e7-11e9-b578-494a5b19ab8b.wav,PAUSE,,Pause,15,8B9N9jOOXGUordVG,Native English,0,1,-1,1,PAUSE,-1,0.9614707,1
audio/train_001708_FluentSpeechCommands_6da5cd10-446c-11e9-beaa-1f3e1eab7bff.wav,PAUSE,,Pause,15,AY5e3mMgZkIyG3Ox,Native English,0,1,-1,1,PAUSE,-1,0.96268314,1
audio/train_001735_group_synthetic_PAUSE_s82_v1_clean.wav,PAUSE,,Pause,15,s82,Synthetic,1,1,-1,1,PAUSE,-1,0.93788713,1
audio/train_001739_group_synthetic_PAUSE_s38_v1_noisy.wav,PAUSE,,Pause,15,s38,Synthetic,1,1,-1,1,PAUSE,-1,0.89958733,1
audio/train_001746_group_synthetic_PAUSE_s74_v1_clean.wav,PAUSE,,Pause,15,s74,Synthetic,1,1,-1,1,PAUSE,-1,0.8222841,1
audio/train_001754_group_synthetic_PAUSE_s26_v1_clean.wav,PAUSE,,Pause,15,s26,Synthetic,1,1,-1,1,PAUSE,-1,0.9386062,1
audio/train_001758_group_synthetic_PAUSE_s88_v1_noisy.wav,PAUSE,,Pause,15,s88,Synthetic,1,1,-1,1,PAUSE,-1,0.9242326,1
audio/train_001763_group_synthetic_PAUSE_s30_v1_clean.wav,PAUSE,,Pause,15,s30,Synthetic,1,1,-1,1,PAUSE,-1,0.90711045,1
audio/train_001772_group_synthetic_PAUSE_s18_v1_noisy.wav,PAUSE,,Pause,15,s18,Synthetic,1,1,-1,1,PAUSE,-1,0.82986563,1
audio/train_001774_group_synthetic_PAUSE_s67_v1_clean.wav,PAUSE,,Pause,15,s67,Synthetic,1,1,-1,1,PAUSE,-1,0.9312975,1
audio/train_001776_real_voice_PAUSE_V2_t1.wav,PAUSE,,Pause audio,16,202521746,Filipino (group),0,1,-1,1,PAUSE,-1,0.9474309,1
audio/train_001777_real_voice_PAUSE_V2_t2.wav,PAUSE,,Pause audio,16,202521746,Filipino (group),0,1,-1,1,PAUSE,-1,0.9361314,1
audio/train_001778_real_voice_PAUSE_V2_t3.wav,PAUSE,,Pause audio,16,202521746,Filipino (group),0,1,-1,1,PAUSE,-1,0.8400426,1
audio/train_001793_FluentSpeechCommands_f0d03690-45e7-11e9-b578-494a5b19ab8b.wav,PAUSE,,Pause audio,16,8B9N9jOOXGUordVG,Native English,0,1,-1,1,PAUSE,-1,0.9346529,1
audio/train_001797_FluentSpeechCommands_702f7f90-44f8-11e9-a1ea-79ca03012c0e.wav,PAUSE,,Pause audio,16,Z7BXPnplxGUjZdmBZ,Native English,0,1,-1,1,PAUSE,-1,0.9692634,1
audio/train_001808_FluentSpeechCommands_1ea56d40-446e-11e9-beaa-1f3e1eab7bff.wav,PAUSE,,Pause audio,16,AY5e3mMgZkIyG3Ox,Native English,0,1,-1,1,PAUSE,-1,0.97123253,1
audio/train_001811_FluentSpeechCommands_61f0a270-44cf-11e9-a8b6-e96f2628bf65.wav,PAUSE,,Pause audio,16,qNY4Qwveojc8jlm4,Native English,0,1,-1,1,PAUSE,-1,0.96937245,1
audio/train_001819_FluentSpeechCommands_ecf22a50-45ed-11e9-aa19-e96346c3828f.wav,PAUSE,,Pause audio,16,Gym5dABePPHA8mZK9,Native English,0,1,-1,1,PAUSE,-1,0.9720713,1
audio/train_001821_FluentSpeechCommands_c0908f90-44f0-11e9-a1ea-79ca03012c0e.wav,PAUSE,,Pause audio,16,ppymZZDb2Bf4NQnE,Native English,0,1,-1,1,PAUSE,-1,0.95302427,1
audio/train_001823_FluentSpeechCommands_05146d40-44cd-11e9-a8b6-e96f2628bf65.wav,PAUSE,,Pause audio,16,aokxBz9LxXHzZzay,Native English,0,1,-1,1,PAUSE,-1,0.91823137,1
audio/train_001827_FluentSpeechCommands_98b2da10-45c6-11e9-8ec0-7bf21d1cfe30.wav,PAUSE,,Pause audio,16,xRQE5VD7rRHVdyvM,Native English,0,1,-1,1,PAUSE,-1,0.953593,1
audio/train_001828_FluentSpeechCommands_2a52f920-443f-11e9-beaa-1f3e1eab7bff.wav,PAUSE,,Pause audio,16,ObdQbr9wyDfbmW4E,Native English,0,1,-1,1,PAUSE,-1,0.9714325,1
audio/train_001829_FluentSpeechCommands_8e7e2c40-4529-11e9-a843-8db76f4b5e29.wav,PAUSE,,Pause audio,16,Xygv5loxdZtrywr9,Native English,0,1,-1,1,PAUSE,-1,0.6542976,1
audio/train_001831_FluentSpeechCommands_2acdf660-45bc-11e9-8ec0-7bf21d1cfe30.wav,PAUSE,,Pause audio,16,NgQEvO2x7Vh3xy2xz,Native English,0,1,-1,1,PAUSE,-1,0.91856235,1
audio/train_001838_group_synthetic_PAUSE_s67_v2_clean.wav,PAUSE,,Pause audio,16,s67,Synthetic,1,1,-1,1,PAUSE,-1,0.96024984,1
audio/train_001840_group_synthetic_PAUSE_s74_v2_noisy.wav,PAUSE,,Pause audio,16,s74,Synthetic,1,1,-1,5,VOLUME_DOWN,-1,0.7042727,0
audio/train_001861_group_synthetic_PAUSE_s82_v2_noisy.wav,PAUSE,,Pause audio,16,s82,Synthetic,1,1,-1,1,PAUSE,-1,0.77699685,1
audio/train_001862_group_synthetic_PAUSE_s80_v2_noisy.wav,PAUSE,,Pause audio,16,s80,Synthetic,1,1,-1,1,PAUSE,-1,0.94648194,1
audio/train_001867_group_synthetic_PAUSE_s18_v2_clean.wav,PAUSE,,Pause audio,16,s18,Synthetic,1,1,-1,1,PAUSE,-1,0.96751904,1
audio/train_001868_group_synthetic_PAUSE_s26_v2_clean.wav,PAUSE,,Pause audio,16,s26,Synthetic,1,1,-1,1,PAUSE,-1,0.9606295,1
audio/train_001870_group_synthetic_PAUSE_s38_v2_noisy.wav,PAUSE,,Pause audio,16,s38,Synthetic,1,1,-1,1,PAUSE,-1,0.95890945,1
audio/train_001873_group_synthetic_PAUSE_s72_v2_clean.wav,PAUSE,,Pause audio,16,s72,Synthetic,1,1,-1,1,PAUSE,-1,0.9293623,1
audio/train_001887_real_voice_PAUSE_V3_t1.wav,PAUSE,,Pause song,17,202521746,Filipino (group),0,1,-1,5,VOLUME_DOWN,-1,0.36935028,0
audio/train_001888_real_voice_PAUSE_V3_t2.wav,PAUSE,,Pause song,17,202521746,Filipino (group),0,1,-1,0,PLAY_MUSIC,-1,0.7068338,0
audio/train_001889_real_voice_PAUSE_V3_t3.wav,PAUSE,,Pause song,17,202521746,Filipino (group),0,1,-1,1,PAUSE,-1,0.2477974,1
audio/train_001893_SLURP_slurp_train_9750_3846_train-00004-.wav,PAUSE,,Pause song,17,FO-462,Other / non-native,0,1,-1,1,PAUSE,-1,0.9317373,1
audio/train_001900_SLURP_slurp_train_1087_3172_train-00002-.wav,PAUSE,,Pause song,17,FO-420,Other / non-native,0,1,-1,5,VOLUME_DOWN,-1,0.5516461,0
audio/train_001906_SLURP_slurp_test_9689_2520.wav,PAUSE,,Pause song,17,FO-462,Other / non-native,0,1,-1,19,OUT_OF_SCOPE,-1,0.9035038,0
audio/train_001923_SLURP_slurp_train_9750_3845_train-00004-.wav,PAUSE,,Pause song,17,FO-462,Other / non-native,0,1,-1,1,PAUSE,-1,0.9278137,1
audio/train_001924_SLURP_slurp_test_9689_2519.wav,PAUSE,,Pause song,17,FO-462,Other / non-native,0,1,-1,1,PAUSE,-1,0.9362852,1
audio/train_001950_group_synthetic_PAUSE_s30_v3_clean.wav,PAUSE,,Pause song,17,s30,Synthetic,1,1,-1,1,PAUSE,-1,0.89172786,1
audio/train_001952_group_synthetic_PAUSE_s67_v3_clean.wav,PAUSE,,Pause song,17,s67,Synthetic,1,1,-1,1,PAUSE,-1,0.9604217,1
audio/train_001958_group_synthetic_PAUSE_s80_v3_clean.wav,PAUSE,,Pause song,17,s80,Synthetic,1,1,-1,1,PAUSE,-1,0.82770336,1
audio/train_001960_group_synthetic_PAUSE_s26_v3_clean.wav,PAUSE,,Pause song,17,s26,Synthetic,1,1,-1,1,PAUSE,-1,0.4981358,1
audio/train_001965_group_synthetic_PAUSE_s72_v3_clean.wav,PAUSE,,Pause song,17,s72,Synthetic,1,1,-1,1,PAUSE,-1,0.84206915,1
audio/train_001966_group_synthetic_PAUSE_s74_v3_noisy.wav,PAUSE,,Pause song,17,s74,Synthetic,1,1,-1,1,PAUSE,-1,0.6654043,1
audio/train_001972_group_synthetic_PAUSE_s82_v3_noisy.wav,PAUSE,,Pause song,17,s82,Synthetic,1,1,-1,1,PAUSE,-1,0.89958483,1
audio/train_001984_group_synthetic_PAUSE_s18_v3_noisy.wav,PAUSE,,Pause song,17,s18,Synthetic,1,1,-1,1,PAUSE,-1,0.9425076,1
audio/train_001997_group_synthetic_PAUSE_s88_v3_noisy.wav,PAUSE,,Pause song,17,s88,Synthetic,1,1,-1,1,PAUSE,-1,0.91833436,1
audio/train_001998_real_voice_STOP_V2_t1.wav,STOP,,Stop,18,202521746,Filipino (group),0,2,-1,2,STOP,-1,0.682628,1
audio/train_001999_real_voice_STOP_V2_t2.wav,STOP,,Stop,18,202521746,Filipino (group),0,2,-1,2,STOP,-1,0.78421324,1
audio/train_002000_real_voice_STOP_V2_t3.wav,STOP,,Stop,18,202521746,Filipino (group),0,2,-1,2,STOP,-1,0.73893636,1
audio/train_002023_SLURP_slurp_train_5_3991_train-00001-.wav,STOP,,Stop,18,MO-371,Other / non-native,0,2,-1,2,STOP,-1,0.69977033,1
audio/train_002024_SLURP_slurp_train_5_3964_train-00001-.wav,STOP,,Stop,18,FO-180,Other / non-native,0,2,-1,19,OUT_OF_SCOPE,-1,0.7419057,0
audio/train_002036_SLURP_slurp_train_5_3965_train-00001-.wav,STOP,,Stop,18,FO-180,Other / non-native,0,2,-1,2,STOP,-1,0.93686014,1
audio/train_002037_SLURP_slurp_train_5_3992_train-00001-.wav,STOP,,Stop,18,MO-371,Other / non-native,0,2,-1,2,STOP,-1,0.854558,1
audio/train_002049_SLURP_slurp_train_5_3988_train-00001-.wav,STOP,,Stop,18,ME-352,Native English,0,2,-1,2,STOP,-1,0.7638346,1
audio/train_002061_group_synthetic_STOP_s30_v1_clean.wav,STOP,,Stop,18,s30,Synthetic,1,2,-1,2,STOP,-1,0.52946,1
audio/train_002065_group_synthetic_STOP_s67_v1_clean.wav,STOP,,Stop,18,s67,Synthetic,1,2,-1,2,STOP,-1,0.8914023,1
audio/train_002066_group_synthetic_STOP_s18_v1_clean.wav,STOP,,Stop,18,s18,Synthetic,1,2,-1,2,STOP,-1,0.92053175,1
audio/train_002078_group_synthetic_STOP_s88_v1_noisy.wav,STOP,,Stop,18,s88,Synthetic,1,2,-1,2,STOP,-1,0.7298477,1
audio/train_002079_group_synthetic_STOP_s72_v1_noisy.wav,STOP,,Stop,18,s72,Synthetic,1,2,-1,2,STOP,-1,0.45727673,1
audio/train_002086_group_synthetic_STOP_s82_v1_clean.wav,STOP,,Stop,18,s82,Synthetic,1,2,-1,2,STOP,-1,0.8470491,1
audio/train_002087_group_synthetic_STOP_s74_v1_clean.wav,STOP,,Stop,18,s74,Synthetic,1,2,-1,19,OUT_OF_SCOPE,-1,0.7619191,0
audio/train_002100_group_synthetic_STOP_s80_v1_clean.wav,STOP,,Stop,18,s80,Synthetic,1,2,-1,2,STOP,-1,0.8602947,1
audio/train_002107_group_synthetic_STOP_s38_v1_clean.wav,STOP,,Stop,18,s38,Synthetic,1,2,-1,19,OUT_OF_SCOPE,-1,0.37202337,0
audio/train_002109_real_voice_STOP_V1_t1.wav,STOP,,Stop playing,19,202521746,Filipino (group),0,2,-1,3,NEXT,-1,0.30604434,0
audio/train_002110_real_voice_STOP_V1_t2.wav,STOP,,Stop playing,19,202521746,Filipino (group),0,2,-1,2,STOP,-1,0.42041847,1
audio/train_002111_real_voice_STOP_V1_t3.wav,STOP,,Stop playing,19,202521746,Filipino (group),0,2,-1,2,STOP,-1,0.54621786,1
audio/train_002112_real_voice_STOP_V3_t1.wav,STOP,,Stop playing,19,202521746,Filipino (group),0,2,-1,0,PLAY_MUSIC,-1,0.63270545,0
audio/train_002113_real_voice_STOP_V3_t2.wav,STOP,,Stop playing,19,202521746,Filipino (group),0,2,-1,2,STOP,-1,0.82453054,1
audio/train_002114_real_voice_STOP_V3_t3.wav,STOP,,Stop playing,19,202521746,Filipino (group),0,2,-1,2,STOP,-1,0.8030676,1
audio/train_002144_FluentSpeechCommands_50df7550-45c0-11e9-8ec0-7bf21d1cfe30.wav,STOP,,Stop playing,19,xRQE5VD7rRHVdyvM,Native English,0,2,-1,2,STOP,-1,0.9634572,1
audio/train_002146_FluentSpeechCommands_31f25ed0-4518-11e9-9035-7943ec3b842a.wav,STOP,,Stop playing,19,Xygv5loxdZtrywr9,Native English,0,2,-1,1,PAUSE,-1,0.6682159,0
audio/train_002158_FluentSpeechCommands_621ef700-45e3-11e9-81ce-69b74fd7e64e.wav,STOP,,Stop playing,19,8B9N9jOOXGUordVG,Native English,0,2,-1,2,STOP,-1,0.94367456,1
audio/train_002195_group_synthetic_STOP_s67_v2_clean.wav,STOP,,Stop playing,19,s67,Synthetic,1,2,-1,2,STOP,-1,0.8863747,1
audio/train_002196_group_synthetic_STOP_s38_v2_clean.wav,STOP,,Stop playing,19,s38,Synthetic,1,2,-1,2,STOP,-1,0.8913556,1
audio/train_002205_group_synthetic_STOP_s80_v2_clean.wav,STOP,,Stop playing,19,s80,Synthetic,1,2,-1,2,STOP,-1,0.9020228,1
audio/train_002206_group_synthetic_STOP_s30_v2_clean.wav,STOP,,Stop playing,19,s30,Synthetic,1,2,-1,2,STOP,-1,0.8801201,1
audio/train_002211_group_synthetic_STOP_s72_v2_clean.wav,STOP,,Stop playing,19,s72,Synthetic,1,2,-1,2,STOP,-1,0.91394794,1
audio/train_002217_group_synthetic_STOP_s74_v2_clean.wav,STOP,,Stop playing,19,s74,Synthetic,1,2,-1,0,PLAY_MUSIC,-1,0.7531307,0
audio/train_002218_group_synthetic_STOP_s88_v2_noisy.wav,STOP,,Stop playing,19,s88,Synthetic,1,2,-1,2,STOP,-1,0.9582608,1
audio/train_002224_FluentSpeechCommands_7955a070-44cd-11e9-a8b6-e96f2628bf65.wav,STOP,,End playback,20,aokxBz9LxXHzZzay,Native English,0,2,-1,2,STOP,-1,0.90912706,1
audio/train_002233_FluentSpeechCommands_6dc749b0-446a-11e9-beaa-1f3e1eab7bff.wav,STOP,,End playback,20,AY5e3mMgZkIyG3Ox,Native English,0,2,-1,2,STOP,-1,0.9279258,1
audio/train_002238_FluentSpeechCommands_1881f720-446f-11e9-a9a5-5dbec3b8816a.wav,STOP,,End playback,20,ppzZqYxGkESMdA5Az,Native English,0,2,-1,19,OUT_OF_SCOPE,-1,0.9167805,0
audio/train_002240_FluentSpeechCommands_f4d79640-44f0-11e9-a1ea-79ca03012c0e.wav,STOP,,End playback,20,ppymZZDb2Bf4NQnE,Native English,0,2,-1,2,STOP,-1,0.95909387,1
audio/train_002241_FluentSpeechCommands_4f934970-45c4-11e9-8ec0-7bf21d1cfe30.wav,STOP,,End playback,20,xRQE5VD7rRHVdyvM,Native English,0,2,-1,2,STOP,-1,0.9430001,1
audio/train_002245_FluentSpeechCommands_9d473ad0-45bc-11e9-8ec0-7bf21d1cfe30.wav,STOP,,End playback,20,NgQEvO2x7Vh3xy2xz,Native English,0,2,-1,2,STOP,-1,0.8816006,1
audio/train_002246_FluentSpeechCommands_4936fb20-45e8-11e9-b578-494a5b19ab8b.wav,STOP,,End playback,20,8B9N9jOOXGUordVG,Native English,0,2,-1,2,STOP,-1,0.9519274,1
audio/train_002251_FluentSpeechCommands_78f56f90-443f-11e9-beaa-1f3e1eab7bff.wav,STOP,,End playback,20,ObdQbr9wyDfbmW4E,Native English,0,2,-1,2,STOP,-1,0.89753747,1
audio/train_002257_FluentSpeechCommands_8e215920-44cf-11e9-a8b6-e96f2628bf65.wav,STOP,,End playback,20,qNY4Qwveojc8jlm4,Native English,0,2,-1,2,STOP,-1,0.83742297,1
audio/train_002259_FluentSpeechCommands_5fe6a750-45f0-11e9-aa19-e96346c3828f.wav,STOP,,End playback,20,Gym5dABePPHA8mZK9,Native English,0,2,-1,2,STOP,-1,0.8818299,1
audio/train_002270_FluentSpeechCommands_2ef2da70-4518-11e9-9035-7943ec3b842a.wav,STOP,,End playback,20,Xygv5loxdZtrywr9,Native English,0,2,-1,2,STOP,-1,0.7027984,1
audio/train_002293_group_synthetic_STOP_s82_v3_clean.wav,STOP,,End playback,20,s82,Synthetic,1,2,-1,2,STOP,-1,0.88414913,1
audio/train_002296_group_synthetic_STOP_s26_v3_clean.wav,STOP,,End playback,20,s26,Synthetic,1,2,-1,2,STOP,-1,0.88801575,1
audio/train_002298_group_synthetic_STOP_s74_v3_noisy.wav,STOP,,End playback,20,s74,Synthetic,1,2,-1,0,PLAY_MUSIC,-1,0.61426306,0
audio/train_002299_group_synthetic_STOP_s18_v3_clean.wav,STOP,,End playback,20,s18,Synthetic,1,2,-1,2,STOP,-1,0.91942024,1
audio/train_002307_group_synthetic_STOP_s30_v3_clean.wav,STOP,,End playback,20,s30,Synthetic,1,2,-1,2,STOP,-1,0.92592865,1
audio/train_002312_group_synthetic_STOP_s38_v3_noisy.wav,STOP,,End playback,20,s38,Synthetic,1,2,-1,2,STOP,-1,0.8843176,1
audio/train_002313_group_synthetic_STOP_s67_v3_clean.wav,STOP,,End playback,20,s67,Synthetic,1,2,-1,2,STOP,-1,0.9235275,1
audio/train_002316_group_synthetic_STOP_s72_v3_noisy.wav,STOP,,End playback,20,s72,Synthetic,1,2,-1,2,STOP,-1,0.8727466,1
audio/train_002327_group_synthetic_STOP_s80_v3_clean.wav,STOP,,End playback,20,s80,Synthetic,1,2,-1,2,STOP,-1,0.8649275,1
audio/train_002331_real_voice_NEXT_V2_t1.wav,NEXT,,Next song,21,202521746,Filipino (group),0,3,-1,3,NEXT,-1,0.94886154,1
audio/train_002332_real_voice_NEXT_V2_t2.wav,NEXT,,Next song,21,202521746,Filipino (group),0,3,-1,3,NEXT,-1,0.95318234,1
audio/train_002333_real_voice_NEXT_V2_t3.wav,NEXT,,Next song,21,202521746,Filipino (group),0,3,-1,3,NEXT,-1,0.9552411,1
audio/train_002369_SLURP_slurp_test_11261_2764.wav,NEXT,,Next song,21,FE-349,Native English,0,3,-1,3,NEXT,-1,0.9278471,1
audio/train_002378_SLURP_slurp_test_11261_2763.wav,NEXT,,Next song,21,FE-349,Native English,0,3,-1,3,NEXT,-1,0.9498512,1
audio/train_002383_xela_Multi-Sensor_VCM_006043.wav,NEXT,,Next song,21,Spk03,Unknown,0,3,-1,3,NEXT,-1,0.96276045,1
audio/train_002384_xela_Multi-Sensor_VCM_006113.wav,NEXT,,Next song,21,Spk06,Unknown,0,3,-1,4,VOLUME_UP,-1,0.6572607,0
audio/train_002385_xela_Multi-Sensor_VCM_006484.wav,NEXT,,Next song,21,Spk12,Unknown,0,3,-1,3,NEXT,-1,0.95981497,1
audio/train_002386_xela_Multi-Sensor_VCM_006573.wav,NEXT,,Next song,21,Spk15,Unknown,0,3,-1,3,NEXT,-1,0.91393745,1
audio/train_002411_group_synthetic_NEXT_s80_v1_clean.wav,NEXT,,Next song,21,s80,Synthetic,1,3,-1,3,NEXT,-1,0.9394688,1
audio/train_002414_group_synthetic_NEXT_s26_v1_noisy.wav,NEXT,,Next song,21,s26,Synthetic,1,3,-1,3,NEXT,-1,0.95742047,1
audio/train_002417_group_synthetic_NEXT_s88_v1_clean.wav,NEXT,,Next song,21,s88,Synthetic,1,3,-1,3,NEXT,-1,0.9558631,1
audio/train_002427_group_synthetic_NEXT_s30_v1_noisy.wav,NEXT,,Next song,21,s30,Synthetic,1,3,-1,3,NEXT,-1,0.92154557,1
audio/train_002436_group_synthetic_NEXT_s72_v1_clean.wav,NEXT,,Next song,21,s72,Synthetic,1,3,-1,3,NEXT,-1,0.9464954,1
audio/train_002442_real_voice_NEXT_V1_t1.wav,NEXT,,Skip song,22,202521746,Filipino (group),0,3,-1,3,NEXT,-1,0.9471889,1
audio/train_002443_real_voice_NEXT_V1_t2.wav,NEXT,,Skip song,22,202521746,Filipino (group),0,3,-1,3,NEXT,-1,0.9655827,1
audio/train_002444_real_voice_NEXT_V1_t3.wav,NEXT,,Skip song,22,202521746,Filipino (group),0,3,-1,3,NEXT,-1,0.96768004,1
audio/train_002460_SLURP_slurp_train_11264_3025_train-00002-.wav,NEXT,,Skip song,22,FO-462,Other / non-native,0,3,-1,19,OUT_OF_SCOPE,-1,0.25100598,0
audio/train_002465_SLURP_slurp_train_2819_8325_train-00004-.wav,NEXT,,Skip song,22,FO-462,Other / non-native,0,3,-1,3,NEXT,-1,0.3225816,1
audio/train_002469_SLURP_slurp_train_2819_8324_train-00004-.wav,NEXT,,Skip song,22,FO-462,Other / non-native,0,3,-1,3,NEXT,-1,0.7814946,1
audio/train_002470_SLURP_slurp_train_2819_8326_train-00004-.wav,NEXT,,Skip song,22,ME-220,Native English,0,3,-1,3,NEXT,-1,0.79694873,1
audio/train_002471_SLURP_slurp_train_2819_8327_train-00004-.wav,NEXT,,Skip song,22,ME-220,Native English,0,3,-1,9,TIME,-1,0.35743305,0
audio/train_002474_group_synthetic_NEXT_s74_v2_noisy.wav,NEXT,,Skip song,22,s74,Synthetic,1,3,-1,3,NEXT,-1,0.9674522,1
audio/train_002477_group_synthetic_NEXT_s72_v2_clean.wav,NEXT,,Skip song,22,s72,Synthetic,1,3,-1,3,NEXT,-1,0.9686602,1
audio/train_002479_group_synthetic_NEXT_s26_v2_clean.wav,NEXT,,Skip song,22,s26,Synthetic,1,3,-1,3,NEXT,-1,0.9610711,1
audio/train_002485_group_synthetic_NEXT_s88_v2_noisy.wav,NEXT,,Skip song,22,s88,Synthetic,1,3,-1,3,NEXT,-1,0.9534925,1
audio/train_002491_group_synthetic_NEXT_s82_v2_clean.wav,NEXT,,Skip song,22,s82,Synthetic,1,3,-1,3,NEXT,-1,0.9133961,1
audio/train_002505_group_synthetic_NEXT_s80_v2_noisy.wav,NEXT,,Skip song,22,s80,Synthetic,1,3,-1,3,NEXT,-1,0.9220633,1
audio/train_002507_group_synthetic_NEXT_s67_v2_noisy.wav,NEXT,,Skip song,22,s67,Synthetic,1,3,-1,3,NEXT,-1,0.91745263,1
audio/train_002514_group_synthetic_NEXT_s30_v2_clean.wav,NEXT,,Skip song,22,s30,Synthetic,1,3,-1,3,NEXT,-1,0.9356752,1
audio/train_002515_group_synthetic_NEXT_s18_v2_noisy.wav,NEXT,,Skip song,22,s18,Synthetic,1,3,-1,3,NEXT,-1,0.95711625,1
audio/train_002534_group_synthetic_NEXT_s38_v2_clean.wav,NEXT,,Skip song,22,s38,Synthetic,1,3,-1,3,NEXT,-1,0.94331396,1
audio/train_002549_group_synthetic_NEXT_s80_v2_clean.wav,NEXT,,Skip song,22,s80,Synthetic,1,3,-1,3,NEXT,-1,0.93927926,1
audio/train_002550_group_synthetic_NEXT_s88_v2_clean.wav,NEXT,,Skip song,22,s88,Synthetic,1,3,-1,3,NEXT,-1,0.9667172,1
audio/train_002553_real_voice_NEXT_V3_t1.wav,NEXT,,Play next song,23,202521746,Filipino (group),0,3,-1,3,NEXT,-1,0.9036605,1
audio/train_002554_real_voice_NEXT_V3_t2.wav,NEXT,,Play next song,23,202521746,Filipino (group),0,3,-1,3,NEXT,-1,0.92626184,1
audio/train_002555_real_voice_NEXT_V3_t3.wav,NEXT,,Play next song,23,202521746,Filipino (group),0,3,-1,3,NEXT,-1,0.9074688,1
audio/train_002579_SLURP_slurp_devel_2993_119.wav,NEXT,,Play next song,23,ME-369,Native English,0,3,-1,3,NEXT,-1,0.901675,1
audio/train_002588_SLURP_slurp_devel_2993_120.wav,NEXT,,Play next song,23,ME-369,Native English,0,3,-1,3,NEXT,-1,0.9225905,1
audio/train_002596_group_synthetic_NEXT_s67_v3_clean.wav,NEXT,,Play next song,23,s67,Synthetic,1,3,-1,3,NEXT,-1,0.9610755,1
audio/train_002600_group_synthetic_NEXT_s30_v3_noisy.wav,NEXT,,Play next song,23,s30,Synthetic,1,3,-1,3,NEXT,-1,0.91896915,1
audio/train_002602_group_synthetic_NEXT_s72_v3_noisy.wav,NEXT,,Play next song,23,s72,Synthetic,1,3,-1,3,NEXT,-1,0.96376836,1
audio/train_002609_group_synthetic_NEXT_s38_v3_noisy.wav,NEXT,,Play next song,23,s38,Synthetic,1,3,-1,3,NEXT,-1,0.952138,1
audio/train_002614_group_synthetic_NEXT_s80_v3_clean.wav,NEXT,,Play next song,23,s80,Synthetic,1,3,-1,3,NEXT,-1,0.87965804,1
audio/train_002618_group_synthetic_NEXT_s88_v3_clean.wav,NEXT,,Play next song,23,s88,Synthetic,1,3,-1,3,NEXT,-1,0.90748745,1
audio/train_002644_group_synthetic_NEXT_s74_v3_noisy.wav,NEXT,,Play next song,23,s74,Synthetic,1,3,-1,3,NEXT,-1,0.9239688,1
audio/train_002651_group_synthetic_NEXT_s82_v3_clean.wav,NEXT,,Play next song,23,s82,Synthetic,1,3,-1,3,NEXT,-1,0.9551748,1
audio/train_002652_group_synthetic_NEXT_s26_v3_clean.wav,NEXT,,Play next song,23,s26,Synthetic,1,3,-1,3,NEXT,-1,0.9587797,1
audio/train_002658_group_synthetic_NEXT_s18_v3_clean.wav,NEXT,,Play next song,23,s18,Synthetic,1,3,-1,3,NEXT,-1,0.9117396,1
audio/train_002661_group_synthetic_NEXT_s30_v3_clean.wav,NEXT,,Play next song,23,s30,Synthetic,1,3,-1,3,NEXT,-1,0.9178284,1
audio/train_002701_SLURP_slurp_devel_188_5640.wav,VOLUME_UP,,Volume up,24,MO-371,Other / non-native,0,4,-1,4,VOLUME_UP,-1,0.92415726,1
audio/train_002702_SLURP_slurp_train_2487_3028_train-00005-.wav,VOLUME_UP,,Volume up,24,FO-462,Other / non-native,0,4,-1,5,VOLUME_DOWN,-1,0.7827947,0
audio/train_002718_SLURP_slurp_train_1297_7455_train-00002-.wav,VOLUME_UP,,Volume up,24,FO-462,Other / non-native,0,4,-1,4,VOLUME_UP,-1,0.7390907,1
audio/train_002727_group_synthetic_VOLUME_UP_s88_v1_clean.wav,VOLUME_UP,,Volume up,24,s88,Synthetic,1,4,-1,4,VOLUME_UP,-1,0.6008076,1
audio/train_002732_group_synthetic_VOLUME_UP_s72_v1_noisy.wav,VOLUME_UP,,Volume up,24,s72,Synthetic,1,4,-1,4,VOLUME_UP,-1,0.9526855,1
audio/train_002734_group_synthetic_VOLUME_UP_s80_v1_clean.wav,VOLUME_UP,,Volume up,24,s80,Synthetic,1,4,-1,4,VOLUME_UP,-1,0.98721665,1
audio/train_002743_group_synthetic_VOLUME_UP_s74_v1_noisy.wav,VOLUME_UP,,Volume up,24,s74,Synthetic,1,4,-1,4,VOLUME_UP,-1,0.48074126,1
audio/train_002745_group_synthetic_VOLUME_UP_s82_v1_noisy.wav,VOLUME_UP,,Volume up,24,s82,Synthetic,1,4,-1,4,VOLUME_UP,-1,0.9129075,1
audio/train_002759_group_synthetic_VOLUME_UP_s26_v1_noisy.wav,VOLUME_UP,,Volume up,24,s26,Synthetic,1,4,-1,4,VOLUME_UP,-1,0.9863333,1
audio/train_002765_group_synthetic_VOLUME_UP_s30_v1_clean.wav,VOLUME_UP,,Volume up,24,s30,Synthetic,1,4,-1,4,VOLUME_UP,-1,0.9813752,1
audio/train_002791_SLURP_slurp_train_3710_1464_train-00005-.wav,VOLUME_UP,,Increase the volume,25,FO-462,Other / non-native,0,4,-1,19,OUT_OF_SCOPE,-1,0.37517303,0
audio/train_002796_SLURP_slurp_train_573_38_train-00003-.wav,VOLUME_UP,,Increase the volume,25,MO-371,Other / non-native,0,4,-1,4,VOLUME_UP,-1,0.9645836,1
audio/train_002815_SLURP_slurp_train_1880_737_train-00004-.wav,VOLUME_UP,,Increase the volume,25,FO-462,Other / non-native,0,4,-1,4,VOLUME_UP,-1,0.9698948,1
audio/train_002821_SLURP_slurp_train_4762_4609_train-00005-.wav,VOLUME_UP,,Increase the volume,25,FO-462,Other / non-native,0,4,-1,4,VOLUME_UP,-1,0.5940364,1
audio/train_002827_SLURP_slurp_devel_691_4232.wav,VOLUME_UP,,Increase the volume,25,FO-462,Other / non-native,0,4,-1,4,VOLUME_UP,-1,0.5142148,1
audio/train_002836_group_synthetic_VOLUME_UP_s18_v2_clean.wav,VOLUME_UP,,Increase the volume,25,s18,Synthetic,1,4,-1,4,VOLUME_UP,-1,0.9272809,1
audio/train_002849_group_synthetic_VOLUME_UP_s88_v2_noisy.wav,VOLUME_UP,,Increase the volume,25,s88,Synthetic,1,4,-1,4,VOLUME_UP,-1,0.87499,1
audio/train_002851_group_synthetic_VOLUME_UP_s74_v2_clean.wav,VOLUME_UP,,Increase the volume,25,s74,Synthetic,1,4,-1,4,VOLUME_UP,-1,0.8466301,1
audio/train_002854_group_synthetic_VOLUME_UP_s38_v2_noisy.wav,VOLUME_UP,,Increase the volume,25,s38,Synthetic,1,4,-1,4,VOLUME_UP,-1,0.97735643,1
audio/train_002862_group_synthetic_VOLUME_UP_s30_v2_clean.wav,VOLUME_UP,,Increase the volume,25,s30,Synthetic,1,4,-1,4,VOLUME_UP,-1,0.9372515,1
audio/train_002869_group_synthetic_VOLUME_UP_s26_v2_noisy.wav,VOLUME_UP,,Increase the volume,25,s26,Synthetic,1,4,-1,4,VOLUME_UP,-1,0.8910772,1
audio/train_002875_group_synthetic_VOLUME_UP_s72_v2_clean.wav,VOLUME_UP,,Increase the volume,25,s72,Synthetic,1,4,-1,4,VOLUME_UP,-1,0.9606415,1
audio/train_002878_group_synthetic_VOLUME_UP_s67_v2_noisy.wav,VOLUME_UP,,Increase the volume,25,s67,Synthetic,1,4,-1,4,VOLUME_UP,-1,0.9360751,1
audio/train_002901_SLURP_slurp_train_187_6398_train-00000-.wav,VOLUME_UP,,Turn the volume up,26,FO-462,Other / non-native,0,4,-1,4,VOLUME_UP,-1,0.9425757,1
audio/train_002902_SLURP_slurp_train_3014_4369_train-00005-.wav,VOLUME_UP,,Turn the volume up,26,FO-171,Other / non-native,0,4,-1,4,VOLUME_UP,-1,0.92764026,1
audio/train_002907_SLURP_slurp_train_187_6393_train-00000-.wav,VOLUME_UP,,Turn the volume up,26,FO-180,Other / non-native,0,4,-1,4,VOLUME_UP,-1,0.6120759,1
audio/train_002918_SLURP_slurp_train_1432_2926_train-00004-.wav,VOLUME_UP,,Turn the volume up,26,FO-462,Other / non-native,0,4,-1,4,VOLUME_UP,-1,0.80905694,1
audio/train_002931_SLURP_slurp_train_5032_4064_train-00005-.wav,VOLUME_UP,,Turn the volume up,26,FO-462,Other / non-native,0,4,-1,17,COLOR,0,0.36612234,0
audio/train_002933_SLURP_slurp_train_187_6396_train-00000-.wav,VOLUME_UP,,Turn the volume up,26,FO-462,Other / non-native,0,4,-1,4,VOLUME_UP,-1,0.9354394,1
audio/train_002936_SLURP_slurp_train_5294_6411_train-00003-.wav,VOLUME_UP,,Turn the volume up,26,FO-462,Other / non-native,0,4,-1,4,VOLUME_UP,-1,0.5985875,1
audio/train_002938_SLURP_slurp_train_1641_2875_train-00003-.wav,VOLUME_UP,,Turn the volume up,26,FO-462,Other / non-native,0,4,-1,4,VOLUME_UP,-1,0.7009405,1
audio/train_002940_SLURP_slurp_devel_4579_6222.wav,VOLUME_UP,,Turn the volume up,26,FO-462,Other / non-native,0,4,-1,4,VOLUME_UP,-1,0.50972414,1
audio/train_002953_group_synthetic_VOLUME_UP_s67_v3_noisy.wav,VOLUME_UP,,Turn the volume up,26,s67,Synthetic,1,4,-1,4,VOLUME_UP,-1,0.9829904,1
audio/train_002954_group_synthetic_VOLUME_UP_s26_v3_clean.wav,VOLUME_UP,,Turn the volume up,26,s26,Synthetic,1,4,-1,4,VOLUME_UP,-1,0.98799276,1
audio/train_002973_group_synthetic_VOLUME_UP_s74_v3_clean.wav,VOLUME_UP,,Turn the volume up,26,s74,Synthetic,1,4,-1,4,VOLUME_UP,-1,0.874937,1
audio/train_002977_group_synthetic_VOLUME_UP_s88_v3_clean.wav,VOLUME_UP,,Turn the volume up,26,s88,Synthetic,1,4,-1,4,VOLUME_UP,-1,0.93275905,1
audio/train_002978_group_synthetic_VOLUME_UP_s30_v3_noisy.wav,VOLUME_UP,,Turn the volume up,26,s30,Synthetic,1,4,-1,4,VOLUME_UP,-1,0.99169123,1
audio/train_002979_group_synthetic_VOLUME_UP_s38_v3_clean.wav,VOLUME_UP,,Turn the volume up,26,s38,Synthetic,1,4,-1,4,VOLUME_UP,-1,0.9863593,1
audio/train_002980_group_synthetic_VOLUME_UP_s82_v3_clean.wav,VOLUME_UP,,Turn the volume up,26,s82,Synthetic,1,4,-1,4,VOLUME_UP,-1,0.9626953,1
audio/train_002988_group_synthetic_VOLUME_UP_s18_v3_noisy.wav,VOLUME_UP,,Turn the volume up,26,s18,Synthetic,1,4,-1,4,VOLUME_UP,-1,0.9418918,1
audio/train_002997_real_voice_VOLUME_DOWN_V1_t1.wav,VOLUME_DOWN,,Volume down,27,202521746,Filipino (group),0,5,-1,5,VOLUME_DOWN,-1,0.9305369,1
audio/train_002998_real_voice_VOLUME_DOWN_V1_t2.wav,VOLUME_DOWN,,Volume down,27,202521746,Filipino (group),0,5,-1,5,VOLUME_DOWN,-1,0.9326866,1
audio/train_002999_real_voice_VOLUME_DOWN_V1_t3.wav,VOLUME_DOWN,,Volume down,27,202521746,Filipino (group),0,5,-1,5,VOLUME_DOWN,-1,0.9393229,1
audio/train_003034_SLURP_slurp_train_4732_7358_train-00001-.wav,VOLUME_DOWN,,Volume down,27,FE-349,Native English,0,5,-1,5,VOLUME_DOWN,-1,0.70829403,1
audio/train_003047_FluentSpeechCommands_3239fca0-45bc-11e9-8ec0-7bf21d1cfe30.wav,VOLUME_DOWN,,Volume down,27,NgQEvO2x7Vh3xy2xz,Native English,0,5,-1,5,VOLUME_DOWN,-1,0.96238667,1
audio/train_003048_FluentSpeechCommands_22020490-4454-11e9-beaa-1f3e1eab7bff.wav,VOLUME_DOWN,,Volume down,27,ObdQbr9wyDfbmW4E,Native English,0,5,-1,4,VOLUME_UP,-1,0.30805597,0
audio/train_003054_group_synthetic_VOLUME_DOWN_s38_v1_clean.wav,VOLUME_DOWN,,Volume down,27,s38,Synthetic,1,5,-1,5,VOLUME_DOWN,-1,0.97613394,1
audio/train_003059_group_synthetic_VOLUME_DOWN_s88_v1_noisy.wav,VOLUME_DOWN,,Volume down,27,s88,Synthetic,1,5,-1,5,VOLUME_DOWN,-1,0.91630185,1
audio/train_003076_group_synthetic_VOLUME_DOWN_s72_v1_noisy.wav,VOLUME_DOWN,,Volume down,27,s72,Synthetic,1,5,-1,5,VOLUME_DOWN,-1,0.9540911,1
audio/train_003081_group_synthetic_VOLUME_DOWN_s80_v1_noisy.wav,VOLUME_DOWN,,Volume down,27,s80,Synthetic,1,5,-1,5,VOLUME_DOWN,-1,0.9563675,1
audio/train_003085_group_synthetic_VOLUME_DOWN_s30_v1_clean.wav,VOLUME_DOWN,,Volume down,27,s30,Synthetic,1,5,-1,5,VOLUME_DOWN,-1,0.98524845,1
audio/train_003093_group_synthetic_VOLUME_DOWN_s74_v1_clean.wav,VOLUME_DOWN,,Volume down,27,s74,Synthetic,1,5,-1,5,VOLUME_DOWN,-1,0.89679664,1
audio/train_003098_group_synthetic_VOLUME_DOWN_s18_v1_noisy.wav,VOLUME_DOWN,,Volume down,27,s18,Synthetic,1,5,-1,5,VOLUME_DOWN,-1,0.9868586,1
audio/train_003103_group_synthetic_VOLUME_DOWN_s67_v1_noisy.wav,VOLUME_DOWN,,Volume down,27,s67,Synthetic,1,5,-1,5,VOLUME_DOWN,-1,0.9630554,1
audio/train_003108_real_voice_VOLUME_DOWN_V2_t1.wav,VOLUME_DOWN,,Lower the volume,28,202521746,Filipino (group),0,5,-1,5,VOLUME_DOWN,-1,0.85816985,1
audio/train_003109_real_voice_VOLUME_DOWN_V2_t2.wav,VOLUME_DOWN,,Lower the volume,28,202521746,Filipino (group),0,5,-1,5,VOLUME_DOWN,-1,0.8337791,1
audio/train_003110_real_voice_VOLUME_DOWN_V2_t3.wav,VOLUME_DOWN,,Lower the volume,28,202521746,Filipino (group),0,5,-1,5,VOLUME_DOWN,-1,0.8145166,1
audio/train_003118_SLURP_slurp_train_2894_2163_train-00003-.wav,VOLUME_DOWN,,Lower the volume,28,FO-462,Other / non-native,0,5,-1,5,VOLUME_DOWN,-1,0.86876184,1
audio/train_003125_SLURP_slurp_devel_331_6653.wav,VOLUME_DOWN,,Lower the volume,28,FO-180,Other / non-native,0,5,-1,19,OUT_OF_SCOPE,-1,0.3006712,0
audio/train_003140_SLURP_slurp_train_1787_4158_train-00003-.wav,VOLUME_DOWN,,Lower the volume,28,FO-462,Other / non-native,0,5,-1,4,VOLUME_UP,-1,0.9824973,0
audio/train_003155_SLURP_slurp_train_690_1875_train-00002-.wav,VOLUME_DOWN,,Lower the volume,28,FO-462,Other / non-native,0,5,-1,4,VOLUME_UP,-1,0.8122007,0
audio/train_003159_SLURP_slurp_devel_4979_7460.wav,VOLUME_DOWN,,Lower the volume,28,FO-462,Other / non-native,0,5,-1,19,OUT_OF_SCOPE,-1,0.7486319,0
audio/train_003165_group_synthetic_VOLUME_DOWN_s72_v2_noisy.wav,VOLUME_DOWN,,Lower the volume,28,s72,Synthetic,1,5,-1,5,VOLUME_DOWN,-1,0.6678702,1
audio/train_003167_group_synthetic_VOLUME_DOWN_s80_v2_noisy.wav,VOLUME_DOWN,,Lower the volume,28,s80,Synthetic,1,5,-1,5,VOLUME_DOWN,-1,0.511949,1
audio/train_003174_group_synthetic_VOLUME_DOWN_s38_v2_noisy.wav,VOLUME_DOWN,,Lower the volume,28,s38,Synthetic,1,5,-1,5,VOLUME_DOWN,-1,0.905263,1
audio/train_003176_group_synthetic_VOLUME_DOWN_s82_v2_noisy.wav,VOLUME_DOWN,,Lower the volume,28,s82,Synthetic,1,5,-1,5,VOLUME_DOWN,-1,0.90426415,1
audio/train_003177_group_synthetic_VOLUME_DOWN_s74_v2_clean.wav,VOLUME_DOWN,,Lower the volume,28,s74,Synthetic,1,5,-1,5,VOLUME_DOWN,-1,0.9171778,1
audio/train_003182_group_synthetic_VOLUME_DOWN_s67_v2_clean.wav,VOLUME_DOWN,,Lower the volume,28,s67,Synthetic,1,5,-1,5,VOLUME_DOWN,-1,0.93363464,1
audio/train_003185_group_synthetic_VOLUME_DOWN_s30_v2_noisy.wav,VOLUME_DOWN,,Lower the volume,28,s30,Synthetic,1,5,-1,5,VOLUME_DOWN,-1,0.89202285,1
audio/train_003205_group_synthetic_VOLUME_DOWN_s18_v2_clean.wav,VOLUME_DOWN,,Lower the volume,28,s18,Synthetic,1,5,-1,5,VOLUME_DOWN,-1,0.93742114,1
audio/train_003219_real_voice_VOLUME_DOWN_V3_t1.wav,VOLUME_DOWN,,Turn the volume down,29,202521746,Filipino (group),0,5,-1,5,VOLUME_DOWN,-1,0.95186704,1
audio/train_003220_real_voice_VOLUME_DOWN_V3_t2.wav,VOLUME_DOWN,,Turn the volume down,29,202521746,Filipino (group),0,5,-1,5,VOLUME_DOWN,-1,0.9585379,1
audio/train_003221_real_voice_VOLUME_DOWN_V3_t3.wav,VOLUME_DOWN,,Turn the volume down,29,202521746,Filipino (group),0,5,-1,5,VOLUME_DOWN,-1,0.8847338,1
audio/train_003229_SLURP_slurp_train_4901_1512_train-00000-.wav,VOLUME_DOWN,,Turn the volume down,29,FO-462,Other / non-native,0,5,-1,5,VOLUME_DOWN,-1,0.33831546,1
audio/train_003240_SLURP_slurp_test_1639_1756.wav,VOLUME_DOWN,,Turn the volume down,29,FO-420,Other / non-native,0,5,-1,5,VOLUME_DOWN,-1,0.47142446,1
audio/train_003247_SLURP_slurp_train_4390_1202_train-00001-.wav,VOLUME_DOWN,,Turn the volume down,29,FO-462,Other / non-native,0,5,-1,5,VOLUME_DOWN,-1,0.55730814,1
audio/train_003255_SLURP_slurp_train_1367_2407_train-00003-.wav,VOLUME_DOWN,,Turn the volume down,29,FO-462,Other / non-native,0,5,-1,4,VOLUME_UP,-1,0.52892894,0
audio/train_003296_group_synthetic_VOLUME_DOWN_s67_v3_noisy.wav,VOLUME_DOWN,,Turn the volume down,29,s67,Synthetic,1,5,-1,5,VOLUME_DOWN,-1,0.97247285,1
audio/train_003308_group_synthetic_VOLUME_DOWN_s30_v3_noisy.wav,VOLUME_DOWN,,Turn the volume down,29,s30,Synthetic,1,5,-1,5,VOLUME_DOWN,-1,0.98002213,1
audio/train_003309_group_synthetic_VOLUME_DOWN_s80_v3_noisy.wav,VOLUME_DOWN,,Turn the volume down,29,s80,Synthetic,1,5,-1,5,VOLUME_DOWN,-1,0.6699417,1
audio/train_003312_group_synthetic_VOLUME_DOWN_s26_v3_noisy.wav,VOLUME_DOWN,,Turn the volume down,29,s26,Synthetic,1,5,-1,5,VOLUME_DOWN,-1,0.9818122,1
audio/train_003313_group_synthetic_VOLUME_DOWN_s88_v3_noisy.wav,VOLUME_DOWN,,Turn the volume down,29,s88,Synthetic,1,5,-1,5,VOLUME_DOWN,-1,0.9082263,1
audio/train_003315_group_synthetic_VOLUME_DOWN_s82_v3_clean.wav,VOLUME_DOWN,,Turn the volume down,29,s82,Synthetic,1,5,-1,5,VOLUME_DOWN,-1,0.97741985,1
audio/train_003318_group_synthetic_VOLUME_DOWN_s38_v3_noisy.wav,VOLUME_DOWN,,Turn the volume down,29,s38,Synthetic,1,5,-1,5,VOLUME_DOWN,-1,0.97274166,1
audio/train_003323_group_synthetic_VOLUME_DOWN_s74_v3_noisy.wav,VOLUME_DOWN,,Turn the volume down,29,s74,Synthetic,1,5,-1,5,VOLUME_DOWN,-1,0.9532235,1
audio/train_003324_group_synthetic_VOLUME_DOWN_s18_v3_noisy.wav,VOLUME_DOWN,,Turn the volume down,29,s18,Synthetic,1,5,-1,5,VOLUME_DOWN,-1,0.9846597,1
audio/train_003330_real_voice_CALL_V1_t1.wav,CALL,,Call,30,202521746,Filipino (group),0,10,-1,10,CALL,-1,0.715986,1
audio/train_003331_real_voice_CALL_V1_t2.wav,CALL,,Call,30,202521746,Filipino (group),0,10,-1,10,CALL,-1,0.86359894,1
audio/train_003332_real_voice_CALL_V1_t3.wav,CALL,,Call,30,202521746,Filipino (group),0,10,-1,10,CALL,-1,0.89258665,1
audio/train_003367_SLURP_slurp_train_16863_4130_train-00003-.wav,CALL,,Call,30,FO-180,Other / non-native,0,10,-1,4,VOLUME_UP,-1,0.19208914,0
audio/train_003389_group_synthetic_CALL_s67_v1_noisy.wav,CALL,,Call,30,s67,Synthetic,1,10,-1,10,CALL,-1,0.95533776,1
audio/train_003398_group_synthetic_CALL_s80_v1_noisy.wav,CALL,,Call,30,s80,Synthetic,1,10,-1,1,PAUSE,-1,0.5676971,0
audio/train_003405_group_synthetic_CALL_s30_v1_noisy.wav,CALL,,Call,30,s30,Synthetic,1,10,-1,10,CALL,-1,0.921301,1
audio/train_003417_group_synthetic_CALL_s18_v1_clean.wav,CALL,,Call,30,s18,Synthetic,1,10,-1,10,CALL,-1,0.92900413,1
audio/train_003433_group_synthetic_CALL_s38_v1_noisy.wav,CALL,,Call,30,s38,Synthetic,1,10,-1,10,CALL,-1,0.9377346,1
audio/train_003435_group_synthetic_CALL_s88_v1_noisy.wav,CALL,,Call,30,s88,Synthetic,1,10,-1,10,CALL,-1,0.8793653,1
audio/train_003436_group_synthetic_CALL_s72_v1_noisy.wav,CALL,,Call,30,s72,Synthetic,1,10,-1,10,CALL,-1,0.46884093,1
audio/train_003438_group_synthetic_CALL_s74_v1_noisy.wav,CALL,,Call,30,s74,Synthetic,1,10,-1,19,OUT_OF_SCOPE,-1,0.53629535,0
audio/train_003441_real_voice_CALL_V2_t1.wav,CALL,,Make a call,31,202521746,Filipino (group),0,10,-1,10,CALL,-1,0.90958977,1
audio/train_003442_real_voice_CALL_V2_t2.wav,CALL,,Make a call,31,202521746,Filipino (group),0,10,-1,10,CALL,-1,0.60111964,1
audio/train_003443_real_voice_CALL_V2_t3.wav,CALL,,Make a call,31,202521746,Filipino (group),0,10,-1,10,CALL,-1,0.8726975,1
audio/train_003452_SLURP_slurp_test_16532_2064.wav,CALL,,Make a call,31,FE-250,Native English,0,10,-1,17,COLOR,1,0.6190234,0
audio/train_003456_SLURP_slurp_test_16532_2063.wav,CALL,,Make a call,31,FE-250,Native English,0,10,-1,5,VOLUME_DOWN,-1,0.28039852,0
audio/train_003472_group_synthetic_CALL_s30_v2_noisy.wav,CALL,,Make a call,31,s30,Synthetic,1,10,-1,10,CALL,-1,0.9761682,1
audio/train_003476_group_synthetic_CALL_s26_v2_clean.wav,CALL,,Make a call,31,s26,Synthetic,1,10,-1,10,CALL,-1,0.9415037,1
audio/train_003481_group_synthetic_CALL_s67_v2_noisy.wav,CALL,,Make a call,31,s67,Synthetic,1,10,-1,10,CALL,-1,0.97017527,1
audio/train_003485_group_synthetic_CALL_s18_v2_noisy.wav,CALL,,Make a call,31,s18,Synthetic,1,10,-1,10,CALL,-1,0.9807498,1
audio/train_003486_group_synthetic_CALL_s72_v2_noisy.wav,CALL,,Make a call,31,s72,Synthetic,1,10,-1,10,CALL,-1,0.9249005,1
audio/train_003494_group_synthetic_CALL_s82_v2_clean.wav,CALL,,Make a call,31,s82,Synthetic,1,10,-1,10,CALL,-1,0.9759203,1
audio/train_003506_group_synthetic_CALL_s74_v2_noisy.wav,CALL,,Make a call,31,s74,Synthetic,1,10,-1,10,CALL,-1,0.73631907,1
audio/train_003513_group_synthetic_CALL_s88_v2_noisy.wav,CALL,,Make a call,31,s88,Synthetic,1,10,-1,10,CALL,-1,0.95909023,1
audio/train_003524_group_synthetic_CALL_s26_v2_noisy.wav,CALL,,Make a call,31,s26,Synthetic,1,10,-1,10,CALL,-1,0.9316925,1
audio/train_003537_group_synthetic_CALL_s82_v2_noisy.wav,CALL,,Make a call,31,s82,Synthetic,1,10,-1,10,CALL,-1,0.97651255,1
audio/train_003539_group_synthetic_CALL_s67_v2_clean.wav,CALL,,Make a call,31,s67,Synthetic,1,10,-1,10,CALL,-1,0.9683519,1
audio/train_003549_group_synthetic_CALL_s74_v2_clean.wav,CALL,,Make a call,31,s74,Synthetic,1,10,-1,10,CALL,-1,0.88551694,1
audio/train_003550_group_synthetic_CALL_s72_v2_clean.wav,CALL,,Make a call,31,s72,Synthetic,1,10,-1,10,CALL,-1,0.90616775,1
audio/train_003552_real_voice_CALL_V3_t1.wav,CALL,,Make a phone call,32,202521746,Filipino (group),0,10,-1,10,CALL,-1,0.62495166,1
audio/train_003553_real_voice_CALL_V3_t2.wav,CALL,,Make a phone call,32,202521746,Filipino (group),0,10,-1,10,CALL,-1,0.8127878,1
audio/train_003554_real_voice_CALL_V3_t3.wav,CALL,,Make a phone call,32,202521746,Filipino (group),0,10,-1,10,CALL,-1,0.92495435,1
audio/train_003602_group_synthetic_CALL_s30_v3_clean.wav,CALL,,Make a phone call,32,s30,Synthetic,1,10,-1,10,CALL,-1,0.97026616,1
audio/train_003604_group_synthetic_CALL_s18_v3_noisy.wav,CALL,,Make a phone call,32,s18,Synthetic,1,10,-1,10,CALL,-1,0.9346327,1
audio/train_003608_group_synthetic_CALL_s67_v3_noisy.wav,CALL,,Make a phone call,32,s67,Synthetic,1,10,-1,10,CALL,-1,0.9700282,1
audio/train_003612_group_synthetic_CALL_s38_v3_clean.wav,CALL,,Make a phone call,32,s38,Synthetic,1,10,-1,10,CALL,-1,0.96983814,1
audio/train_003614_group_synthetic_CALL_s88_v3_noisy.wav,CALL,,Make a phone call,32,s88,Synthetic,1,10,-1,10,CALL,-1,0.90807194,1
audio/train_003625_group_synthetic_CALL_s74_v3_clean.wav,CALL,,Make a phone call,32,s74,Synthetic,1,10,-1,10,CALL,-1,0.90853196,1
audio/train_003627_group_synthetic_CALL_s80_v3_noisy.wav,CALL,,Make a phone call,32,s80,Synthetic,1,10,-1,10,CALL,-1,0.9436787,1
audio/train_003631_group_synthetic_CALL_s26_v3_clean.wav,CALL,,Make a phone call,32,s26,Synthetic,1,10,-1,10,CALL,-1,0.97452307,1
audio/train_003632_group_synthetic_CALL_s72_v3_noisy.wav,CALL,,Make a phone call,32,s72,Synthetic,1,10,-1,10,CALL,-1,0.9317719,1
audio/train_003637_group_synthetic_CALL_s82_v3_noisy.wav,CALL,,Make a phone call,32,s82,Synthetic,1,10,-1,10,CALL,-1,0.95352155,1
audio/train_003659_group_synthetic_CALL_s30_v3_noisy.wav,CALL,,Make a phone call,32,s30,Synthetic,1,10,-1,10,CALL,-1,0.96108305,1
audio/train_003660_group_synthetic_CALL_s38_v3_noisy.wav,CALL,,Make a phone call,32,s38,Synthetic,1,10,-1,10,CALL,-1,0.9294769,1
audio/train_003661_group_synthetic_CALL_s67_v3_clean.wav,CALL,,Make a phone call,32,s67,Synthetic,1,10,-1,10,CALL,-1,0.965475,1
audio/train_003687_group_synthetic_MESSAGE_s88_v1_noisy.wav,MESSAGE,,Message,33,s88,Synthetic,1,11,-1,11,MESSAGE,-1,0.81950146,1
audio/train_003693_group_synthetic_MESSAGE_s18_v1_clean.wav,MESSAGE,,Message,33,s18,Synthetic,1,11,-1,11,MESSAGE,-1,0.9039156,1
audio/train_003702_group_synthetic_MESSAGE_s72_v1_noisy.wav,MESSAGE,,Message,33,s72,Synthetic,1,11,-1,11,MESSAGE,-1,0.8927187,1
audio/train_003706_group_synthetic_MESSAGE_s38_v1_noisy.wav,MESSAGE,,Message,33,s38,Synthetic,1,11,-1,11,MESSAGE,-1,0.95655704,1
audio/train_003707_group_synthetic_MESSAGE_s80_v1_noisy.wav,MESSAGE,,Message,33,s80,Synthetic,1,11,-1,11,MESSAGE,-1,0.9080106,1
audio/train_003713_group_synthetic_MESSAGE_s67_v1_noisy.wav,MESSAGE,,Message,33,s67,Synthetic,1,11,-1,11,MESSAGE,-1,0.9553181,1
audio/train_003718_group_synthetic_MESSAGE_s74_v1_clean.wav,MESSAGE,,Message,33,s74,Synthetic,1,11,-1,11,MESSAGE,-1,0.8303424,1
audio/train_003719_group_synthetic_MESSAGE_s82_v1_noisy.wav,MESSAGE,,Message,33,s82,Synthetic,1,11,-1,11,MESSAGE,-1,0.93052137,1
audio/train_003737_group_synthetic_MESSAGE_s72_v1_clean.wav,MESSAGE,,Message,33,s72,Synthetic,1,11,-1,11,MESSAGE,-1,0.8655246,1
audio/train_003740_group_synthetic_MESSAGE_s74_v1_noisy.wav,MESSAGE,,Message,33,s74,Synthetic,1,11,-1,11,MESSAGE,-1,0.83430374,1
audio/train_003747_group_synthetic_MESSAGE_s38_v1_clean.wav,MESSAGE,,Message,33,s38,Synthetic,1,11,-1,11,MESSAGE,-1,0.93938684,1
audio/train_003749_group_synthetic_MESSAGE_s88_v1_clean.wav,MESSAGE,,Message,33,s88,Synthetic,1,11,-1,11,MESSAGE,-1,0.8397074,1
audio/train_003757_group_synthetic_MESSAGE_s82_v1_clean.wav,MESSAGE,,Message,33,s82,Synthetic,1,11,-1,11,MESSAGE,-1,0.91739595,1
audio/train_003768_group_synthetic_MESSAGE_s18_v1_noisy.wav,MESSAGE,,Message,33,s18,Synthetic,1,11,-1,11,MESSAGE,-1,0.92303586,1
audio/train_003777_SLURP_slurp_train_16882_5739_train-00005-.wav,MESSAGE,,Send a message,34,FO-462,Other / non-native,0,11,-1,19,OUT_OF_SCOPE,-1,0.8142134,0
audio/train_003781_SLURP_slurp_train_16882_5740_train-00005-.wav,MESSAGE,,Send a message,34,FO-462,Other / non-native,0,11,-1,19,OUT_OF_SCOPE,-1,0.98045224,0
audio/train_003785_SLURP_slurp_train_15833_7653_train-00004-.wav,MESSAGE,,Send a message,34,ME-220,Native English,0,11,-1,19,OUT_OF_SCOPE,-1,0.6250664,0
audio/train_003795_SLURP_slurp_train_15833_7652_train-00004-.wav,MESSAGE,,Send a message,34,ME-220,Native English,0,11,-1,19,OUT_OF_SCOPE,-1,0.8451737,0
audio/train_003804_group_synthetic_MESSAGE_s67_v2_clean.wav,MESSAGE,,Send a message,34,s67,Synthetic,1,11,-1,11,MESSAGE,-1,0.94380695,1
audio/train_003808_group_synthetic_MESSAGE_s88_v2_clean.wav,MESSAGE,,Send a message,34,s88,Synthetic,1,11,-1,11,MESSAGE,-1,0.91563654,1
audio/train_003811_group_synthetic_MESSAGE_s38_v2_noisy.wav,MESSAGE,,Send a message,34,s38,Synthetic,1,11,-1,11,MESSAGE,-1,0.8934705,1
audio/train_003814_group_synthetic_MESSAGE_s18_v2_noisy.wav,MESSAGE,,Send a message,34,s18,Synthetic,1,11,-1,11,MESSAGE,-1,0.9527627,1
audio/train_003824_group_synthetic_MESSAGE_s26_v2_noisy.wav,MESSAGE,,Send a message,34,s26,Synthetic,1,11,-1,11,MESSAGE,-1,0.96648675,1
audio/train_003830_group_synthetic_MESSAGE_s80_v2_clean.wav,MESSAGE,,Send a message,34,s80,Synthetic,1,11,-1,11,MESSAGE,-1,0.9066618,1
audio/train_003831_group_synthetic_MESSAGE_s30_v2_noisy.wav,MESSAGE,,Send a message,34,s30,Synthetic,1,11,-1,11,MESSAGE,-1,0.957622,1
audio/train_003846_group_synthetic_MESSAGE_s72_v2_clean.wav,MESSAGE,,Send a message,34,s72,Synthetic,1,11,-1,11,MESSAGE,-1,0.9357362,1
audio/train_003851_group_synthetic_MESSAGE_s82_v2_noisy.wav,MESSAGE,,Send a message,34,s82,Synthetic,1,11,-1,11,MESSAGE,-1,0.96738106,1
audio/train_003868_group_synthetic_MESSAGE_s88_v2_noisy.wav,MESSAGE,,Send a message,34,s88,Synthetic,1,11,-1,11,MESSAGE,-1,0.9536043,1
audio/train_003874_group_synthetic_MESSAGE_s26_v2_clean.wav,MESSAGE,,Send a message,34,s26,Synthetic,1,11,-1,11,MESSAGE,-1,0.96093667,1
audio/train_003876_group_synthetic_MESSAGE_s80_v2_noisy.wav,MESSAGE,,Send a message,34,s80,Synthetic,1,11,-1,11,MESSAGE,-1,0.92288923,1
audio/train_003878_group_synthetic_MESSAGE_s18_v2_clean.wav,MESSAGE,,Send a message,34,s18,Synthetic,1,11,-1,11,MESSAGE,-1,0.945963,1
audio/train_003895_group_synthetic_MESSAGE_s67_v3_noisy.wav,MESSAGE,,Send my message,35,s67,Synthetic,1,11,-1,11,MESSAGE,-1,0.9562864,1
audio/train_003897_group_synthetic_MESSAGE_s74_v3_noisy.wav,MESSAGE,,Send my message,35,s74,Synthetic,1,11,-1,11,MESSAGE,-1,0.8082002,1
audio/train_003899_group_synthetic_MESSAGE_s26_v3_noisy.wav,MESSAGE,,Send my message,35,s26,Synthetic,1,11,-1,11,MESSAGE,-1,0.9417538,1
audio/train_003904_group_synthetic_MESSAGE_s38_v3_clean.wav,MESSAGE,,Send my message,35,s38,Synthetic,1,11,-1,11,MESSAGE,-1,0.9536639,1
audio/train_003909_group_synthetic_MESSAGE_s18_v3_clean.wav,MESSAGE,,Send my message,35,s18,Synthetic,1,11,-1,11,MESSAGE,-1,0.9259774,1
audio/train_003926_group_synthetic_MESSAGE_s72_v3_noisy.wav,MESSAGE,,Send my message,35,s72,Synthetic,1,11,-1,11,MESSAGE,-1,0.95480627,1
audio/train_003928_group_synthetic_MESSAGE_s80_v3_clean.wav,MESSAGE,,Send my message,35,s80,Synthetic,1,11,-1,11,MESSAGE,-1,0.90255976,1
audio/train_003935_group_synthetic_MESSAGE_s30_v3_clean.wav,MESSAGE,,Send my message,35,s30,Synthetic,1,11,-1,11,MESSAGE,-1,0.96973175,1
audio/train_003943_group_synthetic_MESSAGE_s82_v3_clean.wav,MESSAGE,,Send my message,35,s82,Synthetic,1,11,-1,11,MESSAGE,-1,0.9593325,1
audio/train_003945_group_synthetic_MESSAGE_s88_v3_noisy.wav,MESSAGE,,Send my message,35,s88,Synthetic,1,11,-1,11,MESSAGE,-1,0.92587334,1
audio/train_003953_group_synthetic_MESSAGE_s38_v3_noisy.wav,MESSAGE,,Send my message,35,s38,Synthetic,1,11,-1,11,MESSAGE,-1,0.9492701,1
audio/train_003955_group_synthetic_MESSAGE_s26_v3_clean.wav,MESSAGE,,Send my message,35,s26,Synthetic,1,11,-1,11,MESSAGE,-1,0.9401869,1
audio/train_003959_group_synthetic_MESSAGE_s18_v3_noisy.wav,MESSAGE,,Send my message,35,s18,Synthetic,1,11,-1,11,MESSAGE,-1,0.9284493,1
audio/train_003968_group_synthetic_MESSAGE_s80_v3_noisy.wav,MESSAGE,,Send my message,35,s80,Synthetic,1,11,-1,11,MESSAGE,-1,0.9151096,1
audio/train_003973_group_synthetic_MESSAGE_s72_v3_clean.wav,MESSAGE,,Send my message,35,s72,Synthetic,1,11,-1,11,MESSAGE,-1,0.95068556,1
audio/train_003992_group_synthetic_MESSAGE_s67_v3_clean.wav,MESSAGE,,Send my message,35,s67,Synthetic,1,11,-1,11,MESSAGE,-1,0.9523448,1
audio/train_003994_group_synthetic_MESSAGE_s82_v3_noisy.wav,MESSAGE,,Send my message,35,s82,Synthetic,1,11,-1,11,MESSAGE,-1,0.9505019,1
audio/train_004010_group_synthetic_LIST_REMINDERS_s18_v1_clean.wav,LIST_REMINDERS,,Reminders,36,s18,Synthetic,1,12,-1,12,LIST_REMINDERS,-1,0.9485769,1
audio/train_004012_group_synthetic_LIST_REMINDERS_s38_v1_clean.wav,LIST_REMINDERS,,Reminders,36,s38,Synthetic,1,12,-1,12,LIST_REMINDERS,-1,0.9585117,1
audio/train_004020_group_synthetic_LIST_REMINDERS_s72_v1_noisy.wav,LIST_REMINDERS,,Reminders,36,s72,Synthetic,1,12,-1,12,LIST_REMINDERS,-1,0.88431513,1
audio/train_004029_group_synthetic_LIST_REMINDERS_s30_v1_clean.wav,LIST_REMINDERS,,Reminders,36,s30,Synthetic,1,12,-1,12,LIST_REMINDERS,-1,0.95158046,1
audio/train_004030_group_synthetic_LIST_REMINDERS_s67_v1_noisy.wav,LIST_REMINDERS,,Reminders,36,s67,Synthetic,1,12,-1,12,LIST_REMINDERS,-1,0.96004665,1
audio/train_004032_group_synthetic_LIST_REMINDERS_s26_v1_clean.wav,LIST_REMINDERS,,Reminders,36,s26,Synthetic,1,12,-1,12,LIST_REMINDERS,-1,0.95486224,1
audio/train_004043_group_synthetic_LIST_REMINDERS_s82_v1_clean.wav,LIST_REMINDERS,,Reminders,36,s82,Synthetic,1,12,-1,12,LIST_REMINDERS,-1,0.9108334,1
audio/train_004049_group_synthetic_LIST_REMINDERS_s88_v1_noisy.wav,LIST_REMINDERS,,Reminders,36,s88,Synthetic,1,12,-1,12,LIST_REMINDERS,-1,0.95808345,1
audio/train_004060_group_synthetic_LIST_REMINDERS_s72_v1_clean.wav,LIST_REMINDERS,,Reminders,36,s72,Synthetic,1,12,-1,12,LIST_REMINDERS,-1,0.85030144,1
audio/train_004069_group_synthetic_LIST_REMINDERS_s18_v1_noisy.wav,LIST_REMINDERS,,Reminders,36,s18,Synthetic,1,12,-1,12,LIST_REMINDERS,-1,0.9477786,1
audio/train_004072_group_synthetic_LIST_REMINDERS_s82_v1_noisy.wav,LIST_REMINDERS,,Reminders,36,s82,Synthetic,1,12,-1,12,LIST_REMINDERS,-1,0.91832435,1
audio/train_004073_group_synthetic_LIST_REMINDERS_s30_v1_noisy.wav,LIST_REMINDERS,,Reminders,36,s30,Synthetic,1,12,-1,12,LIST_REMINDERS,-1,0.9705264,1
audio/train_004079_group_synthetic_LIST_REMINDERS_s67_v1_clean.wav,LIST_REMINDERS,,Reminders,36,s67,Synthetic,1,12,-1,12,LIST_REMINDERS,-1,0.95199645,1
audio/train_004088_group_synthetic_LIST_REMINDERS_s38_v1_noisy.wav,LIST_REMINDERS,,Reminders,36,s38,Synthetic,1,12,-1,12,LIST_REMINDERS,-1,0.94496334,1
audio/train_004104_group_synthetic_LIST_REMINDERS_s26_v1_noisy.wav,LIST_REMINDERS,,Reminders,36,s26,Synthetic,1,12,-1,12,LIST_REMINDERS,-1,0.967447,1
audio/train_004106_group_synthetic_LIST_REMINDERS_s88_v1_clean.wav,LIST_REMINDERS,,Reminders,36,s88,Synthetic,1,12,-1,12,LIST_REMINDERS,-1,0.95068115,1
audio/train_004132_SLURP_slurp_test_8795_4231.wav,LIST_REMINDERS,,Show my reminders,37,FO-171,Other / non-native,0,12,-1,12,LIST_REMINDERS,-1,0.85012674,1
audio/train_004134_SLURP_slurp_test_9198_5597.wav,LIST_REMINDERS,,Show my reminders,37,FO-462,Other / non-native,0,12,-1,12,LIST_REMINDERS,-1,0.6049213,1
audio/train_004135_SLURP_slurp_test_9198_5598.wav,LIST_REMINDERS,,Show my reminders,37,FO-462,Other / non-native,0,12,-1,12,LIST_REMINDERS,-1,0.5220936,1
audio/train_004139_SLURP_slurp_test_9198_5596.wav,LIST_REMINDERS,,Show my reminders,37,FO-462,Other / non-native,0,12,-1,12,LIST_REMINDERS,-1,0.47270298,1
audio/train_004141_SLURP_slurp_test_9198_5599.wav,LIST_REMINDERS,,Show my reminders,37,FO-462,Other / non-native,0,12,-1,12,LIST_REMINDERS,-1,0.80091625,1
audio/train_004147_SLURP_slurp_train_7386_6623_train-00002-.wav,LIST_REMINDERS,,Show my reminders,37,FE-349,Native English,0,12,-1,12,LIST_REMINDERS,-1,0.9211009,1
audio/train_004151_SLURP_slurp_train_7386_6624_train-00002-.wav,LIST_REMINDERS,,Show my reminders,37,FE-349,Native English,0,12,-1,12,LIST_REMINDERS,-1,0.8400745,1
audio/train_004155_group_synthetic_LIST_REMINDERS_s72_v2_noisy.wav,LIST_REMINDERS,,Show my reminders,37,s72,Synthetic,1,12,-1,12,LIST_REMINDERS,-1,0.9637944,1
audio/train_004161_group_synthetic_LIST_REMINDERS_s38_v2_noisy.wav,LIST_REMINDERS,,Show my reminders,37,s38,Synthetic,1,12,-1,12,LIST_REMINDERS,-1,0.9795726,1
audio/train_004170_group_synthetic_LIST_REMINDERS_s67_v2_noisy.wav,LIST_REMINDERS,,Show my reminders,37,s67,Synthetic,1,12,-1,12,LIST_REMINDERS,-1,0.93918353,1
audio/train_004183_group_synthetic_LIST_REMINDERS_s82_v2_clean.wav,LIST_REMINDERS,,Show my reminders,37,s82,Synthetic,1,12,-1,12,LIST_REMINDERS,-1,0.95471627,1
audio/train_004184_group_synthetic_LIST_REMINDERS_s30_v2_clean.wav,LIST_REMINDERS,,Show my reminders,37,s30,Synthetic,1,12,-1,12,LIST_REMINDERS,-1,0.95751655,1
audio/train_004191_group_synthetic_LIST_REMINDERS_s26_v2_clean.wav,LIST_REMINDERS,,Show my reminders,37,s26,Synthetic,1,12,-1,12,LIST_REMINDERS,-1,0.9367063,1
audio/train_004195_group_synthetic_LIST_REMINDERS_s88_v2_noisy.wav,LIST_REMINDERS,,Show my reminders,37,s88,Synthetic,1,12,-1,12,LIST_REMINDERS,-1,0.9663235,1
audio/train_004197_group_synthetic_LIST_REMINDERS_s74_v2_noisy.wav,LIST_REMINDERS,,Show my reminders,37,s74,Synthetic,1,12,-1,12,LIST_REMINDERS,-1,0.9484286,1
audio/train_004230_SLURP_slurp_devel_7720_2350.wav,LIST_REMINDERS,,List my reminders,38,FE-249,Native English,0,12,-1,12,LIST_REMINDERS,-1,0.80676365,1
audio/train_004243_group_synthetic_LIST_REMINDERS_s74_v3_clean.wav,LIST_REMINDERS,,List my reminders,38,s74,Synthetic,1,12,-1,12,LIST_REMINDERS,-1,0.7545432,1
audio/train_004245_group_synthetic_LIST_REMINDERS_s18_v3_clean.wav,LIST_REMINDERS,,List my reminders,38,s18,Synthetic,1,12,-1,12,LIST_REMINDERS,-1,0.93340844,1
audio/train_004259_group_synthetic_LIST_REMINDERS_s30_v3_noisy.wav,LIST_REMINDERS,,List my reminders,38,s30,Synthetic,1,12,-1,12,LIST_REMINDERS,-1,0.9662238,1
audio/train_004270_group_synthetic_LIST_REMINDERS_s67_v3_noisy.wav,LIST_REMINDERS,,List my reminders,38,s67,Synthetic,1,12,-1,12,LIST_REMINDERS,-1,0.94953734,1
audio/train_004272_group_synthetic_LIST_REMINDERS_s26_v3_noisy.wav,LIST_REMINDERS,,List my reminders,38,s26,Synthetic,1,12,-1,12,LIST_REMINDERS,-1,0.9572055,1
audio/train_004274_group_synthetic_LIST_REMINDERS_s72_v3_clean.wav,LIST_REMINDERS,,List my reminders,38,s72,Synthetic,1,12,-1,12,LIST_REMINDERS,-1,0.97193956,1
audio/train_004280_group_synthetic_LIST_REMINDERS_s38_v3_noisy.wav,LIST_REMINDERS,,List my reminders,38,s38,Synthetic,1,12,-1,12,LIST_REMINDERS,-1,0.9768297,1
audio/train_004293_group_synthetic_LIST_REMINDERS_s82_v3_clean.wav,LIST_REMINDERS,,List my reminders,38,s82,Synthetic,1,12,-1,12,LIST_REMINDERS,-1,0.940946,1
audio/train_004297_group_synthetic_LIST_REMINDERS_s88_v3_clean.wav,LIST_REMINDERS,,List my reminders,38,s88,Synthetic,1,12,-1,12,LIST_REMINDERS,-1,0.9021903,1
audio/train_004308_group_synthetic_LIST_REMINDERS_s74_v3_noisy.wav,LIST_REMINDERS,,List my reminders,38,s74,Synthetic,1,12,-1,12,LIST_REMINDERS,-1,0.8364509,1
audio/train_004316_group_synthetic_LIST_REMINDERS_s26_v3_clean.wav,LIST_REMINDERS,,List my reminders,38,s26,Synthetic,1,12,-1,12,LIST_REMINDERS,-1,0.95225567,1
audio/train_004333_group_synthetic_TIMER_10s_s72_v1_noisy.wav,TIMER,10 seconds,Timer 10 seconds,39,s72,Synthetic,1,13,0,13,TIMER,0,0.9318343,1
audio/train_004341_group_synthetic_TIMER_10s_s82_v1_clean.wav,TIMER,10 seconds,Timer 10 seconds,39,s82,Synthetic,1,13,0,13,TIMER,0,0.9221184,1
audio/train_004354_group_synthetic_TIMER_10s_s67_v1_clean.wav,TIMER,10 seconds,Timer 10 seconds,39,s67,Synthetic,1,13,0,13,TIMER,0,0.94833195,1
audio/train_004365_group_synthetic_TIMER_10s_s18_v1_noisy.wav,TIMER,10 seconds,Timer 10 seconds,39,s18,Synthetic,1,13,0,13,TIMER,0,0.9548571,1
audio/train_004366_group_synthetic_TIMER_10s_s88_v1_noisy.wav,TIMER,10 seconds,Timer 10 seconds,39,s88,Synthetic,1,13,0,13,TIMER,0,0.9309534,1
audio/train_004369_group_synthetic_TIMER_10s_s38_v1_noisy.wav,TIMER,10 seconds,Timer 10 seconds,39,s38,Synthetic,1,13,0,13,TIMER,0,0.9448084,1
audio/train_004372_group_synthetic_TIMER_10s_s74_v1_noisy.wav,TIMER,10 seconds,Timer 10 seconds,39,s74,Synthetic,1,13,0,13,TIMER,0,0.972123,1
audio/train_004374_group_synthetic_TIMER_10s_s30_v1_clean.wav,TIMER,10 seconds,Timer 10 seconds,39,s30,Synthetic,1,13,0,13,TIMER,0,0.9565811,1
audio/train_004386_group_synthetic_TIMER_10s_s26_v1_noisy.wav,TIMER,10 seconds,Timer 10 seconds,39,s26,Synthetic,1,13,0,13,TIMER,0,0.92241883,1
audio/train_004390_group_synthetic_TIMER_10s_s80_v1_clean.wav,TIMER,10 seconds,Timer 10 seconds,39,s80,Synthetic,1,13,0,13,TIMER,0,0.91122156,1
audio/train_004404_group_synthetic_TIMER_10s_s18_v1_clean.wav,TIMER,10 seconds,Timer 10 seconds,39,s18,Synthetic,1,13,0,13,TIMER,0,0.9515049,1
audio/train_004405_group_synthetic_TIMER_10s_s67_v1_noisy.wav,TIMER,10 seconds,Timer 10 seconds,39,s67,Synthetic,1,13,0,13,TIMER,0,0.94329345,1
audio/train_004408_group_synthetic_TIMER_10s_s82_v1_noisy.wav,TIMER,10 seconds,Timer 10 seconds,39,s82,Synthetic,1,13,0,13,TIMER,0,0.92582893,1
audio/train_004410_group_synthetic_TIMER_10s_s30_v1_noisy.wav,TIMER,10 seconds,Timer 10 seconds,39,s30,Synthetic,1,13,0,13,TIMER,0,0.95625377,1
audio/train_004418_group_synthetic_TIMER_10s_s88_v1_clean.wav,TIMER,10 seconds,Timer 10 seconds,39,s88,Synthetic,1,13,0,13,TIMER,0,0.94045496,1
audio/train_004420_group_synthetic_TIMER_10s_s72_v1_clean.wav,TIMER,10 seconds,Timer 10 seconds,39,s72,Synthetic,1,13,0,13,TIMER,0,0.93327606,1
audio/train_004430_group_synthetic_TIMER_10s_s26_v1_clean.wav,TIMER,10 seconds,Timer 10 seconds,39,s26,Synthetic,1,13,0,13,TIMER,0,0.93112534,1
audio/train_004432_group_synthetic_TIMER_10s_s74_v1_clean.wav,TIMER,10 seconds,Timer 10 seconds,39,s74,Synthetic,1,13,0,13,TIMER,0,0.9697252,1
audio/train_004445_group_synthetic_TIMER_30s_s67_v1_noisy.wav,TIMER,30 seconds,Timer 30 seconds,40,s67,Synthetic,1,13,1,13,TIMER,1,0.9224077,1
audio/train_004446_group_synthetic_TIMER_30s_s72_v1_noisy.wav,TIMER,30 seconds,Timer 30 seconds,40,s72,Synthetic,1,13,1,19,OUT_OF_SCOPE,-1,0.315127,0
audio/train_004459_group_synthetic_TIMER_30s_s18_v1_clean.wav,TIMER,30 seconds,Timer 30 seconds,40,s18,Synthetic,1,13,1,13,TIMER,1,0.8428676,1
audio/train_004479_group_synthetic_TIMER_30s_s38_v1_clean.wav,TIMER,30 seconds,Timer 30 seconds,40,s38,Synthetic,1,13,1,13,TIMER,1,0.9318514,1
audio/train_004483_group_synthetic_TIMER_30s_s26_v1_noisy.wav,TIMER,30 seconds,Timer 30 seconds,40,s26,Synthetic,1,13,1,13,TIMER,1,0.9445155,1
audio/train_004486_group_synthetic_TIMER_30s_s80_v1_noisy.wav,TIMER,30 seconds,Timer 30 seconds,40,s80,Synthetic,1,13,1,13,TIMER,1,0.8808562,1
audio/train_004488_group_synthetic_TIMER_30s_s82_v1_clean.wav,TIMER,30 seconds,Timer 30 seconds,40,s82,Synthetic,1,13,1,13,TIMER,1,0.9536808,1
audio/train_004493_group_synthetic_TIMER_30s_s88_v1_noisy.wav,TIMER,30 seconds,Timer 30 seconds,40,s88,Synthetic,1,13,1,13,TIMER,1,0.9224722,1
audio/train_004504_group_synthetic_TIMER_30s_s30_v1_clean.wav,TIMER,30 seconds,Timer 30 seconds,40,s30,Synthetic,1,13,1,13,TIMER,1,0.9461352,1
audio/train_004506_group_synthetic_TIMER_30s_s74_v1_clean.wav,TIMER,30 seconds,Timer 30 seconds,40,s74,Synthetic,1,13,1,13,TIMER,1,0.93932015,1
audio/train_004514_group_synthetic_TIMER_30s_s38_v1_noisy.wav,TIMER,30 seconds,Timer 30 seconds,40,s38,Synthetic,1,13,1,13,TIMER,1,0.9383224,1
audio/train_004520_group_synthetic_TIMER_30s_s88_v1_clean.wav,TIMER,30 seconds,Timer 30 seconds,40,s88,Synthetic,1,13,1,13,TIMER,1,0.93505913,1
audio/train_004522_group_synthetic_TIMER_30s_s18_v1_noisy.wav,TIMER,30 seconds,Timer 30 seconds,40,s18,Synthetic,1,13,1,13,TIMER,1,0.8259752,1
audio/train_004528_group_synthetic_TIMER_30s_s26_v1_clean.wav,TIMER,30 seconds,Timer 30 seconds,40,s26,Synthetic,1,13,1,13,TIMER,1,0.9395268,1
audio/train_004531_group_synthetic_TIMER_30s_s67_v1_clean.wav,TIMER,30 seconds,Timer 30 seconds,40,s67,Synthetic,1,13,1,13,TIMER,1,0.92076427,1
audio/train_004544_group_synthetic_TIMER_30s_s82_v1_noisy.wav,TIMER,30 seconds,Timer 30 seconds,40,s82,Synthetic,1,13,1,13,TIMER,1,0.95766026,1
audio/train_004551_group_synthetic_TIMER_1m_s80_v1_clean.wav,TIMER,1 minute,Timer 1 minute,41,s80,Synthetic,1,13,2,13,TIMER,2,0.9060334,1
audio/train_004564_group_synthetic_TIMER_1m_s18_v1_clean.wav,TIMER,1 minute,Timer 1 minute,41,s18,Synthetic,1,13,2,13,TIMER,2,0.9427734,1
audio/train_004566_group_synthetic_TIMER_1m_s88_v1_clean.wav,TIMER,1 minute,Timer 1 minute,41,s88,Synthetic,1,13,2,13,TIMER,2,0.8480338,1
audio/train_004569_group_synthetic_TIMER_1m_s26_v1_clean.wav,TIMER,1 minute,Timer 1 minute,41,s26,Synthetic,1,13,2,13,TIMER,2,0.9592157,1
audio/train_004580_group_synthetic_TIMER_1m_s74_v1_noisy.wav,TIMER,1 minute,Timer 1 minute,41,s74,Synthetic,1,13,2,13,TIMER,2,0.9375179,1
audio/train_004586_group_synthetic_TIMER_1m_s67_v1_clean.wav,TIMER,1 minute,Timer 1 minute,41,s67,Synthetic,1,13,2,13,TIMER,2,0.9494228,1
audio/train_004597_group_synthetic_TIMER_1m_s30_v1_noisy.wav,TIMER,1 minute,Timer 1 minute,41,s30,Synthetic,1,13,2,13,TIMER,2,0.94502693,1
audio/train_004599_group_synthetic_TIMER_1m_s82_v1_clean.wav,TIMER,1 minute,Timer 1 minute,41,s82,Synthetic,1,13,2,13,TIMER,2,0.935302,1
audio/train_004621_group_synthetic_TIMER_1m_s80_v1_noisy.wav,TIMER,1 minute,Timer 1 minute,41,s80,Synthetic,1,13,2,13,TIMER,2,0.9286462,1
audio/train_004626_group_synthetic_TIMER_1m_s67_v1_noisy.wav,TIMER,1 minute,Timer 1 minute,41,s67,Synthetic,1,13,2,13,TIMER,2,0.952917,1
audio/train_004635_group_synthetic_TIMER_1m_s74_v1_clean.wav,TIMER,1 minute,Timer 1 minute,41,s74,Synthetic,1,13,2,13,TIMER,2,0.9464643,1
audio/train_004642_group_synthetic_TIMER_1m_s26_v1_noisy.wav,TIMER,1 minute,Timer 1 minute,41,s26,Synthetic,1,13,2,13,TIMER,2,0.9475862,1
audio/train_004647_group_synthetic_TIMER_1m_s82_v1_noisy.wav,TIMER,1 minute,Timer 1 minute,41,s82,Synthetic,1,13,2,13,TIMER,2,0.91608703,1
audio/train_004655_group_synthetic_TIMER_1m_s88_v1_noisy.wav,TIMER,1 minute,Timer 1 minute,41,s88,Synthetic,1,13,2,13,TIMER,2,0.9056683,1
audio/train_004656_group_synthetic_TIMER_1m_s18_v1_noisy.wav,TIMER,1 minute,Timer 1 minute,41,s18,Synthetic,1,13,2,13,TIMER,2,0.9351193,1
audio/train_004665_group_synthetic_TIMER_10s_s80_v2_clean.wav,TIMER,10 seconds,Countdown for 10 seconds,42,s80,Synthetic,1,13,0,13,TIMER,0,0.92151904,1
audio/train_004670_group_synthetic_TIMER_10s_s72_v2_clean.wav,TIMER,10 seconds,Countdown for 10 seconds,42,s72,Synthetic,1,13,0,13,TIMER,0,0.9557279,1
audio/train_004683_group_synthetic_TIMER_10s_s26_v2_clean.wav,TIMER,10 seconds,Countdown for 10 seconds,42,s26,Synthetic,1,13,0,13,TIMER,0,0.9479912,1
audio/train_004692_group_synthetic_TIMER_10s_s18_v2_clean.wav,TIMER,10 seconds,Countdown for 10 seconds,42,s18,Synthetic,1,13,0,13,TIMER,0,0.9411163,1
audio/train_004695_group_synthetic_TIMER_10s_s74_v2_clean.wav,TIMER,10 seconds,Countdown for 10 seconds,42,s74,Synthetic,1,13,0,13,TIMER,0,0.80302083,1
audio/train_004699_group_synthetic_TIMER_10s_s88_v2_noisy.wav,TIMER,10 seconds,Countdown for 10 seconds,42,s88,Synthetic,1,13,0,13,TIMER,0,0.9455884,1
audio/train_004702_group_synthetic_TIMER_10s_s30_v2_noisy.wav,TIMER,10 seconds,Countdown for 10 seconds,42,s30,Synthetic,1,13,0,13,TIMER,0,0.94370574,1
audio/train_004710_group_synthetic_TIMER_10s_s38_v2_noisy.wav,TIMER,10 seconds,Countdown for 10 seconds,42,s38,Synthetic,1,13,0,13,TIMER,0,0.9313493,1
audio/train_004722_group_synthetic_TIMER_10s_s82_v2_noisy.wav,TIMER,10 seconds,Countdown for 10 seconds,42,s82,Synthetic,1,13,0,13,TIMER,0,0.95240545,1
audio/train_004727_group_synthetic_TIMER_10s_s67_v2_clean.wav,TIMER,10 seconds,Countdown for 10 seconds,42,s67,Synthetic,1,13,0,13,TIMER,0,0.9561476,1
audio/train_004731_group_synthetic_TIMER_10s_s80_v2_noisy.wav,TIMER,10 seconds,Countdown for 10 seconds,42,s80,Synthetic,1,13,0,13,TIMER,0,0.9477486,1
audio/train_004753_group_synthetic_TIMER_10s_s74_v2_noisy.wav,TIMER,10 seconds,Countdown for 10 seconds,42,s74,Synthetic,1,13,0,13,TIMER,0,0.8721607,1
audio/train_004756_group_synthetic_TIMER_10s_s88_v2_clean.wav,TIMER,10 seconds,Countdown for 10 seconds,42,s88,Synthetic,1,13,0,13,TIMER,0,0.9547396,1
audio/train_004767_group_synthetic_TIMER_10s_s26_v2_noisy.wav,TIMER,10 seconds,Countdown for 10 seconds,42,s26,Synthetic,1,13,0,13,TIMER,0,0.9506166,1
audio/train_004780_group_synthetic_TIMER_30s_s26_v2_noisy.wav,TIMER,30 seconds,Countdown for 30 seconds,43,s26,Synthetic,1,13,1,13,TIMER,1,0.9371353,1
audio/train_004784_group_synthetic_TIMER_30s_s82_v2_clean.wav,TIMER,30 seconds,Countdown for 30 seconds,43,s82,Synthetic,1,13,1,13,TIMER,1,0.92121005,1
audio/train_004787_group_synthetic_TIMER_30s_s18_v2_noisy.wav,TIMER,30 seconds,Countdown for 30 seconds,43,s18,Synthetic,1,13,1,13,TIMER,1,0.9203671,1
audio/train_004791_group_synthetic_TIMER_30s_s88_v2_noisy.wav,TIMER,30 seconds,Countdown for 30 seconds,43,s88,Synthetic,1,13,1,13,TIMER,1,0.8722918,1
audio/train_004792_group_synthetic_TIMER_30s_s74_v2_noisy.wav,TIMER,30 seconds,Countdown for 30 seconds,43,s74,Synthetic,1,13,1,13,TIMER,1,0.66043663,1
audio/train_004812_group_synthetic_TIMER_30s_s67_v2_noisy.wav,TIMER,30 seconds,Countdown for 30 seconds,43,s67,Synthetic,1,13,1,13,TIMER,1,0.9055938,1
audio/train_004820_group_synthetic_TIMER_30s_s72_v2_noisy.wav,TIMER,30 seconds,Countdown for 30 seconds,43,s72,Synthetic,1,13,1,13,TIMER,1,0.83322906,1
audio/train_004823_group_synthetic_TIMER_30s_s80_v2_clean.wav,TIMER,30 seconds,Countdown for 30 seconds,43,s80,Synthetic,1,13,1,13,TIMER,1,0.8031025,1
audio/train_004824_group_synthetic_TIMER_30s_s30_v2_clean.wav,TIMER,30 seconds,Countdown for 30 seconds,43,s30,Synthetic,1,13,1,13,TIMER,1,0.928657,1
audio/train_004836_group_synthetic_TIMER_30s_s38_v2_noisy.wav,TIMER,30 seconds,Countdown for 30 seconds,43,s38,Synthetic,1,13,1,13,TIMER,1,0.9298335,1
audio/train_004844_group_synthetic_TIMER_30s_s18_v2_clean.wav,TIMER,30 seconds,Countdown for 30 seconds,43,s18,Synthetic,1,13,1,13,TIMER,1,0.91770333,1
audio/train_004845_group_synthetic_TIMER_30s_s88_v2_clean.wav,TIMER,30 seconds,Countdown for 30 seconds,43,s88,Synthetic,1,13,1,13,TIMER,1,0.8407802,1
audio/train_004858_group_synthetic_TIMER_30s_s80_v2_noisy.wav,TIMER,30 seconds,Countdown for 30 seconds,43,s80,Synthetic,1,13,1,13,TIMER,1,0.9063135,1
audio/train_004859_group_synthetic_TIMER_30s_s26_v2_clean.wav,TIMER,30 seconds,Countdown for 30 seconds,43,s26,Synthetic,1,13,1,13,TIMER,1,0.9351801,1
audio/train_004865_group_synthetic_TIMER_30s_s30_v2_noisy.wav,TIMER,30 seconds,Countdown for 30 seconds,43,s30,Synthetic,1,13,1,13,TIMER,1,0.93330085,1
audio/train_004866_group_synthetic_TIMER_30s_s67_v2_clean.wav,TIMER,30 seconds,Countdown for 30 seconds,43,s67,Synthetic,1,13,1,13,TIMER,1,0.89585125,1
audio/train_004883_group_synthetic_TIMER_30s_s74_v2_clean.wav,TIMER,30 seconds,Countdown for 30 seconds,43,s74,Synthetic,1,13,1,13,TIMER,1,0.7059655,1
audio/train_004888_group_synthetic_TIMER_1m_s38_v2_noisy.wav,TIMER,1 minute,Countdown for 1 minute,44,s38,Synthetic,1,13,2,13,TIMER,2,0.9564832,1
audio/train_004890_group_synthetic_TIMER_1m_s72_v2_clean.wav,TIMER,1 minute,Countdown for 1 minute,44,s72,Synthetic,1,13,2,13,TIMER,2,0.92039067,1
audio/train_004892_group_synthetic_TIMER_1m_s80_v2_noisy.wav,TIMER,1 minute,Countdown for 1 minute,44,s80,Synthetic,1,13,2,13,TIMER,2,0.9462966,1
audio/train_004894_group_synthetic_TIMER_1m_s30_v2_clean.wav,TIMER,1 minute,Countdown for 1 minute,44,s30,Synthetic,1,13,2,13,TIMER,2,0.954695,1
audio/train_004897_group_synthetic_TIMER_1m_s82_v2_clean.wav,TIMER,1 minute,Countdown for 1 minute,44,s82,Synthetic,1,13,2,13,TIMER,2,0.9330018,1
audio/train_004904_group_synthetic_TIMER_1m_s26_v2_clean.wav,TIMER,1 minute,Countdown for 1 minute,44,s26,Synthetic,1,13,2,13,TIMER,2,0.9569102,1
audio/train_004917_group_synthetic_TIMER_1m_s67_v2_noisy.wav,TIMER,1 minute,Countdown for 1 minute,44,s67,Synthetic,1,13,2,13,TIMER,2,0.932724,1
audio/train_004926_group_synthetic_TIMER_1m_s74_v2_clean.wav,TIMER,1 minute,Countdown for 1 minute,44,s74,Synthetic,1,13,2,13,TIMER,2,0.90224546,1
audio/train_004938_group_synthetic_TIMER_1m_s18_v2_noisy.wav,TIMER,1 minute,Countdown for 1 minute,44,s18,Synthetic,1,13,2,13,TIMER,2,0.9257119,1
audio/train_004942_group_synthetic_TIMER_1m_s88_v2_clean.wav,TIMER,1 minute,Countdown for 1 minute,44,s88,Synthetic,1,13,2,13,TIMER,2,0.9014027,1
audio/train_004954_group_synthetic_TIMER_1m_s38_v2_clean.wav,TIMER,1 minute,Countdown for 1 minute,44,s38,Synthetic,1,13,2,13,TIMER,2,0.95636725,1
audio/train_004959_group_synthetic_TIMER_1m_s80_v2_clean.wav,TIMER,1 minute,Countdown for 1 minute,44,s80,Synthetic,1,13,2,13,TIMER,2,0.9362477,1
audio/train_004960_group_synthetic_TIMER_1m_s74_v2_noisy.wav,TIMER,1 minute,Countdown for 1 minute,44,s74,Synthetic,1,13,2,13,TIMER,2,0.9326655,1
audio/train_004961_group_synthetic_TIMER_1m_s67_v2_clean.wav,TIMER,1 minute,Countdown for 1 minute,44,s67,Synthetic,1,13,2,13,TIMER,2,0.9102027,1
audio/train_004965_group_synthetic_TIMER_1m_s26_v2_noisy.wav,TIMER,1 minute,Countdown for 1 minute,44,s26,Synthetic,1,13,2,13,TIMER,2,0.9581672,1
audio/train_004969_group_synthetic_TIMER_1m_s30_v2_noisy.wav,TIMER,1 minute,Countdown for 1 minute,44,s30,Synthetic,1,13,2,13,TIMER,2,0.9551004,1
audio/train_004974_group_synthetic_TIMER_1m_s72_v2_noisy.wav,TIMER,1 minute,Countdown for 1 minute,44,s72,Synthetic,1,13,2,13,TIMER,2,0.89771247,1
audio/train_004977_group_synthetic_TIMER_1m_s88_v2_noisy.wav,TIMER,1 minute,Countdown for 1 minute,44,s88,Synthetic,1,13,2,13,TIMER,2,0.911227,1
audio/train_004990_group_synthetic_TIMER_1m_s18_v2_clean.wav,TIMER,1 minute,Countdown for 1 minute,44,s18,Synthetic,1,13,2,13,TIMER,2,0.9202805,1
audio/train_005003_group_synthetic_TIMER_10s_s67_v3_clean.wav,TIMER,10 seconds,Start a timer for 10 seconds,45,s67,Synthetic,1,13,0,13,TIMER,0,0.9527456,1
audio/train_005021_group_synthetic_TIMER_10s_s18_v3_clean.wav,TIMER,10 seconds,Start a timer for 10 seconds,45,s18,Synthetic,1,13,0,13,TIMER,0,0.9142842,1
audio/train_005024_group_synthetic_TIMER_10s_s88_v3_clean.wav,TIMER,10 seconds,Start a timer for 10 seconds,45,s88,Synthetic,1,13,0,13,TIMER,0,0.9556266,1
audio/train_005026_group_synthetic_TIMER_10s_s30_v3_clean.wav,TIMER,10 seconds,Start a timer for 10 seconds,45,s30,Synthetic,1,13,0,13,TIMER,0,0.90663815,1
audio/train_005035_group_synthetic_TIMER_10s_s72_v3_noisy.wav,TIMER,10 seconds,Start a timer for 10 seconds,45,s72,Synthetic,1,13,0,13,TIMER,0,0.83927214,1
audio/train_005040_group_synthetic_TIMER_10s_s26_v3_clean.wav,TIMER,10 seconds,Start a timer for 10 seconds,45,s26,Synthetic,1,13,0,13,TIMER,0,0.9394545,1
audio/train_005048_group_synthetic_TIMER_10s_s82_v3_clean.wav,TIMER,10 seconds,Start a timer for 10 seconds,45,s82,Synthetic,1,13,0,13,TIMER,0,0.92637956,1
audio/train_005049_group_synthetic_TIMER_10s_s80_v3_clean.wav,TIMER,10 seconds,Start a timer for 10 seconds,45,s80,Synthetic,1,13,0,13,TIMER,1,0.96348464,0
audio/train_005051_group_synthetic_TIMER_10s_s38_v3_clean.wav,TIMER,10 seconds,Start a timer for 10 seconds,45,s38,Synthetic,1,13,0,13,TIMER,0,0.95231676,1
audio/train_005053_group_synthetic_TIMER_10s_s74_v3_noisy.wav,TIMER,10 seconds,Start a timer for 10 seconds,45,s74,Synthetic,1,13,0,13,TIMER,0,0.9766906,1
audio/train_005088_group_synthetic_TIMER_10s_s26_v3_noisy.wav,TIMER,10 seconds,Start a timer for 10 seconds,45,s26,Synthetic,1,13,0,13,TIMER,0,0.9389634,1
audio/train_005089_group_synthetic_TIMER_10s_s72_v3_clean.wav,TIMER,10 seconds,Start a timer for 10 seconds,45,s72,Synthetic,1,13,0,13,TIMER,0,0.8329307,1
audio/train_005090_group_synthetic_TIMER_10s_s67_v3_noisy.wav,TIMER,10 seconds,Start a timer for 10 seconds,45,s67,Synthetic,1,13,0,13,TIMER,0,0.94787055,1
audio/train_005093_group_synthetic_TIMER_10s_s38_v3_noisy.wav,TIMER,10 seconds,Start a timer for 10 seconds,45,s38,Synthetic,1,13,0,13,TIMER,0,0.9481981,1
audio/train_005096_group_synthetic_TIMER_10s_s74_v3_clean.wav,TIMER,10 seconds,Start a timer for 10 seconds,45,s74,Synthetic,1,13,0,13,TIMER,0,0.96474516,1
audio/train_005098_group_synthetic_TIMER_10s_s18_v3_noisy.wav,TIMER,10 seconds,Start a timer for 10 seconds,45,s18,Synthetic,1,13,0,13,TIMER,0,0.90922946,1
audio/train_005104_group_synthetic_TIMER_10s_s88_v3_noisy.wav,TIMER,10 seconds,Start a timer for 10 seconds,45,s88,Synthetic,1,13,0,13,TIMER,0,0.9527156,1
audio/train_005107_group_synthetic_TIMER_30s_s18_v3_noisy.wav,TIMER,30 seconds,Start a timer for 30 seconds,46,s18,Synthetic,1,13,1,13,TIMER,1,0.90718466,1
audio/train_005110_group_synthetic_TIMER_30s_s82_v3_clean.wav,TIMER,30 seconds,Start a timer for 30 seconds,46,s82,Synthetic,1,13,1,13,TIMER,1,0.9533264,1
audio/train_005114_group_synthetic_TIMER_30s_s30_v3_noisy.wav,TIMER,30 seconds,Start a timer for 30 seconds,46,s30,Synthetic,1,13,1,13,TIMER,1,0.9484153,1
audio/train_005117_group_synthetic_TIMER_30s_s72_v3_noisy.wav,TIMER,30 seconds,Start a timer for 30 seconds,46,s72,Synthetic,1,13,1,13,TIMER,1,0.93942523,1
audio/train_005123_group_synthetic_TIMER_30s_s80_v3_clean.wav,TIMER,30 seconds,Start a timer for 30 seconds,46,s80,Synthetic,1,13,1,13,TIMER,1,0.70981675,1
audio/train_005135_group_synthetic_TIMER_30s_s38_v3_noisy.wav,TIMER,30 seconds,Start a timer for 30 seconds,46,s38,Synthetic,1,13,1,13,TIMER,1,0.9382754,1
audio/train_005144_group_synthetic_TIMER_30s_s74_v3_clean.wav,TIMER,30 seconds,Start a timer for 30 seconds,46,s74,Synthetic,1,13,1,13,TIMER,1,0.84931314,1
audio/train_005165_group_synthetic_TIMER_30s_s26_v3_noisy.wav,TIMER,30 seconds,Start a timer for 30 seconds,46,s26,Synthetic,1,13,1,13,TIMER,1,0.9461575,1
audio/train_005166_group_synthetic_TIMER_30s_s88_v3_noisy.wav,TIMER,30 seconds,Start a timer for 30 seconds,46,s88,Synthetic,1,13,1,13,TIMER,1,0.9111494,1
audio/train_005169_group_synthetic_TIMER_30s_s67_v3_clean.wav,TIMER,30 seconds,Start a timer for 30 seconds,46,s67,Synthetic,1,13,1,13,TIMER,1,0.9098873,1
audio/train_005180_group_synthetic_TIMER_30s_s82_v3_noisy.wav,TIMER,30 seconds,Start a timer for 30 seconds,46,s82,Synthetic,1,13,1,13,TIMER,1,0.96166193,1
audio/train_005188_group_synthetic_TIMER_30s_s30_v3_clean.wav,TIMER,30 seconds,Start a timer for 30 seconds,46,s30,Synthetic,1,13,1,13,TIMER,1,0.9472597,1
audio/train_005203_group_synthetic_TIMER_30s_s26_v3_clean.wav,TIMER,30 seconds,Start a timer for 30 seconds,46,s26,Synthetic,1,13,1,13,TIMER,1,0.9426062,1
audio/train_005209_group_synthetic_TIMER_30s_s38_v3_clean.wav,TIMER,30 seconds,Start a timer for 30 seconds,46,s38,Synthetic,1,13,1,13,TIMER,1,0.9351001,1
audio/train_005213_group_synthetic_TIMER_30s_s74_v3_noisy.wav,TIMER,30 seconds,Start a timer for 30 seconds,46,s74,Synthetic,1,13,1,13,TIMER,1,0.8080913,1
audio/train_005236_TimersAndSuch_anonymous3_13.wav,TIMER,1 minute,Start a timer for 1 minute,47,anonymous3,Unknown,0,13,2,13,TIMER,2,0.89297575,1
audio/train_005241_TimersAndSuch_575a3618-3cb0-4df6-a194-09fbbe925a63_prompt-115_11.wav,TIMER,1 minute,Start a timer for 1 minute,47,575a3618-3cb0-4df6-a194-09fbbe925a63,Unknown,0,13,2,13,TIMER,2,0.95348245,1
audio/train_005242_TimersAndSuch_de7508d3-0727-4f71-8e85-aaccfeec9500_prompt-155_8.wav,TIMER,1 minute,Start a timer for 1 minute,47,de7508d3-0727-4f71-8e85-aaccfeec9500,Unknown,0,13,2,13,TIMER,2,0.8555178,1
audio/train_005246_TimersAndSuch_anonymous9_6.wav,TIMER,1 minute,Start a timer for 1 minute,47,anonymous9,Unknown,0,13,2,13,TIMER,2,0.72981215,1
audio/train_005278_group_synthetic_TIMER_1m_s30_v3_noisy.wav,TIMER,1 minute,Start a timer for 1 minute,47,s30,Synthetic,1,13,2,13,TIMER,2,0.9666649,1
audio/train_005283_group_synthetic_TIMER_1m_s82_v3_noisy.wav,TIMER,1 minute,Start a timer for 1 minute,47,s82,Synthetic,1,13,2,13,TIMER,2,0.9458501,1
audio/train_005287_group_synthetic_TIMER_1m_s26_v3_clean.wav,TIMER,1 minute,Start a timer for 1 minute,47,s26,Synthetic,1,13,2,13,TIMER,2,0.9622506,1
audio/train_005308_group_synthetic_TIMER_1m_s72_v3_noisy.wav,TIMER,1 minute,Start a timer for 1 minute,47,s72,Synthetic,1,13,2,13,TIMER,2,0.9496872,1
audio/train_005310_group_synthetic_TIMER_1m_s80_v3_clean.wav,TIMER,1 minute,Start a timer for 1 minute,47,s80,Synthetic,1,13,2,13,TIMER,2,0.9409837,1
audio/train_005313_group_synthetic_TIMER_1m_s88_v3_clean.wav,TIMER,1 minute,Start a timer for 1 minute,47,s88,Synthetic,1,13,2,13,TIMER,2,0.96593404,1
audio/train_005314_group_synthetic_TIMER_1m_s18_v3_noisy.wav,TIMER,1 minute,Start a timer for 1 minute,47,s18,Synthetic,1,13,2,13,TIMER,2,0.973639,1
audio/train_005318_group_synthetic_TIMER_1m_s67_v3_clean.wav,TIMER,1 minute,Start a timer for 1 minute,47,s67,Synthetic,1,13,2,13,TIMER,2,0.96060973,1
audio/train_005322_group_synthetic_TIMER_1m_s74_v3_noisy.wav,TIMER,1 minute,Start a timer for 1 minute,47,s74,Synthetic,1,13,2,13,TIMER,2,0.9157093,1
audio/train_005325_group_synthetic_TIMER_1m_s38_v3_noisy.wav,TIMER,1 minute,Start a timer for 1 minute,47,s38,Synthetic,1,13,2,13,TIMER,2,0.95324236,1
audio/train_005328_group_synthetic_ALARM_6_00AM_s67_v1_clean.wav,ALARM,6:00 AM,Alarm 6:00 AM,48,s67,Synthetic,1,14,0,14,ALARM,0,0.9139637,1
audio/train_005337_group_synthetic_ALARM_6_00AM_s26_v1_clean.wav,ALARM,6:00 AM,Alarm 6:00 AM,48,s26,Synthetic,1,14,0,14,ALARM,0,0.9412876,1
audio/train_005338_group_synthetic_ALARM_6_00AM_s88_v1_clean.wav,ALARM,6:00 AM,Alarm 6:00 AM,48,s88,Synthetic,1,14,0,14,ALARM,0,0.84876734,1
audio/train_005346_group_synthetic_ALARM_6_00AM_s30_v1_noisy.wav,ALARM,6:00 AM,Alarm 6:00 AM,48,s30,Synthetic,1,14,0,14,ALARM,0,0.91392416,1
audio/train_005364_group_synthetic_ALARM_6_00AM_s18_v1_clean.wav,ALARM,6:00 AM,Alarm 6:00 AM,48,s18,Synthetic,1,14,0,14,ALARM,0,0.9190829,1
audio/train_005372_group_synthetic_ALARM_6_00AM_s72_v1_clean.wav,ALARM,6:00 AM,Alarm 6:00 AM,48,s72,Synthetic,1,14,0,14,ALARM,0,0.9477516,1
audio/train_005383_group_synthetic_ALARM_6_00AM_s80_v1_noisy.wav,ALARM,6:00 AM,Alarm 6:00 AM,48,s80,Synthetic,1,14,0,14,ALARM,0,0.8185959,1
audio/train_005393_group_synthetic_ALARM_6_00AM_s82_v1_clean.wav,ALARM,6:00 AM,Alarm 6:00 AM,48,s82,Synthetic,1,14,0,14,ALARM,0,0.93618333,1
audio/train_005399_group_synthetic_ALARM_6_00AM_s30_v1_clean.wav,ALARM,6:00 AM,Alarm 6:00 AM,48,s30,Synthetic,1,14,0,14,ALARM,0,0.9184422,1
audio/train_005411_group_synthetic_ALARM_6_00AM_s67_v1_noisy.wav,ALARM,6:00 AM,Alarm 6:00 AM,48,s67,Synthetic,1,14,0,14,ALARM,0,0.8921355,1
audio/train_005413_group_synthetic_ALARM_6_00AM_s88_v1_noisy.wav,ALARM,6:00 AM,Alarm 6:00 AM,48,s88,Synthetic,1,14,0,14,ALARM,0,0.87065494,1
audio/train_005420_group_synthetic_ALARM_6_00AM_s26_v1_noisy.wav,ALARM,6:00 AM,Alarm 6:00 AM,48,s26,Synthetic,1,14,0,14,ALARM,0,0.9338204,1
audio/train_005429_group_synthetic_ALARM_6_00AM_s72_v1_noisy.wav,ALARM,6:00 AM,Alarm 6:00 AM,48,s72,Synthetic,1,14,0,14,ALARM,0,0.94134504,1
audio/train_005430_group_synthetic_ALARM_6_00AM_s18_v1_noisy.wav,ALARM,6:00 AM,Alarm 6:00 AM,48,s18,Synthetic,1,14,0,14,ALARM,0,0.9187734,1
audio/train_005439_SLURP_slurp_devel_885_4200.wav,ALARM,8:00 AM,Alarm 8:00 AM,49,FO-462,Other / non-native,0,14,1,14,ALARM,1,0.8810286,1
audio/train_005442_SLURP_slurp_train_3977_6423_train-00001-.wav,ALARM,8:00 AM,Alarm 8:00 AM,49,FO-462,Other / non-native,0,14,1,14,ALARM,1,0.9260968,1
audio/train_005443_SLURP_slurp_devel_885_4199.wav,ALARM,8:00 AM,Alarm 8:00 AM,49,FO-462,Other / non-native,0,14,1,14,ALARM,1,0.9374613,1
audio/train_005445_SLURP_slurp_train_3977_6424_train-00001-.wav,ALARM,8:00 AM,Alarm 8:00 AM,49,FO-462,Other / non-native,0,14,1,14,ALARM,1,0.92105514,1
audio/train_005446_SLURP_slurp_devel_885_4203.wav,ALARM,8:00 AM,Alarm 8:00 AM,49,ME-369,Native English,0,14,1,14,ALARM,1,0.76518166,1
audio/train_005455_group_synthetic_ALARM_8_00AM_s88_v1_clean.wav,ALARM,8:00 AM,Alarm 8:00 AM,49,s88,Synthetic,1,14,1,14,ALARM,1,0.9327648,1
audio/train_005466_group_synthetic_ALARM_8_00AM_s18_v1_clean.wav,ALARM,8:00 AM,Alarm 8:00 AM,49,s18,Synthetic,1,14,1,14,ALARM,1,0.9492855,1
audio/train_005476_group_synthetic_ALARM_8_00AM_s30_v1_clean.wav,ALARM,8:00 AM,Alarm 8:00 AM,49,s30,Synthetic,1,14,1,14,ALARM,1,0.9374402,1
audio/train_005481_group_synthetic_ALARM_8_00AM_s26_v1_clean.wav,ALARM,8:00 AM,Alarm 8:00 AM,49,s26,Synthetic,1,14,1,14,ALARM,1,0.92986685,1
audio/train_005491_group_synthetic_ALARM_8_00AM_s80_v1_clean.wav,ALARM,8:00 AM,Alarm 8:00 AM,49,s80,Synthetic,1,14,1,14,ALARM,1,0.9532873,1
audio/train_005504_group_synthetic_ALARM_8_00AM_s38_v1_clean.wav,ALARM,8:00 AM,Alarm 8:00 AM,49,s38,Synthetic,1,14,1,14,ALARM,1,0.95603424,1
audio/train_005509_group_synthetic_ALARM_8_00AM_s74_v1_clean.wav,ALARM,8:00 AM,Alarm 8:00 AM,49,s74,Synthetic,1,14,1,19,OUT_OF_SCOPE,-1,0.8672281,0
audio/train_005510_group_synthetic_ALARM_8_00AM_s67_v1_noisy.wav,ALARM,8:00 AM,Alarm 8:00 AM,49,s67,Synthetic,1,14,1,14,ALARM,1,0.9379165,1
audio/train_005515_group_synthetic_ALARM_8_00AM_s82_v1_clean.wav,ALARM,8:00 AM,Alarm 8:00 AM,49,s82,Synthetic,1,14,1,14,ALARM,1,0.9224814,1
audio/train_005518_group_synthetic_ALARM_8_00AM_s72_v1_clean.wav,ALARM,8:00 AM,Alarm 8:00 AM,49,s72,Synthetic,1,14,1,14,ALARM,1,0.8864876,1
audio/train_005526_group_synthetic_ALARM_8_00AM_s30_v1_noisy.wav,ALARM,8:00 AM,Alarm 8:00 AM,49,s30,Synthetic,1,14,1,14,ALARM,1,0.93579525,1
audio/train_005532_group_synthetic_ALARM_8_00AM_s80_v1_noisy.wav,ALARM,8:00 AM,Alarm 8:00 AM,49,s80,Synthetic,1,14,1,14,ALARM,1,0.94515115,1
audio/train_005534_group_synthetic_ALARM_8_00AM_s18_v1_noisy.wav,ALARM,8:00 AM,Alarm 8:00 AM,49,s18,Synthetic,1,14,1,14,ALARM,1,0.95322526,1
audio/train_005541_group_synthetic_ALARM_8_00AM_s26_v1_noisy.wav,ALARM,8:00 AM,Alarm 8:00 AM,49,s26,Synthetic,1,14,1,14,ALARM,1,0.9199055,1
audio/train_005549_group_synthetic_ALARM_8_00AM_s88_v1_noisy.wav,ALARM,8:00 AM,Alarm 8:00 AM,49,s88,Synthetic,1,14,1,14,ALARM,1,0.9300906,1
audio/train_005551_group_synthetic_ALARM_9_00PM_s80_v1_noisy.wav,ALARM,9:00 PM,Alarm 9:00 PM,50,s80,Synthetic,1,14,2,14,ALARM,2,0.84772664,1
audio/train_005556_group_synthetic_ALARM_9_00PM_s67_v1_clean.wav,ALARM,9:00 PM,Alarm 9:00 PM,50,s67,Synthetic,1,14,2,14,ALARM,2,0.9621062,1
audio/train_005563_group_synthetic_ALARM_9_00PM_s74_v1_clean.wav,ALARM,9:00 PM,Alarm 9:00 PM,50,s74,Synthetic,1,14,2,19,OUT_OF_SCOPE,-1,0.51604176,0
audio/train_005569_group_synthetic_ALARM_9_00PM_s38_v1_clean.wav,ALARM,9:00 PM,Alarm 9:00 PM,50,s38,Synthetic,1,14,2,14,ALARM,2,0.9363422,1
audio/train_005572_group_synthetic_ALARM_9_00PM_s82_v1_noisy.wav,ALARM,9:00 PM,Alarm 9:00 PM,50,s82,Synthetic,1,14,2,14,ALARM,2,0.9577216,1
audio/train_005575_group_synthetic_ALARM_9_00PM_s18_v1_noisy.wav,ALARM,9:00 PM,Alarm 9:00 PM,50,s18,Synthetic,1,14,2,14,ALARM,2,0.8898062,1
audio/train_005585_group_synthetic_ALARM_9_00PM_s30_v1_noisy.wav,ALARM,9:00 PM,Alarm 9:00 PM,50,s30,Synthetic,1,14,2,14,ALARM,2,0.9297665,1
audio/train_005608_group_synthetic_ALARM_9_00PM_s88_v1_noisy.wav,ALARM,9:00 PM,Alarm 9:00 PM,50,s88,Synthetic,1,14,2,14,ALARM,2,0.9635964,1
audio/train_005612_group_synthetic_ALARM_9_00PM_s26_v1_noisy.wav,ALARM,9:00 PM,Alarm 9:00 PM,50,s26,Synthetic,1,14,2,14,ALARM,2,0.95235795,1
audio/train_005621_group_synthetic_ALARM_9_00PM_s18_v1_clean.wav,ALARM,9:00 PM,Alarm 9:00 PM,50,s18,Synthetic,1,14,2,14,ALARM,2,0.9043373,1
audio/train_005622_group_synthetic_ALARM_9_00PM_s38_v1_noisy.wav,ALARM,9:00 PM,Alarm 9:00 PM,50,s38,Synthetic,1,14,2,14,ALARM,2,0.9478519,1
audio/train_005637_group_synthetic_ALARM_9_00PM_s67_v1_noisy.wav,ALARM,9:00 PM,Alarm 9:00 PM,50,s67,Synthetic,1,14,2,14,ALARM,2,0.9661714,1
audio/train_005638_group_synthetic_ALARM_9_00PM_s30_v1_clean.wav,ALARM,9:00 PM,Alarm 9:00 PM,50,s30,Synthetic,1,14,2,14,ALARM,2,0.9325726,1
audio/train_005640_group_synthetic_ALARM_9_00PM_s80_v1_clean.wav,ALARM,9:00 PM,Alarm 9:00 PM,50,s80,Synthetic,1,14,2,14,ALARM,2,0.8833931,1
audio/train_005649_group_synthetic_ALARM_9_00PM_s74_v1_noisy.wav,ALARM,9:00 PM,Alarm 9:00 PM,50,s74,Synthetic,1,14,2,14,ALARM,2,0.51304215,1
audio/train_005658_group_synthetic_ALARM_9_00PM_s88_v1_clean.wav,ALARM,9:00 PM,Alarm 9:00 PM,50,s88,Synthetic,1,14,2,14,ALARM,2,0.96893233,1
audio/train_005659_group_synthetic_ALARM_9_00PM_s26_v1_clean.wav,ALARM,9:00 PM,Alarm 9:00 PM,50,s26,Synthetic,1,14,2,14,ALARM,2,0.949479,1
audio/train_005684_SLURP_slurp_train_1773_5156_train-00003-.wav,ALARM,6:00 AM,Wake me up at 6:00 AM,51,ME-220,Native English,0,14,0,14,ALARM,0,0.82222885,1
audio/train_005688_SLURP_slurp_train_1773_5155_train-00003-.wav,ALARM,6:00 AM,Wake me up at 6:00 AM,51,ME-220,Native English,0,14,0,14,ALARM,0,0.9471947,1
audio/train_005692_group_synthetic_ALARM_6_00AM_s72_v2_clean.wav,ALARM,6:00 AM,Wake me up at 6:00 AM,51,s72,Synthetic,1,14,0,14,ALARM,0,0.9478567,1
audio/train_005694_group_synthetic_ALARM_6_00AM_s67_v2_clean.wav,ALARM,6:00 AM,Wake me up at 6:00 AM,51,s67,Synthetic,1,14,0,14,ALARM,0,0.9329937,1
audio/train_005700_group_synthetic_ALARM_6_00AM_s74_v2_noisy.wav,ALARM,6:00 AM,Wake me up at 6:00 AM,51,s74,Synthetic,1,14,0,14,ALARM,0,0.82148606,1
audio/train_005704_group_synthetic_ALARM_6_00AM_s26_v2_noisy.wav,ALARM,6:00 AM,Wake me up at 6:00 AM,51,s26,Synthetic,1,14,0,14,ALARM,0,0.9245726,1
audio/train_005732_group_synthetic_ALARM_6_00AM_s82_v2_clean.wav,ALARM,6:00 AM,Wake me up at 6:00 AM,51,s82,Synthetic,1,14,0,14,ALARM,0,0.9042207,1
audio/train_005739_group_synthetic_ALARM_6_00AM_s88_v2_clean.wav,ALARM,6:00 AM,Wake me up at 6:00 AM,51,s88,Synthetic,1,14,0,14,ALARM,0,0.5753086,1
audio/train_005742_group_synthetic_ALARM_6_00AM_s80_v2_noisy.wav,ALARM,6:00 AM,Wake me up at 6:00 AM,51,s80,Synthetic,1,14,0,14,ALARM,0,0.956123,1
audio/train_005746_group_synthetic_ALARM_6_00AM_s38_v2_noisy.wav,ALARM,6:00 AM,Wake me up at 6:00 AM,51,s38,Synthetic,1,14,0,14,ALARM,0,0.9238415,1
audio/train_005751_group_synthetic_ALARM_6_00AM_s30_v2_noisy.wav,ALARM,6:00 AM,Wake me up at 6:00 AM,51,s30,Synthetic,1,14,0,14,ALARM,0,0.9227928,1
audio/train_005753_group_synthetic_ALARM_6_00AM_s18_v2_noisy.wav,ALARM,6:00 AM,Wake me up at 6:00 AM,51,s18,Synthetic,1,14,0,14,ALARM,0,0.9455078,1
audio/train_005765_group_synthetic_ALARM_6_00AM_s74_v2_clean.wav,ALARM,6:00 AM,Wake me up at 6:00 AM,51,s74,Synthetic,1,14,0,14,ALARM,0,0.7626454,1
audio/train_005767_group_synthetic_ALARM_6_00AM_s72_v2_noisy.wav,ALARM,6:00 AM,Wake me up at 6:00 AM,51,s72,Synthetic,1,14,0,14,ALARM,0,0.9436187,1
audio/train_005779_group_synthetic_ALARM_8_00AM_s72_v2_noisy.wav,ALARM,8:00 AM,Wake me up at 8:00 AM,52,s72,Synthetic,1,14,1,14,ALARM,1,0.932142,1
audio/train_005782_group_synthetic_ALARM_8_00AM_s26_v2_noisy.wav,ALARM,8:00 AM,Wake me up at 8:00 AM,52,s26,Synthetic,1,14,1,14,ALARM,1,0.9544142,1
audio/train_005783_group_synthetic_ALARM_8_00AM_s67_v2_clean.wav,ALARM,8:00 AM,Wake me up at 8:00 AM,52,s67,Synthetic,1,14,1,14,ALARM,1,0.92348284,1
audio/train_005786_group_synthetic_ALARM_8_00AM_s88_v2_clean.wav,ALARM,8:00 AM,Wake me up at 8:00 AM,52,s88,Synthetic,1,14,1,14,ALARM,1,0.94871956,1
audio/train_005790_group_synthetic_ALARM_8_00AM_s30_v2_noisy.wav,ALARM,8:00 AM,Wake me up at 8:00 AM,52,s30,Synthetic,1,14,1,14,ALARM,1,0.9262417,1
audio/train_005805_group_synthetic_ALARM_8_00AM_s38_v2_clean.wav,ALARM,8:00 AM,Wake me up at 8:00 AM,52,s38,Synthetic,1,14,1,14,ALARM,1,0.9503114,1
audio/train_005811_group_synthetic_ALARM_8_00AM_s82_v2_clean.wav,ALARM,8:00 AM,Wake me up at 8:00 AM,52,s82,Synthetic,1,14,1,14,ALARM,1,0.8806583,1
audio/train_005819_group_synthetic_ALARM_8_00AM_s74_v2_clean.wav,ALARM,8:00 AM,Wake me up at 8:00 AM,52,s74,Synthetic,1,14,1,14,ALARM,1,0.95888436,1
audio/train_005820_group_synthetic_ALARM_8_00AM_s18_v2_clean.wav,ALARM,8:00 AM,Wake me up at 8:00 AM,52,s18,Synthetic,1,14,1,14,ALARM,1,0.7860946,1
audio/train_005834_group_synthetic_ALARM_8_00AM_s80_v2_noisy.wav,ALARM,8:00 AM,Wake me up at 8:00 AM,52,s80,Synthetic,1,14,1,14,ALARM,1,0.938895,1
audio/train_005845_group_synthetic_ALARM_8_00AM_s26_v2_clean.wav,ALARM,8:00 AM,Wake me up at 8:00 AM,52,s26,Synthetic,1,14,1,14,ALARM,1,0.95500195,1
audio/train_005846_group_synthetic_ALARM_8_00AM_s88_v2_noisy.wav,ALARM,8:00 AM,Wake me up at 8:00 AM,52,s88,Synthetic,1,14,1,14,ALARM,1,0.94475496,1
audio/train_005876_group_synthetic_ALARM_8_00AM_s74_v2_noisy.wav,ALARM,8:00 AM,Wake me up at 8:00 AM,52,s74,Synthetic,1,14,1,14,ALARM,1,0.94255894,1
audio/train_005880_group_synthetic_ALARM_8_00AM_s67_v2_noisy.wav,ALARM,8:00 AM,Wake me up at 8:00 AM,52,s67,Synthetic,1,14,1,14,ALARM,1,0.9306797,1
audio/train_005881_group_synthetic_ALARM_8_00AM_s18_v2_noisy.wav,ALARM,8:00 AM,Wake me up at 8:00 AM,52,s18,Synthetic,1,14,1,14,ALARM,1,0.76767886,1
audio/train_005890_group_synthetic_ALARM_9_00PM_s88_v2_noisy.wav,ALARM,9:00 PM,Wake me up at 9:00 PM,53,s88,Synthetic,1,14,2,14,ALARM,2,0.9036159,1
audio/train_005903_group_synthetic_ALARM_9_00PM_s67_v2_clean.wav,ALARM,9:00 PM,Wake me up at 9:00 PM,53,s67,Synthetic,1,14,2,14,ALARM,2,0.92565924,1
audio/train_005909_group_synthetic_ALARM_9_00PM_s26_v2_noisy.wav,ALARM,9:00 PM,Wake me up at 9:00 PM,53,s26,Synthetic,1,14,2,14,ALARM,2,0.95752025,1
audio/train_005910_group_synthetic_ALARM_9_00PM_s80_v2_clean.wav,ALARM,9:00 PM,Wake me up at 9:00 PM,53,s80,Synthetic,1,14,2,14,ALARM,2,0.9559705,1
audio/train_005920_group_synthetic_ALARM_9_00PM_s30_v2_noisy.wav,ALARM,9:00 PM,Wake me up at 9:00 PM,53,s30,Synthetic,1,14,2,14,ALARM,2,0.9384201,1
audio/train_005928_group_synthetic_ALARM_9_00PM_s74_v2_noisy.wav,ALARM,9:00 PM,Wake me up at 9:00 PM,53,s74,Synthetic,1,14,2,14,ALARM,2,0.9249466,1
audio/train_005933_group_synthetic_ALARM_9_00PM_s38_v2_noisy.wav,ALARM,9:00 PM,Wake me up at 9:00 PM,53,s38,Synthetic,1,14,2,14,ALARM,2,0.9570405,1
audio/train_005936_group_synthetic_ALARM_9_00PM_s72_v2_clean.wav,ALARM,9:00 PM,Wake me up at 9:00 PM,53,s72,Synthetic,1,14,2,14,ALARM,2,0.9611337,1
audio/train_005943_group_synthetic_ALARM_9_00PM_s82_v2_clean.wav,ALARM,9:00 PM,Wake me up at 9:00 PM,53,s82,Synthetic,1,14,2,14,ALARM,2,0.95972204,1
audio/train_005944_group_synthetic_ALARM_9_00PM_s18_v2_clean.wav,ALARM,9:00 PM,Wake me up at 9:00 PM,53,s18,Synthetic,1,14,2,14,ALARM,2,0.9617491,1
audio/train_005962_group_synthetic_ALARM_9_00PM_s80_v2_noisy.wav,ALARM,9:00 PM,Wake me up at 9:00 PM,53,s80,Synthetic,1,14,2,14,ALARM,2,0.9602275,1
audio/train_005968_group_synthetic_ALARM_9_00PM_s26_v2_clean.wav,ALARM,9:00 PM,Wake me up at 9:00 PM,53,s26,Synthetic,1,14,2,14,ALARM,2,0.95673263,1
audio/train_005973_group_synthetic_ALARM_9_00PM_s88_v2_clean.wav,ALARM,9:00 PM,Wake me up at 9:00 PM,53,s88,Synthetic,1,14,2,14,ALARM,2,0.9101248,1
audio/train_005986_group_synthetic_ALARM_9_00PM_s74_v2_clean.wav,ALARM,9:00 PM,Wake me up at 9:00 PM,53,s74,Synthetic,1,14,2,14,ALARM,2,0.9335526,1
audio/train_005987_group_synthetic_ALARM_9_00PM_s18_v2_noisy.wav,ALARM,9:00 PM,Wake me up at 9:00 PM,53,s18,Synthetic,1,14,2,14,ALARM,2,0.9621221,1
audio/train_005990_group_synthetic_ALARM_9_00PM_s38_v2_clean.wav,ALARM,9:00 PM,Wake me up at 9:00 PM,53,s38,Synthetic,1,14,2,14,ALARM,2,0.9599598,1
audio/train_005993_group_synthetic_ALARM_9_00PM_s72_v2_noisy.wav,ALARM,9:00 PM,Wake me up at 9:00 PM,53,s72,Synthetic,1,14,2,14,ALARM,2,0.9640418,1
audio/train_006056_group_synthetic_ALARM_6_00AM_s26_v3_noisy.wav,ALARM,6:00 AM,Set an alarm for 6:00 AM,54,s26,Synthetic,1,14,0,14,ALARM,0,0.89979905,1
audio/train_006060_group_synthetic_ALARM_6_00AM_s30_v3_clean.wav,ALARM,6:00 AM,Set an alarm for 6:00 AM,54,s30,Synthetic,1,14,0,14,ALARM,0,0.89965874,1
audio/train_006065_group_synthetic_ALARM_6_00AM_s18_v3_noisy.wav,ALARM,6:00 AM,Set an alarm for 6:00 AM,54,s18,Synthetic,1,14,0,14,ALARM,0,0.9154238,1
audio/train_006070_group_synthetic_ALARM_6_00AM_s74_v3_noisy.wav,ALARM,6:00 AM,Set an alarm for 6:00 AM,54,s74,Synthetic,1,14,0,14,ALARM,0,0.88276607,1
audio/train_006080_group_synthetic_ALARM_6_00AM_s38_v3_noisy.wav,ALARM,6:00 AM,Set an alarm for 6:00 AM,54,s38,Synthetic,1,14,0,14,ALARM,0,0.95006186,1
audio/train_006086_group_synthetic_ALARM_6_00AM_s72_v3_noisy.wav,ALARM,6:00 AM,Set an alarm for 6:00 AM,54,s72,Synthetic,1,14,0,14,ALARM,0,0.8435749,1
audio/train_006091_group_synthetic_ALARM_6_00AM_s67_v3_clean.wav,ALARM,6:00 AM,Set an alarm for 6:00 AM,54,s67,Synthetic,1,14,0,14,ALARM,0,0.9113308,1
audio/train_006101_group_synthetic_ALARM_6_00AM_s88_v3_clean.wav,ALARM,6:00 AM,Set an alarm for 6:00 AM,54,s88,Synthetic,1,14,0,14,ALARM,0,0.96085995,1
audio/train_006103_group_synthetic_ALARM_6_00AM_s82_v3_noisy.wav,ALARM,6:00 AM,Set an alarm for 6:00 AM,54,s82,Synthetic,1,14,0,14,ALARM,0,0.8817882,1
audio/train_006109_SLURP_slurp_devel_4094_5425.wav,ALARM,8:00 AM,Set an alarm for 8:00 AM,55,FO-462,Other / non-native,0,14,1,14,ALARM,1,0.94813794,1
audio/train_006132_SLURP_slurp_devel_4094_5426.wav,ALARM,8:00 AM,Set an alarm for 8:00 AM,55,FO-462,Other / non-native,0,14,1,14,ALARM,1,0.92279935,1
audio/train_006158_SLURP_slurp_train_4717_7747_train-00002-.wav,ALARM,8:00 AM,Set an alarm for 8:00 AM,55,FE-249,Native English,0,14,1,14,ALARM,1,0.9070246,1
audio/train_006161_group_synthetic_ALARM_8_00AM_s74_v3_noisy.wav,ALARM,8:00 AM,Set an alarm for 8:00 AM,55,s74,Synthetic,1,14,1,14,ALARM,1,0.8967941,1
audio/train_006173_group_synthetic_ALARM_8_00AM_s67_v3_noisy.wav,ALARM,8:00 AM,Set an alarm for 8:00 AM,55,s67,Synthetic,1,14,1,14,ALARM,1,0.95615655,1
audio/train_006186_group_synthetic_ALARM_8_00AM_s88_v3_clean.wav,ALARM,8:00 AM,Set an alarm for 8:00 AM,55,s88,Synthetic,1,14,1,14,ALARM,1,0.9697057,1
audio/train_006188_group_synthetic_ALARM_8_00AM_s18_v3_noisy.wav,ALARM,8:00 AM,Set an alarm for 8:00 AM,55,s18,Synthetic,1,14,1,14,ALARM,1,0.9329079,1
audio/train_006189_group_synthetic_ALARM_8_00AM_s82_v3_clean.wav,ALARM,8:00 AM,Set an alarm for 8:00 AM,55,s82,Synthetic,1,14,1,14,ALARM,1,0.9189776,1
audio/train_006201_group_synthetic_ALARM_8_00AM_s80_v3_noisy.wav,ALARM,8:00 AM,Set an alarm for 8:00 AM,55,s80,Synthetic,1,14,1,14,ALARM,1,0.93869674,1
audio/train_006206_group_synthetic_ALARM_8_00AM_s30_v3_clean.wav,ALARM,8:00 AM,Set an alarm for 8:00 AM,55,s30,Synthetic,1,14,1,14,ALARM,1,0.9226802,1
audio/train_006208_group_synthetic_ALARM_8_00AM_s26_v3_clean.wav,ALARM,8:00 AM,Set an alarm for 8:00 AM,55,s26,Synthetic,1,14,1,14,ALARM,1,0.94783187,1
audio/train_006215_group_synthetic_ALARM_8_00AM_s38_v3_noisy.wav,ALARM,8:00 AM,Set an alarm for 8:00 AM,55,s38,Synthetic,1,14,1,14,ALARM,1,0.94881797,1
audio/train_006232_TimersAndSuch_f1c6dc9e-f0f8-4d51-b18e-33cff9d18e9e_prompt-212_19.wav,ALARM,9:00 PM,Set an alarm for 9:00 PM,56,f1c6dc9e-f0f8-4d51-b18e-33cff9d18e9e,Unknown,0,14,2,14,ALARM,2,0.7370106,1
audio/train_006242_group_synthetic_ALARM_9_00PM_s30_v3_clean.wav,ALARM,9:00 PM,Set an alarm for 9:00 PM,56,s30,Synthetic,1,14,2,14,ALARM,2,0.95990664,1
audio/train_006243_group_synthetic_ALARM_9_00PM_s80_v3_clean.wav,ALARM,9:00 PM,Set an alarm for 9:00 PM,56,s80,Synthetic,1,14,2,14,ALARM,2,0.959716,1
audio/train_006244_group_synthetic_ALARM_9_00PM_s88_v3_noisy.wav,ALARM,9:00 PM,Set an alarm for 9:00 PM,56,s88,Synthetic,1,14,2,14,ALARM,2,0.94546425,1
audio/train_006248_group_synthetic_ALARM_9_00PM_s26_v3_clean.wav,ALARM,9:00 PM,Set an alarm for 9:00 PM,56,s26,Synthetic,1,14,2,14,ALARM,2,0.9605232,1
audio/train_006255_group_synthetic_ALARM_9_00PM_s82_v3_noisy.wav,ALARM,9:00 PM,Set an alarm for 9:00 PM,56,s82,Synthetic,1,14,2,14,ALARM,2,0.94742155,1
audio/train_006260_group_synthetic_ALARM_9_00PM_s74_v3_clean.wav,ALARM,9:00 PM,Set an alarm for 9:00 PM,56,s74,Synthetic,1,14,2,14,ALARM,2,0.9318707,1
audio/train_006283_group_synthetic_ALARM_9_00PM_s67_v3_noisy.wav,ALARM,9:00 PM,Set an alarm for 9:00 PM,56,s67,Synthetic,1,14,2,14,ALARM,2,0.9466749,1
audio/train_006288_group_synthetic_ALARM_9_00PM_s38_v3_clean.wav,ALARM,9:00 PM,Set an alarm for 9:00 PM,56,s38,Synthetic,1,14,2,14,ALARM,2,0.95064193,1
audio/train_006300_group_synthetic_ALARM_9_00PM_s18_v3_clean.wav,ALARM,9:00 PM,Set an alarm for 9:00 PM,56,s18,Synthetic,1,14,2,14,ALARM,2,0.90951926,1
audio/train_006302_group_synthetic_ALARM_9_00PM_s72_v3_clean.wav,ALARM,9:00 PM,Set an alarm for 9:00 PM,56,s72,Synthetic,1,14,2,14,ALARM,2,0.88720644,1
audio/train_006305_group_synthetic_ALARM_9_00PM_s88_v3_clean.wav,ALARM,9:00 PM,Set an alarm for 9:00 PM,56,s88,Synthetic,1,14,2,14,ALARM,2,0.9583112,1
audio/train_006306_group_synthetic_ALARM_9_00PM_s30_v3_noisy.wav,ALARM,9:00 PM,Set an alarm for 9:00 PM,56,s30,Synthetic,1,14,2,14,ALARM,2,0.9627345,1
audio/train_006308_group_synthetic_ALARM_9_00PM_s74_v3_noisy.wav,ALARM,9:00 PM,Set an alarm for 9:00 PM,56,s74,Synthetic,1,14,2,14,ALARM,2,0.9413401,1
audio/train_006312_group_synthetic_ALARM_9_00PM_s82_v3_clean.wav,ALARM,9:00 PM,Set an alarm for 9:00 PM,56,s82,Synthetic,1,14,2,14,ALARM,2,0.94650394,1
audio/train_006324_group_synthetic_ALARM_9_00PM_s67_v3_clean.wav,ALARM,9:00 PM,Set an alarm for 9:00 PM,56,s67,Synthetic,1,14,2,14,ALARM,2,0.9508503,1
audio/train_006326_group_synthetic_ALARM_9_00PM_s80_v3_noisy.wav,ALARM,9:00 PM,Set an alarm for 9:00 PM,56,s80,Synthetic,1,14,2,14,ALARM,2,0.9754108,1
audio/train_006331_group_synthetic_TEMPERATURE_18_s82_v1_noisy.wav,TEMPERATURE,18 degrees,Temperature 18 degrees,57,s82,Synthetic,1,15,0,15,TEMPERATURE,0,0.9137301,1
audio/train_006333_group_synthetic_TEMPERATURE_18_s38_v1_noisy.wav,TEMPERATURE,18 degrees,Temperature 18 degrees,57,s38,Synthetic,1,15,0,15,TEMPERATURE,0,0.9204161,1
audio/train_006334_group_synthetic_TEMPERATURE_18_s72_v1_clean.wav,TEMPERATURE,18 degrees,Temperature 18 degrees,57,s72,Synthetic,1,15,0,15,TEMPERATURE,0,0.8648488,1
audio/train_006340_group_synthetic_TEMPERATURE_18_s67_v1_noisy.wav,TEMPERATURE,18 degrees,Temperature 18 degrees,57,s67,Synthetic,1,15,0,15,TEMPERATURE,0,0.8784118,1
audio/train_006342_group_synthetic_TEMPERATURE_18_s88_v1_clean.wav,TEMPERATURE,18 degrees,Temperature 18 degrees,57,s88,Synthetic,1,15,0,15,TEMPERATURE,0,0.918946,1
audio/train_006356_group_synthetic_TEMPERATURE_18_s18_v1_noisy.wav,TEMPERATURE,18 degrees,Temperature 18 degrees,57,s18,Synthetic,1,15,0,15,TEMPERATURE,0,0.9121058,1
audio/train_006381_group_synthetic_TEMPERATURE_18_s26_v1_noisy.wav,TEMPERATURE,18 degrees,Temperature 18 degrees,57,s26,Synthetic,1,15,0,15,TEMPERATURE,0,0.90284467,1
audio/train_006388_group_synthetic_TEMPERATURE_18_s30_v1_noisy.wav,TEMPERATURE,18 degrees,Temperature 18 degrees,57,s30,Synthetic,1,15,0,15,TEMPERATURE,0,0.90740836,1
audio/train_006390_group_synthetic_TEMPERATURE_18_s80_v1_noisy.wav,TEMPERATURE,18 degrees,Temperature 18 degrees,57,s80,Synthetic,1,15,0,15,TEMPERATURE,1,0.7880783,0
audio/train_006397_group_synthetic_TEMPERATURE_18_s38_v1_clean.wav,TEMPERATURE,18 degrees,Temperature 18 degrees,57,s38,Synthetic,1,15,0,15,TEMPERATURE,0,0.9194705,1
audio/train_006398_group_synthetic_TEMPERATURE_18_s18_v1_clean.wav,TEMPERATURE,18 degrees,Temperature 18 degrees,57,s18,Synthetic,1,15,0,15,TEMPERATURE,0,0.90661407,1
audio/train_006415_group_synthetic_TEMPERATURE_18_s72_v1_noisy.wav,TEMPERATURE,18 degrees,Temperature 18 degrees,57,s72,Synthetic,1,15,0,15,TEMPERATURE,0,0.885856,1
audio/train_006420_group_synthetic_TEMPERATURE_18_s88_v1_noisy.wav,TEMPERATURE,18 degrees,Temperature 18 degrees,57,s88,Synthetic,1,15,0,15,TEMPERATURE,0,0.9229855,1
audio/train_006429_group_synthetic_TEMPERATURE_18_s67_v1_clean.wav,TEMPERATURE,18 degrees,Temperature 18 degrees,57,s67,Synthetic,1,15,0,15,TEMPERATURE,0,0.8826585,1
audio/train_006439_group_synthetic_TEMPERATURE_22_s67_v1_clean.wav,TEMPERATURE,22 degrees,Temperature 22 degrees,58,s67,Synthetic,1,15,1,15,TEMPERATURE,1,0.9464908,1
audio/train_006445_group_synthetic_TEMPERATURE_22_s88_v1_noisy.wav,TEMPERATURE,22 degrees,Temperature 22 degrees,58,s88,Synthetic,1,15,1,15,TEMPERATURE,1,0.8860206,1
audio/train_006446_group_synthetic_TEMPERATURE_22_s18_v1_noisy.wav,TEMPERATURE,22 degrees,Temperature 22 degrees,58,s18,Synthetic,1,15,1,15,TEMPERATURE,1,0.93622774,1
audio/train_006451_group_synthetic_TEMPERATURE_22_s82_v1_clean.wav,TEMPERATURE,22 degrees,Temperature 22 degrees,58,s82,Synthetic,1,15,1,15,TEMPERATURE,1,0.9629281,1
audio/train_006469_group_synthetic_TEMPERATURE_22_s74_v1_noisy.wav,TEMPERATURE,22 degrees,Temperature 22 degrees,58,s74,Synthetic,1,15,1,15,TEMPERATURE,1,0.8187771,1
audio/train_006481_group_synthetic_TEMPERATURE_22_s26_v1_clean.wav,TEMPERATURE,22 degrees,Temperature 22 degrees,58,s26,Synthetic,1,15,1,15,TEMPERATURE,1,0.92114323,1
audio/train_006482_group_synthetic_TEMPERATURE_22_s72_v1_clean.wav,TEMPERATURE,22 degrees,Temperature 22 degrees,58,s72,Synthetic,1,15,1,15,TEMPERATURE,1,0.8667893,1
audio/train_006488_group_synthetic_TEMPERATURE_22_s80_v1_noisy.wav,TEMPERATURE,22 degrees,Temperature 22 degrees,58,s80,Synthetic,1,15,1,15,TEMPERATURE,1,0.81297654,1
audio/train_006498_group_synthetic_TEMPERATURE_22_s38_v1_clean.wav,TEMPERATURE,22 degrees,Temperature 22 degrees,58,s38,Synthetic,1,15,1,15,TEMPERATURE,1,0.9262094,1
audio/train_006504_group_synthetic_TEMPERATURE_22_s30_v1_noisy.wav,TEMPERATURE,22 degrees,Temperature 22 degrees,58,s30,Synthetic,1,15,1,15,TEMPERATURE,1,0.95175374,1
audio/train_006507_group_synthetic_TEMPERATURE_22_s18_v1_clean.wav,TEMPERATURE,22 degrees,Temperature 22 degrees,58,s18,Synthetic,1,15,1,15,TEMPERATURE,1,0.93846667,1
audio/train_006516_group_synthetic_TEMPERATURE_22_s88_v1_clean.wav,TEMPERATURE,22 degrees,Temperature 22 degrees,58,s88,Synthetic,1,15,1,15,TEMPERATURE,1,0.874492,1
audio/train_006528_group_synthetic_TEMPERATURE_22_s26_v1_noisy.wav,TEMPERATURE,22 degrees,Temperature 22 degrees,58,s26,Synthetic,1,15,1,15,TEMPERATURE,1,0.9193753,1
audio/train_006534_group_synthetic_TEMPERATURE_22_s82_v1_noisy.wav,TEMPERATURE,22 degrees,Temperature 22 degrees,58,s82,Synthetic,1,15,1,15,TEMPERATURE,1,0.9650169,1
audio/train_006543_group_synthetic_TEMPERATURE_22_s72_v1_noisy.wav,TEMPERATURE,22 degrees,Temperature 22 degrees,58,s72,Synthetic,1,15,1,15,TEMPERATURE,1,0.8775358,1
audio/train_006557_group_synthetic_TEMPERATURE_26_s18_v1_noisy.wav,TEMPERATURE,26 degrees,Temperature 26 degrees,59,s18,Synthetic,1,15,2,15,TEMPERATURE,2,0.85837775,1
audio/train_006561_group_synthetic_TEMPERATURE_26_s38_v1_clean.wav,TEMPERATURE,26 degrees,Temperature 26 degrees,59,s38,Synthetic,1,15,2,15,TEMPERATURE,2,0.8883935,1
audio/train_006564_group_synthetic_TEMPERATURE_26_s88_v1_noisy.wav,TEMPERATURE,26 degrees,Temperature 26 degrees,59,s88,Synthetic,1,15,2,15,TEMPERATURE,2,0.90327,1
audio/train_006566_group_synthetic_TEMPERATURE_26_s80_v1_clean.wav,TEMPERATURE,26 degrees,Temperature 26 degrees,59,s80,Synthetic,1,15,2,15,TEMPERATURE,2,0.9071708,1
audio/train_006579_group_synthetic_TEMPERATURE_26_s26_v1_noisy.wav,TEMPERATURE,26 degrees,Temperature 26 degrees,59,s26,Synthetic,1,15,2,15,TEMPERATURE,2,0.93752426,1
audio/train_006581_group_synthetic_TEMPERATURE_26_s72_v1_noisy.wav,TEMPERATURE,26 degrees,Temperature 26 degrees,59,s72,Synthetic,1,15,2,15,TEMPERATURE,2,0.7829391,1
audio/train_006585_group_synthetic_TEMPERATURE_26_s30_v1_clean.wav,TEMPERATURE,26 degrees,Temperature 26 degrees,59,s30,Synthetic,1,15,2,15,TEMPERATURE,2,0.919888,1
audio/train_006610_group_synthetic_TEMPERATURE_26_s74_v1_clean.wav,TEMPERATURE,26 degrees,Temperature 26 degrees,59,s74,Synthetic,1,15,2,15,TEMPERATURE,2,0.78147095,1
audio/train_006612_group_synthetic_TEMPERATURE_26_s82_v1_clean.wav,TEMPERATURE,26 degrees,Temperature 26 degrees,59,s82,Synthetic,1,15,2,15,TEMPERATURE,2,0.91357356,1
audio/train_006615_group_synthetic_TEMPERATURE_26_s67_v1_noisy.wav,TEMPERATURE,26 degrees,Temperature 26 degrees,59,s67,Synthetic,1,15,2,15,TEMPERATURE,2,0.8415561,1
audio/train_006619_group_synthetic_TEMPERATURE_26_s18_v1_clean.wav,TEMPERATURE,26 degrees,Temperature 26 degrees,59,s18,Synthetic,1,15,2,15,TEMPERATURE,2,0.8436882,1
audio/train_006621_group_synthetic_TEMPERATURE_26_s88_v1_clean.wav,TEMPERATURE,26 degrees,Temperature 26 degrees,59,s88,Synthetic,1,15,2,15,TEMPERATURE,2,0.88976866,1
audio/train_006624_group_synthetic_TEMPERATURE_26_s80_v1_noisy.wav,TEMPERATURE,26 degrees,Temperature 26 degrees,59,s80,Synthetic,1,15,2,15,TEMPERATURE,2,0.93225265,1
audio/train_006626_group_synthetic_TEMPERATURE_26_s38_v1_noisy.wav,TEMPERATURE,26 degrees,Temperature 26 degrees,59,s38,Synthetic,1,15,2,15,TEMPERATURE,2,0.89192814,1
audio/train_006648_group_synthetic_TEMPERATURE_26_s30_v1_noisy.wav,TEMPERATURE,26 degrees,Temperature 26 degrees,59,s30,Synthetic,1,15,2,15,TEMPERATURE,2,0.9304974,1
audio/train_006657_group_synthetic_TEMPERATURE_26_s72_v1_clean.wav,TEMPERATURE,26 degrees,Temperature 26 degrees,59,s72,Synthetic,1,15,2,15,TEMPERATURE,2,0.81394553,1
audio/train_006658_group_synthetic_TEMPERATURE_26_s74_v1_noisy.wav,TEMPERATURE,26 degrees,Temperature 26 degrees,59,s74,Synthetic,1,15,2,15,TEMPERATURE,2,0.891436,1
audio/train_006669_group_synthetic_TEMPERATURE_18_s88_v2_noisy.wav,TEMPERATURE,18 degrees,Change the temperature to 18 degrees,60,s88,Synthetic,1,15,0,15,TEMPERATURE,0,0.9382227,1
audio/train_006672_group_synthetic_TEMPERATURE_18_s82_v2_noisy.wav,TEMPERATURE,18 degrees,Change the temperature to 18 degrees,60,s82,Synthetic,1,15,0,15,TEMPERATURE,0,0.9271965,1
audio/train_006677_group_synthetic_TEMPERATURE_18_s18_v2_clean.wav,TEMPERATURE,18 degrees,Change the temperature to 18 degrees,60,s18,Synthetic,1,15,0,15,TEMPERATURE,0,0.92110294,1
audio/train_006682_group_synthetic_TEMPERATURE_18_s30_v2_clean.wav,TEMPERATURE,18 degrees,Change the temperature to 18 degrees,60,s30,Synthetic,1,15,0,15,TEMPERATURE,0,0.9349081,1
audio/train_006687_group_synthetic_TEMPERATURE_18_s72_v2_noisy.wav,TEMPERATURE,18 degrees,Change the temperature to 18 degrees,60,s72,Synthetic,1,15,0,15,TEMPERATURE,0,0.8504579,1
audio/train_006688_group_synthetic_TEMPERATURE_18_s26_v2_noisy.wav,TEMPERATURE,18 degrees,Change the temperature to 18 degrees,60,s26,Synthetic,1,15,0,15,TEMPERATURE,0,0.9256116,1
audio/train_006696_group_synthetic_TEMPERATURE_18_s38_v2_noisy.wav,TEMPERATURE,18 degrees,Change the temperature to 18 degrees,60,s38,Synthetic,1,15,0,15,TEMPERATURE,0,0.92995644,1
audio/train_006704_group_synthetic_TEMPERATURE_18_s67_v2_clean.wav,TEMPERATURE,18 degrees,Change the temperature to 18 degrees,60,s67,Synthetic,1,15,0,15,TEMPERATURE,0,0.9237072,1
audio/train_006707_group_synthetic_TEMPERATURE_18_s74_v2_clean.wav,TEMPERATURE,18 degrees,Change the temperature to 18 degrees,60,s74,Synthetic,1,15,0,15,TEMPERATURE,0,0.9340577,1
audio/train_006714_group_synthetic_TEMPERATURE_18_s80_v2_noisy.wav,TEMPERATURE,18 degrees,Change the temperature to 18 degrees,60,s80,Synthetic,1,15,0,15,TEMPERATURE,0,0.8315055,1
audio/train_006730_group_synthetic_TEMPERATURE_18_s88_v2_clean.wav,TEMPERATURE,18 degrees,Change the temperature to 18 degrees,60,s88,Synthetic,1,15,0,15,TEMPERATURE,0,0.9354731,1
audio/train_006733_group_synthetic_TEMPERATURE_18_s18_v2_noisy.wav,TEMPERATURE,18 degrees,Change the temperature to 18 degrees,60,s18,Synthetic,1,15,0,15,TEMPERATURE,0,0.9196685,1
audio/train_006737_group_synthetic_TEMPERATURE_18_s72_v2_clean.wav,TEMPERATURE,18 degrees,Change the temperature to 18 degrees,60,s72,Synthetic,1,15,0,15,TEMPERATURE,0,0.85480726,1
audio/train_006758_group_synthetic_TEMPERATURE_18_s80_v2_clean.wav,TEMPERATURE,18 degrees,Change the temperature to 18 degrees,60,s80,Synthetic,1,15,0,15,TEMPERATURE,0,0.87008333,1
audio/train_006759_group_synthetic_TEMPERATURE_18_s74_v2_noisy.wav,TEMPERATURE,18 degrees,Change the temperature to 18 degrees,60,s74,Synthetic,1,15,0,15,TEMPERATURE,0,0.93337685,1
audio/train_006764_group_synthetic_TEMPERATURE_18_s67_v2_noisy.wav,TEMPERATURE,18 degrees,Change the temperature to 18 degrees,60,s67,Synthetic,1,15,0,15,TEMPERATURE,0,0.92301196,1
audio/train_006773_group_synthetic_TEMPERATURE_22_s30_v2_noisy.wav,TEMPERATURE,22 degrees,Change the temperature to 22 degrees,61,s30,Synthetic,1,15,1,15,TEMPERATURE,1,0.96181136,1
audio/train_006782_group_synthetic_TEMPERATURE_22_s18_v2_clean.wav,TEMPERATURE,22 degrees,Change the temperature to 22 degrees,61,s18,Synthetic,1,15,1,15,TEMPERATURE,1,0.954056,1
audio/train_006794_group_synthetic_TEMPERATURE_22_s26_v2_clean.wav,TEMPERATURE,22 degrees,Change the temperature to 22 degrees,61,s26,Synthetic,1,15,1,15,TEMPERATURE,1,0.93827444,1
audio/train_006814_group_synthetic_TEMPERATURE_22_s88_v2_clean.wav,TEMPERATURE,22 degrees,Change the temperature to 22 degrees,61,s88,Synthetic,1,15,1,15,TEMPERATURE,1,0.9392767,1
audio/train_006815_group_synthetic_TEMPERATURE_22_s80_v2_clean.wav,TEMPERATURE,22 degrees,Change the temperature to 22 degrees,61,s80,Synthetic,1,15,1,15,TEMPERATURE,1,0.9217946,1
audio/train_006827_group_synthetic_TEMPERATURE_22_s74_v2_noisy.wav,TEMPERATURE,22 degrees,Change the temperature to 22 degrees,61,s74,Synthetic,1,15,1,15,TEMPERATURE,1,0.88731587,1
audio/train_006832_group_synthetic_TEMPERATURE_22_s82_v2_noisy.wav,TEMPERATURE,22 degrees,Change the temperature to 22 degrees,61,s82,Synthetic,1,15,1,15,TEMPERATURE,1,0.973238,1
audio/train_006836_group_synthetic_TEMPERATURE_22_s38_v2_clean.wav,TEMPERATURE,22 degrees,Change the temperature to 22 degrees,61,s38,Synthetic,1,15,1,15,TEMPERATURE,1,0.94940346,1
audio/train_006837_group_synthetic_TEMPERATURE_22_s67_v2_clean.wav,TEMPERATURE,22 degrees,Change the temperature to 22 degrees,61,s67,Synthetic,1,15,1,15,TEMPERATURE,1,0.95605713,1
audio/train_006838_group_synthetic_TEMPERATURE_22_s72_v2_noisy.wav,TEMPERATURE,22 degrees,Change the temperature to 22 degrees,61,s72,Synthetic,1,15,1,15,TEMPERATURE,1,0.9281146,1
audio/train_006849_group_synthetic_TEMPERATURE_22_s18_v2_noisy.wav,TEMPERATURE,22 degrees,Change the temperature to 22 degrees,61,s18,Synthetic,1,15,1,15,TEMPERATURE,1,0.95405686,1
audio/train_006853_group_synthetic_TEMPERATURE_22_s30_v2_clean.wav,TEMPERATURE,22 degrees,Change the temperature to 22 degrees,61,s30,Synthetic,1,15,1,15,TEMPERATURE,1,0.9661858,1
audio/train_006865_group_synthetic_TEMPERATURE_22_s80_v2_noisy.wav,TEMPERATURE,22 degrees,Change the temperature to 22 degrees,61,s80,Synthetic,1,15,1,15,TEMPERATURE,1,0.9239827,1
audio/train_006869_group_synthetic_TEMPERATURE_22_s88_v2_noisy.wav,TEMPERATURE,22 degrees,Change the temperature to 22 degrees,61,s88,Synthetic,1,15,1,15,TEMPERATURE,1,0.93732804,1
audio/train_006889_group_synthetic_TEMPERATURE_26_s67_v2_clean.wav,TEMPERATURE,26 degrees,Change the temperature to 26 degrees,62,s67,Synthetic,1,15,2,15,TEMPERATURE,2,0.9251177,1
audio/train_006895_group_synthetic_TEMPERATURE_26_s26_v2_noisy.wav,TEMPERATURE,26 degrees,Change the temperature to 26 degrees,62,s26,Synthetic,1,15,2,15,TEMPERATURE,2,0.9409658,1
audio/train_006900_group_synthetic_TEMPERATURE_26_s82_v2_clean.wav,TEMPERATURE,26 degrees,Change the temperature to 26 degrees,62,s82,Synthetic,1,15,2,15,TEMPERATURE,2,0.9321127,1
audio/train_006925_group_synthetic_TEMPERATURE_26_s38_v2_noisy.wav,TEMPERATURE,26 degrees,Change the temperature to 26 degrees,62,s38,Synthetic,1,15,2,15,TEMPERATURE,2,0.90959567,1
audio/train_006936_group_synthetic_TEMPERATURE_26_s88_v2_noisy.wav,TEMPERATURE,26 degrees,Change the temperature to 26 degrees,62,s88,Synthetic,1,15,2,15,TEMPERATURE,2,0.9347505,1
audio/train_006938_group_synthetic_TEMPERATURE_26_s80_v2_clean.wav,TEMPERATURE,26 degrees,Change the temperature to 26 degrees,62,s80,Synthetic,1,15,2,15,TEMPERATURE,2,0.8693877,1
audio/train_006941_group_synthetic_TEMPERATURE_26_s72_v2_noisy.wav,TEMPERATURE,26 degrees,Change the temperature to 26 degrees,62,s72,Synthetic,1,15,2,15,TEMPERATURE,2,0.9412646,1
audio/train_006945_group_synthetic_TEMPERATURE_26_s18_v2_clean.wav,TEMPERATURE,26 degrees,Change the temperature to 26 degrees,62,s18,Synthetic,1,15,2,15,TEMPERATURE,2,0.901987,1
audio/train_006948_group_synthetic_TEMPERATURE_26_s30_v2_clean.wav,TEMPERATURE,26 degrees,Change the temperature to 26 degrees,62,s30,Synthetic,1,15,2,15,TEMPERATURE,2,0.93095154,1
audio/train_006951_group_synthetic_TEMPERATURE_26_s74_v2_clean.wav,TEMPERATURE,26 degrees,Change the temperature to 26 degrees,62,s74,Synthetic,1,15,2,15,TEMPERATURE,2,0.8060048,1
audio/train_006963_group_synthetic_TEMPERATURE_26_s67_v2_noisy.wav,TEMPERATURE,26 degrees,Change the temperature to 26 degrees,62,s67,Synthetic,1,15,2,15,TEMPERATURE,2,0.91937095,1
audio/train_006969_group_synthetic_TEMPERATURE_26_s82_v2_noisy.wav,TEMPERATURE,26 degrees,Change the temperature to 26 degrees,62,s82,Synthetic,1,15,2,15,TEMPERATURE,2,0.93121314,1
audio/train_006970_group_synthetic_TEMPERATURE_26_s88_v2_clean.wav,TEMPERATURE,26 degrees,Change the temperature to 26 degrees,62,s88,Synthetic,1,15,2,15,TEMPERATURE,2,0.93399763,1
audio/train_006975_group_synthetic_TEMPERATURE_26_s80_v2_noisy.wav,TEMPERATURE,26 degrees,Change the temperature to 26 degrees,62,s80,Synthetic,1,15,2,15,TEMPERATURE,2,0.89588475,1
audio/train_006983_group_synthetic_TEMPERATURE_26_s18_v2_noisy.wav,TEMPERATURE,26 degrees,Change the temperature to 26 degrees,62,s18,Synthetic,1,15,2,15,TEMPERATURE,2,0.9101042,1
audio/train_006984_group_synthetic_TEMPERATURE_26_s72_v2_clean.wav,TEMPERATURE,26 degrees,Change the temperature to 26 degrees,62,s72,Synthetic,1,15,2,15,TEMPERATURE,2,0.93127775,1
audio/train_006985_group_synthetic_TEMPERATURE_26_s26_v2_clean.wav,TEMPERATURE,26 degrees,Change the temperature to 26 degrees,62,s26,Synthetic,1,15,2,15,TEMPERATURE,2,0.93525535,1
audio/train_007011_group_synthetic_TEMPERATURE_18_s74_v3_noisy.wav,TEMPERATURE,18 degrees,Set the temperature to 18 degrees,63,s74,Synthetic,1,15,0,15,TEMPERATURE,0,0.84588945,1
audio/train_007041_group_synthetic_TEMPERATURE_18_s72_v3_clean.wav,TEMPERATURE,18 degrees,Set the temperature to 18 degrees,63,s72,Synthetic,1,15,0,15,TEMPERATURE,0,0.88650066,1
audio/train_007044_group_synthetic_TEMPERATURE_18_s30_v3_clean.wav,TEMPERATURE,18 degrees,Set the temperature to 18 degrees,63,s30,Synthetic,1,15,0,15,TEMPERATURE,0,0.9385621,1
audio/train_007046_group_synthetic_TEMPERATURE_18_s67_v3_noisy.wav,TEMPERATURE,18 degrees,Set the temperature to 18 degrees,63,s67,Synthetic,1,15,0,15,TEMPERATURE,0,0.9290369,1
audio/train_007050_group_synthetic_TEMPERATURE_18_s88_v3_clean.wav,TEMPERATURE,18 degrees,Set the temperature to 18 degrees,63,s88,Synthetic,1,15,0,15,TEMPERATURE,0,0.9436569,1
audio/train_007052_group_synthetic_TEMPERATURE_18_s26_v3_noisy.wav,TEMPERATURE,18 degrees,Set the temperature to 18 degrees,63,s26,Synthetic,1,15,0,15,TEMPERATURE,0,0.94121313,1
audio/train_007061_group_synthetic_TEMPERATURE_18_s82_v3_clean.wav,TEMPERATURE,18 degrees,Set the temperature to 18 degrees,63,s82,Synthetic,1,15,0,15,TEMPERATURE,0,0.94391274,1
audio/train_007063_group_synthetic_TEMPERATURE_18_s38_v3_noisy.wav,TEMPERATURE,18 degrees,Set the temperature to 18 degrees,63,s38,Synthetic,1,15,0,15,TEMPERATURE,0,0.93107474,1
audio/train_007067_group_synthetic_TEMPERATURE_18_s80_v3_noisy.wav,TEMPERATURE,18 degrees,Set the temperature to 18 degrees,63,s80,Synthetic,1,15,0,15,TEMPERATURE,0,0.889584,1
audio/train_007076_group_synthetic_TEMPERATURE_18_s18_v3_clean.wav,TEMPERATURE,18 degrees,Set the temperature to 18 degrees,63,s18,Synthetic,1,15,0,15,TEMPERATURE,0,0.9369404,1
audio/train_007084_group_synthetic_TEMPERATURE_18_s30_v3_noisy.wav,TEMPERATURE,18 degrees,Set the temperature to 18 degrees,63,s30,Synthetic,1,15,0,15,TEMPERATURE,0,0.944068,1
audio/train_007088_group_synthetic_TEMPERATURE_18_s88_v3_noisy.wav,TEMPERATURE,18 degrees,Set the temperature to 18 degrees,63,s88,Synthetic,1,15,0,15,TEMPERATURE,0,0.9475772,1
audio/train_007091_group_synthetic_TEMPERATURE_18_s74_v3_clean.wav,TEMPERATURE,18 degrees,Set the temperature to 18 degrees,63,s74,Synthetic,1,15,0,15,TEMPERATURE,0,0.8831023,1
audio/train_007135_group_synthetic_TEMPERATURE_22_s74_v3_clean.wav,TEMPERATURE,22 degrees,Set the temperature to 22 degrees,64,s74,Synthetic,1,15,1,15,TEMPERATURE,1,0.939722,1
audio/train_007140_group_synthetic_TEMPERATURE_22_s30_v3_noisy.wav,TEMPERATURE,22 degrees,Set the temperature to 22 degrees,64,s30,Synthetic,1,15,1,15,TEMPERATURE,1,0.96773213,1
audio/train_007145_group_synthetic_TEMPERATURE_22_s67_v3_clean.wav,TEMPERATURE,22 degrees,Set the temperature to 22 degrees,64,s67,Synthetic,1,15,1,15,TEMPERATURE,1,0.9549501,1
audio/train_007149_group_synthetic_TEMPERATURE_22_s18_v3_noisy.wav,TEMPERATURE,22 degrees,Set the temperature to 22 degrees,64,s18,Synthetic,1,15,1,15,TEMPERATURE,1,0.9671719,1
audio/train_007161_group_synthetic_TEMPERATURE_22_s72_v3_noisy.wav,TEMPERATURE,22 degrees,Set the temperature to 22 degrees,64,s72,Synthetic,1,15,1,15,TEMPERATURE,1,0.9583536,1
audio/train_007163_group_synthetic_TEMPERATURE_22_s82_v3_clean.wav,TEMPERATURE,22 degrees,Set the temperature to 22 degrees,64,s82,Synthetic,1,15,1,15,TEMPERATURE,1,0.96045154,1
audio/train_007172_group_synthetic_TEMPERATURE_22_s26_v3_clean.wav,TEMPERATURE,22 degrees,Set the temperature to 22 degrees,64,s26,Synthetic,1,15,1,15,TEMPERATURE,1,0.95325327,1
audio/train_007185_group_synthetic_TEMPERATURE_22_s38_v3_clean.wav,TEMPERATURE,22 degrees,Set the temperature to 22 degrees,64,s38,Synthetic,1,15,1,15,TEMPERATURE,1,0.9554482,1
audio/train_007190_group_synthetic_TEMPERATURE_22_s88_v3_noisy.wav,TEMPERATURE,22 degrees,Set the temperature to 22 degrees,64,s88,Synthetic,1,15,1,15,TEMPERATURE,1,0.9393973,1
audio/train_007198_group_synthetic_TEMPERATURE_22_s80_v3_noisy.wav,TEMPERATURE,22 degrees,Set the temperature to 22 degrees,64,s80,Synthetic,1,15,1,15,TEMPERATURE,1,0.95507324,1
audio/train_007202_group_synthetic_TEMPERATURE_22_s18_v3_clean.wav,TEMPERATURE,22 degrees,Set the temperature to 22 degrees,64,s18,Synthetic,1,15,1,15,TEMPERATURE,1,0.9689933,1
audio/train_007205_group_synthetic_TEMPERATURE_22_s30_v3_clean.wav,TEMPERATURE,22 degrees,Set the temperature to 22 degrees,64,s30,Synthetic,1,15,1,15,TEMPERATURE,1,0.9674963,1
audio/train_007209_group_synthetic_TEMPERATURE_22_s74_v3_noisy.wav,TEMPERATURE,22 degrees,Set the temperature to 22 degrees,64,s74,Synthetic,1,15,1,15,TEMPERATURE,1,0.9472164,1
audio/train_007211_group_synthetic_TEMPERATURE_22_s67_v3_noisy.wav,TEMPERATURE,22 degrees,Set the temperature to 22 degrees,64,s67,Synthetic,1,15,1,15,TEMPERATURE,1,0.95328707,1
audio/train_007214_group_synthetic_TEMPERATURE_22_s72_v3_clean.wav,TEMPERATURE,22 degrees,Set the temperature to 22 degrees,64,s72,Synthetic,1,15,1,15,TEMPERATURE,1,0.96147853,1
audio/train_007237_group_synthetic_TEMPERATURE_26_s72_v3_clean.wav,TEMPERATURE,26 degrees,Set the temperature to 26 degrees,65,s72,Synthetic,1,15,2,15,TEMPERATURE,2,0.9545818,1
audio/train_007243_group_synthetic_TEMPERATURE_26_s80_v3_clean.wav,TEMPERATURE,26 degrees,Set the temperature to 26 degrees,65,s80,Synthetic,1,15,2,15,TEMPERATURE,2,0.87864614,1
audio/train_007250_group_synthetic_TEMPERATURE_26_s30_v3_clean.wav,TEMPERATURE,26 degrees,Set the temperature to 26 degrees,65,s30,Synthetic,1,15,2,15,TEMPERATURE,2,0.9274423,1
audio/train_007255_group_synthetic_TEMPERATURE_26_s88_v3_noisy.wav,TEMPERATURE,26 degrees,Set the temperature to 26 degrees,65,s88,Synthetic,1,15,2,15,TEMPERATURE,2,0.93894345,1
audio/train_007272_group_synthetic_TEMPERATURE_26_s18_v3_clean.wav,TEMPERATURE,26 degrees,Set the temperature to 26 degrees,65,s18,Synthetic,1,15,2,15,TEMPERATURE,2,0.943928,1
audio/train_007283_group_synthetic_TEMPERATURE_26_s26_v3_noisy.wav,TEMPERATURE,26 degrees,Set the temperature to 26 degrees,65,s26,Synthetic,1,15,2,15,TEMPERATURE,2,0.9492701,1
audio/train_007291_group_synthetic_TEMPERATURE_26_s38_v3_clean.wav,TEMPERATURE,26 degrees,Set the temperature to 26 degrees,65,s38,Synthetic,1,15,2,15,TEMPERATURE,2,0.9135329,1
audio/train_007292_group_synthetic_TEMPERATURE_26_s82_v3_clean.wav,TEMPERATURE,26 degrees,Set the temperature to 26 degrees,65,s82,Synthetic,1,15,2,15,TEMPERATURE,2,0.9149146,1
audio/train_007294_group_synthetic_TEMPERATURE_26_s67_v3_clean.wav,TEMPERATURE,26 degrees,Set the temperature to 26 degrees,65,s67,Synthetic,1,15,2,15,TEMPERATURE,2,0.92415565,1
audio/train_007300_group_synthetic_TEMPERATURE_26_s74_v3_clean.wav,TEMPERATURE,26 degrees,Set the temperature to 26 degrees,65,s74,Synthetic,1,15,2,15,TEMPERATURE,2,0.88954824,1
audio/train_007313_group_synthetic_TEMPERATURE_26_s26_v3_clean.wav,TEMPERATURE,26 degrees,Set the temperature to 26 degrees,65,s26,Synthetic,1,15,2,15,TEMPERATURE,2,0.9455189,1
audio/train_007316_group_synthetic_TEMPERATURE_26_s18_v3_noisy.wav,TEMPERATURE,26 degrees,Set the temperature to 26 degrees,65,s18,Synthetic,1,15,2,15,TEMPERATURE,2,0.9446034,1
audio/train_007325_group_synthetic_TEMPERATURE_26_s30_v3_noisy.wav,TEMPERATURE,26 degrees,Set the temperature to 26 degrees,65,s30,Synthetic,1,15,2,15,TEMPERATURE,2,0.9236849,1
audio/train_007348_group_synthetic_BRIGHTNESS_20_s74_v1_noisy.wav,BRIGHTNESS,20 percent,Brightness 20 percent,66,s74,Synthetic,1,16,0,16,BRIGHTNESS,0,0.94469905,1
audio/train_007357_group_synthetic_BRIGHTNESS_20_s80_v1_noisy.wav,BRIGHTNESS,20 percent,Brightness 20 percent,66,s80,Synthetic,1,16,0,16,BRIGHTNESS,0,0.86390513,1
audio/train_007362_group_synthetic_BRIGHTNESS_20_s67_v1_noisy.wav,BRIGHTNESS,20 percent,Brightness 20 percent,66,s67,Synthetic,1,16,0,16,BRIGHTNESS,0,0.91225123,1
audio/train_007363_group_synthetic_BRIGHTNESS_20_s26_v1_clean.wav,BRIGHTNESS,20 percent,Brightness 20 percent,66,s26,Synthetic,1,16,0,16,BRIGHTNESS,0,0.95109344,1
audio/train_007371_group_synthetic_BRIGHTNESS_20_s30_v1_clean.wav,BRIGHTNESS,20 percent,Brightness 20 percent,66,s30,Synthetic,1,16,0,16,BRIGHTNESS,0,0.9486797,1
audio/train_007376_group_synthetic_BRIGHTNESS_20_s72_v1_clean.wav,BRIGHTNESS,20 percent,Brightness 20 percent,66,s72,Synthetic,1,16,0,16,BRIGHTNESS,0,0.82305264,1
audio/train_007377_group_synthetic_BRIGHTNESS_20_s88_v1_clean.wav,BRIGHTNESS,20 percent,Brightness 20 percent,66,s88,Synthetic,1,16,0,16,BRIGHTNESS,0,0.94187593,1
audio/train_007393_group_synthetic_BRIGHTNESS_20_s18_v1_clean.wav,BRIGHTNESS,20 percent,Brightness 20 percent,66,s18,Synthetic,1,16,0,16,BRIGHTNESS,0,0.908634,1
audio/train_007394_group_synthetic_BRIGHTNESS_20_s82_v1_noisy.wav,BRIGHTNESS,20 percent,Brightness 20 percent,66,s82,Synthetic,1,16,0,16,BRIGHTNESS,0,0.94777673,1
audio/train_007395_group_synthetic_BRIGHTNESS_20_s38_v1_clean.wav,BRIGHTNESS,20 percent,Brightness 20 percent,66,s38,Synthetic,1,16,0,16,BRIGHTNESS,0,0.9319541,1
audio/train_007417_group_synthetic_BRIGHTNESS_20_s26_v1_noisy.wav,BRIGHTNESS,20 percent,Brightness 20 percent,66,s26,Synthetic,1,16,0,16,BRIGHTNESS,0,0.9552614,1
audio/train_007419_group_synthetic_BRIGHTNESS_20_s72_v1_noisy.wav,BRIGHTNESS,20 percent,Brightness 20 percent,66,s72,Synthetic,1,16,0,16,BRIGHTNESS,0,0.82147527,1
audio/train_007420_group_synthetic_BRIGHTNESS_20_s30_v1_noisy.wav,BRIGHTNESS,20 percent,Brightness 20 percent,66,s30,Synthetic,1,16,0,16,BRIGHTNESS,0,0.95907366,1
audio/train_007422_group_synthetic_BRIGHTNESS_20_s74_v1_clean.wav,BRIGHTNESS,20 percent,Brightness 20 percent,66,s74,Synthetic,1,16,0,16,BRIGHTNESS,0,0.94694746,1
audio/train_007425_group_synthetic_BRIGHTNESS_20_s67_v1_clean.wav,BRIGHTNESS,20 percent,Brightness 20 percent,66,s67,Synthetic,1,16,0,16,BRIGHTNESS,0,0.9137883,1
audio/train_007442_group_synthetic_BRIGHTNESS_60_s74_v1_clean.wav,BRIGHTNESS,60 percent,Brightness 60 percent,67,s74,Synthetic,1,16,1,16,BRIGHTNESS,1,0.88419795,1
audio/train_007444_group_synthetic_BRIGHTNESS_60_s18_v1_clean.wav,BRIGHTNESS,60 percent,Brightness 60 percent,67,s18,Synthetic,1,16,1,16,BRIGHTNESS,1,0.8896423,1
audio/train_007449_group_synthetic_BRIGHTNESS_60_s80_v1_noisy.wav,BRIGHTNESS,60 percent,Brightness 60 percent,67,s80,Synthetic,1,16,1,16,BRIGHTNESS,1,0.85731053,1
audio/train_007452_group_synthetic_BRIGHTNESS_60_s26_v1_clean.wav,BRIGHTNESS,60 percent,Brightness 60 percent,67,s26,Synthetic,1,16,1,16,BRIGHTNESS,1,0.8910006,1
audio/train_007455_group_synthetic_BRIGHTNESS_60_s82_v1_noisy.wav,BRIGHTNESS,60 percent,Brightness 60 percent,67,s82,Synthetic,1,16,1,16,BRIGHTNESS,1,0.89747846,1
audio/train_007463_group_synthetic_BRIGHTNESS_60_s30_v1_clean.wav,BRIGHTNESS,60 percent,Brightness 60 percent,67,s30,Synthetic,1,16,1,16,BRIGHTNESS,1,0.8931625,1
audio/train_007467_group_synthetic_BRIGHTNESS_60_s67_v1_noisy.wav,BRIGHTNESS,60 percent,Brightness 60 percent,67,s67,Synthetic,1,16,1,16,BRIGHTNESS,1,0.8848249,1
audio/train_007483_group_synthetic_BRIGHTNESS_60_s72_v1_noisy.wav,BRIGHTNESS,60 percent,Brightness 60 percent,67,s72,Synthetic,1,16,1,16,BRIGHTNESS,1,0.8958963,1
audio/train_007492_group_synthetic_BRIGHTNESS_60_s88_v1_clean.wav,BRIGHTNESS,60 percent,Brightness 60 percent,67,s88,Synthetic,1,16,1,16,BRIGHTNESS,1,0.942042,1
audio/train_007498_group_synthetic_BRIGHTNESS_60_s38_v1_noisy.wav,BRIGHTNESS,60 percent,Brightness 60 percent,67,s38,Synthetic,1,16,1,16,BRIGHTNESS,1,0.89320165,1
audio/train_007515_group_synthetic_BRIGHTNESS_60_s67_v1_clean.wav,BRIGHTNESS,60 percent,Brightness 60 percent,67,s67,Synthetic,1,16,1,16,BRIGHTNESS,1,0.9004508,1
audio/train_007518_group_synthetic_BRIGHTNESS_60_s80_v1_clean.wav,BRIGHTNESS,60 percent,Brightness 60 percent,67,s80,Synthetic,1,16,1,16,BRIGHTNESS,1,0.81103563,1
audio/train_007526_group_synthetic_BRIGHTNESS_60_s72_v1_clean.wav,BRIGHTNESS,60 percent,Brightness 60 percent,67,s72,Synthetic,1,16,1,16,BRIGHTNESS,1,0.8993827,1
audio/train_007527_group_synthetic_BRIGHTNESS_60_s74_v1_noisy.wav,BRIGHTNESS,60 percent,Brightness 60 percent,67,s74,Synthetic,1,16,1,16,BRIGHTNESS,1,0.87355417,1
audio/train_007528_group_synthetic_BRIGHTNESS_60_s18_v1_noisy.wav,BRIGHTNESS,60 percent,Brightness 60 percent,67,s18,Synthetic,1,16,1,16,BRIGHTNESS,1,0.8951933,1
audio/train_007543_group_synthetic_BRIGHTNESS_60_s82_v1_clean.wav,BRIGHTNESS,60 percent,Brightness 60 percent,67,s82,Synthetic,1,16,1,16,BRIGHTNESS,1,0.88317823,1
audio/train_007545_group_synthetic_BRIGHTNESS_60_s88_v1_noisy.wav,BRIGHTNESS,60 percent,Brightness 60 percent,67,s88,Synthetic,1,16,1,16,BRIGHTNESS,1,0.9376187,1
audio/train_007546_group_synthetic_BRIGHTNESS_60_s30_v1_noisy.wav,BRIGHTNESS,60 percent,Brightness 60 percent,67,s30,Synthetic,1,16,1,16,BRIGHTNESS,1,0.9071429,1
audio/train_007555_group_synthetic_BRIGHTNESS_100_s72_v1_clean.wav,BRIGHTNESS,100 percent,Brightness 100 percent,68,s72,Synthetic,1,16,2,16,BRIGHTNESS,2,0.778893,1
audio/train_007565_group_synthetic_BRIGHTNESS_100_s80_v1_clean.wav,BRIGHTNESS,100 percent,Brightness 100 percent,68,s80,Synthetic,1,16,2,16,BRIGHTNESS,2,0.78109294,1
audio/train_007573_group_synthetic_BRIGHTNESS_100_s74_v1_clean.wav,BRIGHTNESS,100 percent,Brightness 100 percent,68,s74,Synthetic,1,16,2,16,BRIGHTNESS,2,0.8589534,1
audio/train_007576_group_synthetic_BRIGHTNESS_100_s88_v1_clean.wav,BRIGHTNESS,100 percent,Brightness 100 percent,68,s88,Synthetic,1,16,2,16,BRIGHTNESS,2,0.9470315,1
audio/train_007583_group_synthetic_BRIGHTNESS_100_s38_v1_clean.wav,BRIGHTNESS,100 percent,Brightness 100 percent,68,s38,Synthetic,1,16,2,16,BRIGHTNESS,2,0.9399742,1
audio/train_007586_group_synthetic_BRIGHTNESS_100_s82_v1_clean.wav,BRIGHTNESS,100 percent,Brightness 100 percent,68,s82,Synthetic,1,16,2,16,BRIGHTNESS,2,0.92566,1
audio/train_007590_group_synthetic_BRIGHTNESS_100_s26_v1_noisy.wav,BRIGHTNESS,100 percent,Brightness 100 percent,68,s26,Synthetic,1,16,2,16,BRIGHTNESS,2,0.95095575,1
audio/train_007598_group_synthetic_BRIGHTNESS_100_s67_v1_clean.wav,BRIGHTNESS,100 percent,Brightness 100 percent,68,s67,Synthetic,1,16,2,16,BRIGHTNESS,2,0.90487087,1
audio/train_007601_group_synthetic_BRIGHTNESS_100_s18_v1_noisy.wav,BRIGHTNESS,100 percent,Brightness 100 percent,68,s18,Synthetic,1,16,2,16,BRIGHTNESS,2,0.9375476,1
audio/train_007604_group_synthetic_BRIGHTNESS_100_s30_v1_clean.wav,BRIGHTNESS,100 percent,Brightness 100 percent,68,s30,Synthetic,1,16,2,16,BRIGHTNESS,2,0.9141796,1
audio/train_007626_group_synthetic_BRIGHTNESS_100_s74_v1_noisy.wav,BRIGHTNESS,100 percent,Brightness 100 percent,68,s74,Synthetic,1,16,2,16,BRIGHTNESS,2,0.86525285,1
audio/train_007627_group_synthetic_BRIGHTNESS_100_s80_v1_noisy.wav,BRIGHTNESS,100 percent,Brightness 100 percent,68,s80,Synthetic,1,16,2,16,BRIGHTNESS,2,0.75468814,1
audio/train_007634_group_synthetic_BRIGHTNESS_100_s67_v1_noisy.wav,BRIGHTNESS,100 percent,Brightness 100 percent,68,s67,Synthetic,1,16,2,16,BRIGHTNESS,2,0.9088156,1
audio/train_007639_group_synthetic_BRIGHTNESS_100_s82_v1_noisy.wav,BRIGHTNESS,100 percent,Brightness 100 percent,68,s82,Synthetic,1,16,2,16,BRIGHTNESS,2,0.9375863,1
audio/train_007643_group_synthetic_BRIGHTNESS_100_s30_v1_noisy.wav,BRIGHTNESS,100 percent,Brightness 100 percent,68,s30,Synthetic,1,16,2,16,BRIGHTNESS,2,0.939693,1
audio/train_007646_group_synthetic_BRIGHTNESS_100_s26_v1_clean.wav,BRIGHTNESS,100 percent,Brightness 100 percent,68,s26,Synthetic,1,16,2,16,BRIGHTNESS,2,0.94449776,1
audio/train_007652_group_synthetic_BRIGHTNESS_100_s18_v1_clean.wav,BRIGHTNESS,100 percent,Brightness 100 percent,68,s18,Synthetic,1,16,2,16,BRIGHTNESS,2,0.9220344,1
audio/train_007674_SLURP_slurp_train_20_3577_train-00001-.wav,BRIGHTNESS,20 percent,Adjust brightness to 20 percent,69,FO-462,Other / non-native,0,16,0,16,BRIGHTNESS,0,0.8267904,1
audio/train_007675_SNIPS_snips_smart-lights_3055_far.wav,BRIGHTNESS,20 percent,Adjust brightness to 20 percent,69,9294d77a-9d94-4903-a978-af94ab79c0d9,Other Asian English,0,16,0,19,OUT_OF_SCOPE,-1,0.8277269,0
audio/train_007684_SLURP_slurp_train_313_7911_train-00002-.wav,BRIGHTNESS,20 percent,Adjust brightness to 20 percent,69,FO-462,Other / non-native,0,16,0,9,TIME,-1,0.18129341,0
audio/train_007685_SNIPS_snips_smart-lights_1384_close.wav,BRIGHTNESS,20 percent,Adjust brightness to 20 percent,69,9294d77a-9d94-4903-a978-af94ab79c0d9,Other Asian English,0,16,0,19,OUT_OF_SCOPE,-1,0.9790429,0
audio/train_007687_SLURP_slurp_train_313_7908_train-00002-.wav,BRIGHTNESS,20 percent,Adjust brightness to 20 percent,69,FO-462,Other / non-native,0,16,0,16,BRIGHTNESS,2,0.90186393,0
audio/train_007688_SNIPS_snips_smart-lights_3244_far.wav,BRIGHTNESS,20 percent,Adjust brightness to 20 percent,69,9294d77a-9d94-4903-a978-af94ab79c0d9,Other Asian English,0,16,0,19,OUT_OF_SCOPE,-1,0.26093188,0
audio/train_007692_SNIPS_snips_smart-lights_1573_close.wav,BRIGHTNESS,20 percent,Adjust brightness to 20 percent,69,9294d77a-9d94-4903-a978-af94ab79c0d9,Other Asian English,0,16,0,19,OUT_OF_SCOPE,-1,0.2909838,0
audio/train_007705_SLURP_slurp_train_20_3576_train-00001-.wav,BRIGHTNESS,20 percent,Adjust brightness to 20 percent,69,FO-462,Other / non-native,0,16,0,16,BRIGHTNESS,0,0.7349344,1
audio/train_007707_SLURP_slurp_train_313_7910_train-00002-.wav,BRIGHTNESS,20 percent,Adjust brightness to 20 percent,69,FO-462,Other / non-native,0,16,0,19,OUT_OF_SCOPE,-1,0.48970354,0
audio/train_007708_SLURP_slurp_train_313_7909_train-00002-.wav,BRIGHTNESS,20 percent,Adjust brightness to 20 percent,69,FO-462,Other / non-native,0,16,0,19,OUT_OF_SCOPE,-1,0.78168166,0
audio/train_007709_SNIPS_snips_smart-lights_2223_far.wav,BRIGHTNESS,20 percent,Adjust brightness to 20 percent,69,143921a6-6caa-417f-bd7e-2732023270c1,Native English,0,16,0,19,OUT_OF_SCOPE,-1,0.74830526,0
audio/train_007714_SLURP_slurp_train_20_3573_train-00001-.wav,BRIGHTNESS,20 percent,Adjust brightness to 20 percent,69,FE-249,Native English,0,16,0,16,BRIGHTNESS,0,0.86146224,1
audio/train_007729_group_synthetic_BRIGHTNESS_20_s18_v2_noisy.wav,BRIGHTNESS,20 percent,Adjust brightness to 20 percent,69,s18,Synthetic,1,16,0,16,BRIGHTNESS,0,0.9354116,1
audio/train_007731_group_synthetic_BRIGHTNESS_20_s82_v2_noisy.wav,BRIGHTNESS,20 percent,Adjust brightness to 20 percent,69,s82,Synthetic,1,16,0,16,BRIGHTNESS,0,0.95130223,1
audio/train_007734_group_synthetic_BRIGHTNESS_20_s26_v2_noisy.wav,BRIGHTNESS,20 percent,Adjust brightness to 20 percent,69,s26,Synthetic,1,16,0,16,BRIGHTNESS,0,0.9197124,1
audio/train_007737_group_synthetic_BRIGHTNESS_20_s88_v2_clean.wav,BRIGHTNESS,20 percent,Adjust brightness to 20 percent,69,s88,Synthetic,1,16,0,16,BRIGHTNESS,0,0.9455639,1
audio/train_007738_group_synthetic_BRIGHTNESS_20_s67_v2_clean.wav,BRIGHTNESS,20 percent,Adjust brightness to 20 percent,69,s67,Synthetic,1,16,0,16,BRIGHTNESS,0,0.94516695,1
audio/train_007749_group_synthetic_BRIGHTNESS_20_s72_v2_noisy.wav,BRIGHTNESS,20 percent,Adjust brightness to 20 percent,69,s72,Synthetic,1,16,0,16,BRIGHTNESS,0,0.95914155,1
audio/train_007762_group_synthetic_BRIGHTNESS_20_s38_v2_clean.wav,BRIGHTNESS,20 percent,Adjust brightness to 20 percent,69,s38,Synthetic,1,16,0,16,BRIGHTNESS,0,0.9641503,1
audio/train_007765_group_synthetic_BRIGHTNESS_20_s30_v2_noisy.wav,BRIGHTNESS,20 percent,Adjust brightness to 20 percent,69,s30,Synthetic,1,16,0,16,BRIGHTNESS,0,0.9240229,1
audio/train_007766_group_synthetic_BRIGHTNESS_20_s80_v2_clean.wav,BRIGHTNESS,20 percent,Adjust brightness to 20 percent,69,s80,Synthetic,1,16,0,16,BRIGHTNESS,0,0.88664615,1
audio/train_007771_group_synthetic_BRIGHTNESS_60_s72_v2_clean.wav,BRIGHTNESS,60 percent,Adjust brightness to 60 percent,70,s72,Synthetic,1,16,1,16,BRIGHTNESS,1,0.9509921,1
audio/train_007782_group_synthetic_BRIGHTNESS_60_s26_v2_clean.wav,BRIGHTNESS,60 percent,Adjust brightness to 60 percent,70,s26,Synthetic,1,16,1,16,BRIGHTNESS,1,0.9396112,1
audio/train_007784_group_synthetic_BRIGHTNESS_60_s67_v2_noisy.wav,BRIGHTNESS,60 percent,Adjust brightness to 60 percent,70,s67,Synthetic,1,16,1,16,BRIGHTNESS,1,0.931505,1
audio/train_007792_group_synthetic_BRIGHTNESS_60_s74_v2_clean.wav,BRIGHTNESS,60 percent,Adjust brightness to 60 percent,70,s74,Synthetic,1,16,1,16,BRIGHTNESS,1,0.93497556,1
audio/train_007793_group_synthetic_BRIGHTNESS_60_s18_v2_clean.wav,BRIGHTNESS,60 percent,Adjust brightness to 60 percent,70,s18,Synthetic,1,16,1,16,BRIGHTNESS,1,0.8926332,1
audio/train_007805_group_synthetic_BRIGHTNESS_60_s82_v2_clean.wav,BRIGHTNESS,60 percent,Adjust brightness to 60 percent,70,s82,Synthetic,1,16,1,16,BRIGHTNESS,1,0.91745573,1
audio/train_007808_group_synthetic_BRIGHTNESS_60_s80_v2_noisy.wav,BRIGHTNESS,60 percent,Adjust brightness to 60 percent,70,s80,Synthetic,1,16,1,16,BRIGHTNESS,1,0.92669684,1
audio/train_007812_group_synthetic_BRIGHTNESS_60_s30_v2_noisy.wav,BRIGHTNESS,60 percent,Adjust brightness to 60 percent,70,s30,Synthetic,1,16,1,16,BRIGHTNESS,1,0.93243194,1
audio/train_007813_group_synthetic_BRIGHTNESS_60_s38_v2_noisy.wav,BRIGHTNESS,60 percent,Adjust brightness to 60 percent,70,s38,Synthetic,1,16,1,16,BRIGHTNESS,1,0.9178616,1
audio/train_007825_group_synthetic_BRIGHTNESS_60_s88_v2_clean.wav,BRIGHTNESS,60 percent,Adjust brightness to 60 percent,70,s88,Synthetic,1,16,1,16,BRIGHTNESS,1,0.9492902,1
audio/train_007841_group_synthetic_BRIGHTNESS_60_s72_v2_noisy.wav,BRIGHTNESS,60 percent,Adjust brightness to 60 percent,70,s72,Synthetic,1,16,1,16,BRIGHTNESS,1,0.93330556,1
audio/train_007843_group_synthetic_BRIGHTNESS_60_s18_v2_noisy.wav,BRIGHTNESS,60 percent,Adjust brightness to 60 percent,70,s18,Synthetic,1,16,1,16,BRIGHTNESS,1,0.8992244,1
audio/train_007851_group_synthetic_BRIGHTNESS_60_s80_v2_clean.wav,BRIGHTNESS,60 percent,Adjust brightness to 60 percent,70,s80,Synthetic,1,16,1,16,BRIGHTNESS,1,0.849445,1
audio/train_007855_group_synthetic_BRIGHTNESS_60_s26_v2_noisy.wav,BRIGHTNESS,60 percent,Adjust brightness to 60 percent,70,s26,Synthetic,1,16,1,16,BRIGHTNESS,1,0.93176585,1
audio/train_007862_group_synthetic_BRIGHTNESS_60_s30_v2_clean.wav,BRIGHTNESS,60 percent,Adjust brightness to 60 percent,70,s30,Synthetic,1,16,1,16,BRIGHTNESS,1,0.92692816,1
audio/train_007864_group_synthetic_BRIGHTNESS_60_s67_v2_clean.wav,BRIGHTNESS,60 percent,Adjust brightness to 60 percent,70,s67,Synthetic,1,16,1,16,BRIGHTNESS,1,0.92758155,1
audio/train_007878_group_synthetic_BRIGHTNESS_60_s82_v2_noisy.wav,BRIGHTNESS,60 percent,Adjust brightness to 60 percent,70,s82,Synthetic,1,16,1,16,BRIGHTNESS,1,0.89577496,1
audio/train_007880_group_synthetic_BRIGHTNESS_60_s74_v2_noisy.wav,BRIGHTNESS,60 percent,Adjust brightness to 60 percent,70,s74,Synthetic,1,16,1,16,BRIGHTNESS,1,0.9418792,1
audio/train_007901_group_synthetic_BRIGHTNESS_100_s88_v2_clean.wav,BRIGHTNESS,100 percent,Adjust brightness to 100 percent,71,s88,Synthetic,1,16,2,16,BRIGHTNESS,2,0.9281931,1
audio/train_007905_group_synthetic_BRIGHTNESS_100_s30_v2_clean.wav,BRIGHTNESS,100 percent,Adjust brightness to 100 percent,71,s30,Synthetic,1,16,2,16,BRIGHTNESS,2,0.938377,1
audio/train_007908_group_synthetic_BRIGHTNESS_100_s72_v2_noisy.wav,BRIGHTNESS,100 percent,Adjust brightness to 100 percent,71,s72,Synthetic,1,16,2,16,BRIGHTNESS,2,0.7321769,1
audio/train_007920_group_synthetic_BRIGHTNESS_100_s67_v2_noisy.wav,BRIGHTNESS,100 percent,Adjust brightness to 100 percent,71,s67,Synthetic,1,16,2,16,BRIGHTNESS,2,0.94386756,1
audio/train_007924_group_synthetic_BRIGHTNESS_100_s26_v2_noisy.wav,BRIGHTNESS,100 percent,Adjust brightness to 100 percent,71,s26,Synthetic,1,16,2,16,BRIGHTNESS,2,0.9281136,1
audio/train_007927_group_synthetic_BRIGHTNESS_100_s18_v2_noisy.wav,BRIGHTNESS,100 percent,Adjust brightness to 100 percent,71,s18,Synthetic,1,16,2,16,BRIGHTNESS,2,0.9490691,1
audio/train_007931_group_synthetic_BRIGHTNESS_100_s38_v2_clean.wav,BRIGHTNESS,100 percent,Adjust brightness to 100 percent,71,s38,Synthetic,1,16,2,16,BRIGHTNESS,2,0.9521503,1
audio/train_007933_group_synthetic_BRIGHTNESS_100_s82_v2_clean.wav,BRIGHTNESS,100 percent,Adjust brightness to 100 percent,71,s82,Synthetic,1,16,2,16,BRIGHTNESS,0,0.92948604,0
audio/train_007943_group_synthetic_BRIGHTNESS_100_s80_v2_clean.wav,BRIGHTNESS,100 percent,Adjust brightness to 100 percent,71,s80,Synthetic,1,16,2,16,BRIGHTNESS,2,0.5587881,1
audio/train_007945_group_synthetic_BRIGHTNESS_100_s74_v2_clean.wav,BRIGHTNESS,100 percent,Adjust brightness to 100 percent,71,s74,Synthetic,1,16,2,16,BRIGHTNESS,2,0.9166644,1
audio/train_007953_group_synthetic_BRIGHTNESS_100_s88_v2_noisy.wav,BRIGHTNESS,100 percent,Adjust brightness to 100 percent,71,s88,Synthetic,1,16,2,16,BRIGHTNESS,2,0.9396764,1
audio/train_007969_group_synthetic_BRIGHTNESS_100_s18_v2_clean.wav,BRIGHTNESS,100 percent,Adjust brightness to 100 percent,71,s18,Synthetic,1,16,2,16,BRIGHTNESS,2,0.9405449,1
audio/train_007975_group_synthetic_BRIGHTNESS_100_s26_v2_clean.wav,BRIGHTNESS,100 percent,Adjust brightness to 100 percent,71,s26,Synthetic,1,16,2,16,BRIGHTNESS,2,0.92730504,1
audio/train_007983_group_synthetic_BRIGHTNESS_100_s67_v2_clean.wav,BRIGHTNESS,100 percent,Adjust brightness to 100 percent,71,s67,Synthetic,1,16,2,16,BRIGHTNESS,2,0.94169515,1
audio/train_007986_group_synthetic_BRIGHTNESS_100_s38_v2_noisy.wav,BRIGHTNESS,100 percent,Adjust brightness to 100 percent,71,s38,Synthetic,1,16,2,16,BRIGHTNESS,2,0.9495931,1
audio/train_007990_group_synthetic_BRIGHTNESS_100_s72_v2_clean.wav,BRIGHTNESS,100 percent,Adjust brightness to 100 percent,71,s72,Synthetic,1,16,2,16,BRIGHTNESS,2,0.70827746,1
audio/train_007992_SNIPS_snips_smart-lights_2687_far.wav,BRIGHTNESS,20 percent,Brightness level 20 percent,72,9294d77a-9d94-4903-a978-af94ab79c0d9,Other Asian English,0,16,0,16,BRIGHTNESS,0,0.38581365,1
audio/train_007993_SNIPS_snips_smart-lights_1016_close.wav,BRIGHTNESS,20 percent,Brightness level 20 percent,72,9294d77a-9d94-4903-a978-af94ab79c0d9,Other Asian English,0,16,0,16,BRIGHTNESS,0,0.460902,1
audio/train_007994_group_synthetic_BRIGHTNESS_20_s88_v3_noisy.wav,BRIGHTNESS,20 percent,Brightness level 20 percent,72,s88,Synthetic,1,16,0,16,BRIGHTNESS,0,0.9224136,1
audio/train_007997_group_synthetic_BRIGHTNESS_20_s74_v3_clean.wav,BRIGHTNESS,20 percent,Brightness level 20 percent,72,s74,Synthetic,1,16,0,16,BRIGHTNESS,0,0.9398456,1
audio/train_007999_group_synthetic_BRIGHTNESS_20_s67_v3_noisy.wav,BRIGHTNESS,20 percent,Brightness level 20 percent,72,s67,Synthetic,1,16,0,16,BRIGHTNESS,0,0.95704645,1
audio/train_008004_group_synthetic_BRIGHTNESS_20_s18_v3_noisy.wav,BRIGHTNESS,20 percent,Brightness level 20 percent,72,s18,Synthetic,1,16,0,16,BRIGHTNESS,0,0.92984855,1
audio/train_008032_group_synthetic_BRIGHTNESS_20_s80_v3_clean.wav,BRIGHTNESS,20 percent,Brightness level 20 percent,72,s80,Synthetic,1,16,0,16,BRIGHTNESS,2,0.94069016,0
audio/train_008042_group_synthetic_BRIGHTNESS_20_s82_v3_noisy.wav,BRIGHTNESS,20 percent,Brightness level 20 percent,72,s82,Synthetic,1,16,0,16,BRIGHTNESS,0,0.934513,1
audio/train_008043_group_synthetic_BRIGHTNESS_20_s38_v3_clean.wav,BRIGHTNESS,20 percent,Brightness level 20 percent,72,s38,Synthetic,1,16,0,16,BRIGHTNESS,0,0.9686318,1
audio/train_008048_group_synthetic_BRIGHTNESS_20_s26_v3_noisy.wav,BRIGHTNESS,20 percent,Brightness level 20 percent,72,s26,Synthetic,1,16,0,16,BRIGHTNESS,0,0.9621145,1
audio/train_008054_group_synthetic_BRIGHTNESS_20_s72_v3_clean.wav,BRIGHTNESS,20 percent,Brightness level 20 percent,72,s72,Synthetic,1,16,0,16,BRIGHTNESS,0,0.9669542,1
audio/train_008057_group_synthetic_BRIGHTNESS_20_s30_v3_clean.wav,BRIGHTNESS,20 percent,Brightness level 20 percent,72,s30,Synthetic,1,16,0,16,BRIGHTNESS,0,0.93193835,1
audio/train_008064_group_synthetic_BRIGHTNESS_20_s67_v3_clean.wav,BRIGHTNESS,20 percent,Brightness level 20 percent,72,s67,Synthetic,1,16,0,16,BRIGHTNESS,0,0.9571409,1
audio/train_008084_group_synthetic_BRIGHTNESS_20_s88_v3_clean.wav,BRIGHTNESS,20 percent,Brightness level 20 percent,72,s88,Synthetic,1,16,0,16,BRIGHTNESS,0,0.8998916,1
audio/train_008093_group_synthetic_BRIGHTNESS_20_s38_v3_noisy.wav,BRIGHTNESS,20 percent,Brightness level 20 percent,72,s38,Synthetic,1,16,0,16,BRIGHTNESS,0,0.96981716,1
audio/train_008094_group_synthetic_BRIGHTNESS_20_s80_v3_noisy.wav,BRIGHTNESS,20 percent,Brightness level 20 percent,72,s80,Synthetic,1,16,0,16,BRIGHTNESS,0,0.9508328,1
audio/train_008097_group_synthetic_BRIGHTNESS_20_s26_v3_clean.wav,BRIGHTNESS,20 percent,Brightness level 20 percent,72,s26,Synthetic,1,16,0,16,BRIGHTNESS,0,0.95898336,1
audio/train_008099_group_synthetic_BRIGHTNESS_20_s82_v3_clean.wav,BRIGHTNESS,20 percent,Brightness level 20 percent,72,s82,Synthetic,1,16,0,16,BRIGHTNESS,0,0.93948627,1
audio/train_008109_group_synthetic_BRIGHTNESS_60_s74_v3_clean.wav,BRIGHTNESS,60 percent,Brightness level 60 percent,73,s74,Synthetic,1,16,1,16,BRIGHTNESS,1,0.89292175,1
audio/train_008121_group_synthetic_BRIGHTNESS_60_s30_v3_noisy.wav,BRIGHTNESS,60 percent,Brightness level 60 percent,73,s30,Synthetic,1,16,1,16,BRIGHTNESS,1,0.91989124,1
audio/train_008123_group_synthetic_BRIGHTNESS_60_s38_v3_clean.wav,BRIGHTNESS,60 percent,Brightness level 60 percent,73,s38,Synthetic,1,16,1,16,BRIGHTNESS,1,0.92929524,1
audio/train_008125_group_synthetic_BRIGHTNESS_60_s26_v3_clean.wav,BRIGHTNESS,60 percent,Brightness level 60 percent,73,s26,Synthetic,1,16,1,16,BRIGHTNESS,1,0.90874946,1
audio/train_008128_group_synthetic_BRIGHTNESS_60_s80_v3_noisy.wav,BRIGHTNESS,60 percent,Brightness level 60 percent,73,s80,Synthetic,1,16,1,16,BRIGHTNESS,1,0.79407007,1
audio/train_008131_group_synthetic_BRIGHTNESS_60_s18_v3_noisy.wav,BRIGHTNESS,60 percent,Brightness level 60 percent,73,s18,Synthetic,1,16,1,16,BRIGHTNESS,1,0.90984017,1
audio/train_008132_group_synthetic_BRIGHTNESS_60_s88_v3_clean.wav,BRIGHTNESS,60 percent,Brightness level 60 percent,73,s88,Synthetic,1,16,1,16,BRIGHTNESS,1,0.94572127,1
audio/train_008155_group_synthetic_BRIGHTNESS_60_s72_v3_clean.wav,BRIGHTNESS,60 percent,Brightness level 60 percent,73,s72,Synthetic,1,16,1,16,BRIGHTNESS,1,0.9106824,1
audio/train_008168_group_synthetic_BRIGHTNESS_60_s67_v3_clean.wav,BRIGHTNESS,60 percent,Brightness level 60 percent,73,s67,Synthetic,1,16,1,16,BRIGHTNESS,1,0.9214986,1
audio/train_008169_group_synthetic_BRIGHTNESS_60_s82_v3_noisy.wav,BRIGHTNESS,60 percent,Brightness level 60 percent,73,s82,Synthetic,1,16,1,16,BRIGHTNESS,1,0.9001982,1
audio/train_008173_group_synthetic_BRIGHTNESS_60_s30_v3_clean.wav,BRIGHTNESS,60 percent,Brightness level 60 percent,73,s30,Synthetic,1,16,1,16,BRIGHTNESS,1,0.90648854,1
audio/train_008175_group_synthetic_BRIGHTNESS_60_s88_v3_noisy.wav,BRIGHTNESS,60 percent,Brightness level 60 percent,73,s88,Synthetic,1,16,1,16,BRIGHTNESS,1,0.94394726,1
audio/train_008176_group_synthetic_BRIGHTNESS_60_s38_v3_noisy.wav,BRIGHTNESS,60 percent,Brightness level 60 percent,73,s38,Synthetic,1,16,1,16,BRIGHTNESS,1,0.93267596,1
audio/train_008180_group_synthetic_BRIGHTNESS_60_s74_v3_noisy.wav,BRIGHTNESS,60 percent,Brightness level 60 percent,73,s74,Synthetic,1,16,1,16,BRIGHTNESS,1,0.8937428,1
audio/train_008188_group_synthetic_BRIGHTNESS_60_s26_v3_noisy.wav,BRIGHTNESS,60 percent,Brightness level 60 percent,73,s26,Synthetic,1,16,1,16,BRIGHTNESS,1,0.9079395,1
audio/train_008201_group_synthetic_BRIGHTNESS_60_s72_v3_noisy.wav,BRIGHTNESS,60 percent,Brightness level 60 percent,73,s72,Synthetic,1,16,1,16,BRIGHTNESS,1,0.93233293,1
audio/train_008216_group_synthetic_BRIGHTNESS_100_s26_v3_clean.wav,BRIGHTNESS,100 percent,Brightness level 100 percent,74,s26,Synthetic,1,16,2,16,BRIGHTNESS,2,0.93889046,1
audio/train_008236_group_synthetic_BRIGHTNESS_100_s18_v3_noisy.wav,BRIGHTNESS,100 percent,Brightness level 100 percent,74,s18,Synthetic,1,16,2,16,BRIGHTNESS,2,0.908341,1
audio/train_008237_group_synthetic_BRIGHTNESS_100_s82_v3_noisy.wav,BRIGHTNESS,100 percent,Brightness level 100 percent,74,s82,Synthetic,1,16,2,16,BRIGHTNESS,2,0.912566,1
audio/train_008238_group_synthetic_BRIGHTNESS_100_s88_v3_clean.wav,BRIGHTNESS,100 percent,Brightness level 100 percent,74,s88,Synthetic,1,16,2,16,BRIGHTNESS,2,0.93323225,1
audio/train_008254_group_synthetic_BRIGHTNESS_100_s74_v3_clean.wav,BRIGHTNESS,100 percent,Brightness level 100 percent,74,s74,Synthetic,1,16,2,16,BRIGHTNESS,2,0.83632547,1
audio/train_008255_group_synthetic_BRIGHTNESS_100_s80_v3_noisy.wav,BRIGHTNESS,100 percent,Brightness level 100 percent,74,s80,Synthetic,1,16,2,16,BRIGHTNESS,0,0.91439795,0
audio/train_008263_group_synthetic_BRIGHTNESS_100_s38_v3_clean.wav,BRIGHTNESS,100 percent,Brightness level 100 percent,74,s38,Synthetic,1,16,2,16,BRIGHTNESS,2,0.95959175,1
audio/train_008273_group_synthetic_BRIGHTNESS_100_s67_v3_clean.wav,BRIGHTNESS,100 percent,Brightness level 100 percent,74,s67,Synthetic,1,16,2,16,BRIGHTNESS,2,0.8870672,1
audio/train_008274_group_synthetic_BRIGHTNESS_100_s72_v3_clean.wav,BRIGHTNESS,100 percent,Brightness level 100 percent,74,s72,Synthetic,1,16,2,16,BRIGHTNESS,2,0.8533695,1
audio/train_008277_group_synthetic_BRIGHTNESS_100_s30_v3_noisy.wav,BRIGHTNESS,100 percent,Brightness level 100 percent,74,s30,Synthetic,1,16,2,16,BRIGHTNESS,2,0.9457189,1
audio/train_008283_group_synthetic_BRIGHTNESS_100_s26_v3_noisy.wav,BRIGHTNESS,100 percent,Brightness level 100 percent,74,s26,Synthetic,1,16,2,16,BRIGHTNESS,2,0.94105244,1
audio/train_008290_group_synthetic_BRIGHTNESS_100_s88_v3_noisy.wav,BRIGHTNESS,100 percent,Brightness level 100 percent,74,s88,Synthetic,1,16,2,16,BRIGHTNESS,2,0.93071854,1
audio/train_008301_group_synthetic_BRIGHTNESS_100_s38_v3_noisy.wav,BRIGHTNESS,100 percent,Brightness level 100 percent,74,s38,Synthetic,1,16,2,16,BRIGHTNESS,2,0.9519917,1
audio/train_008303_group_synthetic_BRIGHTNESS_100_s18_v3_clean.wav,BRIGHTNESS,100 percent,Brightness level 100 percent,74,s18,Synthetic,1,16,2,16,BRIGHTNESS,2,0.9043516,1
audio/train_008324_group_synthetic_BRIGHTNESS_100_s82_v3_clean.wav,BRIGHTNESS,100 percent,Brightness level 100 percent,74,s82,Synthetic,1,16,2,16,BRIGHTNESS,2,0.9229897,1
audio/train_008325_real_voice_COLOR_V2_1_t1.wav,COLOR,Red,Change color to Red,75,202521746,Filipino (group),0,17,0,17,COLOR,0,0.9631663,1
audio/train_008326_real_voice_COLOR_V2_1_t2.wav,COLOR,Red,Change color to Red,75,202521746,Filipino (group),0,17,0,17,COLOR,0,0.97167206,1
audio/train_008327_real_voice_COLOR_V2_1_t3.wav,COLOR,Red,Change color to Red,75,202521746,Filipino (group),0,17,0,17,COLOR,0,0.97667843,1
audio/train_008333_SNIPS_snips_smart-lights_1503_close.wav,COLOR,Red,Change color to Red,75,9294d77a-9d94-4903-a978-af94ab79c0d9,Other Asian English,0,17,0,6,LIGHT_ON,-1,0.2776822,0
audio/train_008337_SLURP_slurp_train_5738_5183_train-00005-.wav,COLOR,Red,Change color to Red,75,FO-462,Other / non-native,0,17,0,17,COLOR,0,0.93303156,1
audio/train_008341_SNIPS_snips_smart-lights_2458_far.wav,COLOR,Red,Change color to Red,75,9294d77a-9d94-4903-a978-af94ab79c0d9,Other Asian English,0,17,0,17,COLOR,1,0.43611982,0
audio/train_008349_SNIPS_snips_smart-lights_3174_far.wav,COLOR,Red,Change color to Red,75,9294d77a-9d94-4903-a978-af94ab79c0d9,Other Asian English,0,17,0,19,OUT_OF_SCOPE,-1,0.5875328,0
audio/train_008354_SNIPS_snips_smart-lights_1838_far.wav,COLOR,Red,Change color to Red,75,9294d77a-9d94-4903-a978-af94ab79c0d9,Other Asian English,0,17,0,17,COLOR,0,0.8149776,1
audio/train_008361_SNIPS_snips_smart-lights_787_close.wav,COLOR,Red,Change color to Red,75,9294d77a-9d94-4903-a978-af94ab79c0d9,Other Asian English,0,17,0,19,OUT_OF_SCOPE,-1,0.8312502,0
audio/train_008366_SNIPS_snips_smart-lights_167_close.wav,COLOR,Red,Change color to Red,75,9294d77a-9d94-4903-a978-af94ab79c0d9,Other Asian English,0,17,0,17,COLOR,0,0.62797546,1
audio/train_008371_SNIPS_snips_smart-lights_2499_far.wav,COLOR,Red,Change color to Red,75,9294d77a-9d94-4903-a978-af94ab79c0d9,Other Asian English,0,17,0,17,COLOR,0,0.8239189,1
audio/train_008373_SNIPS_snips_smart-lights_828_close.wav,COLOR,Red,Change color to Red,75,9294d77a-9d94-4903-a978-af94ab79c0d9,Other Asian English,0,17,0,17,COLOR,0,0.5484255,1
audio/train_008386_group_synthetic_COLOR_RED_s67_v1_clean.wav,COLOR,Red,Change color to Red,75,s67,Synthetic,1,17,0,17,COLOR,0,0.9535022,1
audio/train_008388_group_synthetic_COLOR_RED_s18_v1_noisy.wav,COLOR,Red,Change color to Red,75,s18,Synthetic,1,17,0,17,COLOR,0,0.9424636,1
audio/train_008389_group_synthetic_COLOR_RED_s88_v1_clean.wav,COLOR,Red,Change color to Red,75,s88,Synthetic,1,17,0,17,COLOR,0,0.96900135,1
audio/train_008391_group_synthetic_COLOR_RED_s38_v1_clean.wav,COLOR,Red,Change color to Red,75,s38,Synthetic,1,17,0,17,COLOR,0,0.86524445,1
audio/train_008394_group_synthetic_COLOR_RED_s26_v1_clean.wav,COLOR,Red,Change color to Red,75,s26,Synthetic,1,17,0,17,COLOR,0,0.929158,1
audio/train_008405_group_synthetic_COLOR_RED_s72_v1_clean.wav,COLOR,Red,Change color to Red,75,s72,Synthetic,1,17,0,17,COLOR,0,0.9583521,1
audio/train_008408_group_synthetic_COLOR_RED_s30_v1_clean.wav,COLOR,Red,Change color to Red,75,s30,Synthetic,1,17,0,17,COLOR,0,0.9495983,1
audio/train_008412_group_synthetic_COLOR_RED_s74_v1_clean.wav,COLOR,Red,Change color to Red,75,s74,Synthetic,1,17,0,17,COLOR,0,0.9408105,1
audio/train_008415_group_synthetic_COLOR_RED_s82_v1_clean.wav,COLOR,Red,Change color to Red,75,s82,Synthetic,1,17,0,17,COLOR,0,0.9329243,1
audio/train_008436_real_voice_COLOR_V2_2_t1.wav,COLOR,Blue,Change color to Blue,76,202521746,Filipino (group),0,17,1,17,COLOR,1,0.9651217,1
audio/train_008437_real_voice_COLOR_V2_2_t2.wav,COLOR,Blue,Change color to Blue,76,202521746,Filipino (group),0,17,1,17,COLOR,1,0.962891,1
audio/train_008438_real_voice_COLOR_V2_2_t3.wav,COLOR,Blue,Change color to Blue,76,202521746,Filipino (group),0,17,1,17,COLOR,1,0.9615373,1
audio/train_008443_SLURP_slurp_train_2820_3359_train-00003-.wav,COLOR,Blue,Change color to Blue,76,FO-171,Other / non-native,0,17,1,17,COLOR,1,0.88855124,1
audio/train_008456_SLURP_slurp_train_2820_3363_train-00003-.wav,COLOR,Blue,Change color to Blue,76,FO-462,Other / non-native,0,17,1,17,COLOR,1,0.93238103,1
audio/train_008473_SLURP_slurp_train_2820_3362_train-00003-.wav,COLOR,Blue,Change color to Blue,76,FO-462,Other / non-native,0,17,1,17,COLOR,1,0.810486,1
audio/train_008483_SLURP_slurp_train_413_2293_train-00002-.wav,COLOR,Blue,Change color to Blue,76,ME-369,Native English,0,17,1,17,COLOR,1,0.93555695,1
audio/train_008485_SLURP_slurp_train_496_1070_train-00000-.wav,COLOR,Blue,Change color to Blue,76,FE-250,Native English,0,17,1,17,COLOR,1,0.9428417,1
audio/train_008499_group_synthetic_COLOR_BLUE_s82_v1_noisy.wav,COLOR,Blue,Change color to Blue,76,s82,Synthetic,1,17,1,17,COLOR,1,0.9507773,1
audio/train_008504_group_synthetic_COLOR_BLUE_s88_v1_noisy.wav,COLOR,Blue,Change color to Blue,76,s88,Synthetic,1,17,1,17,COLOR,1,0.7953025,1
audio/train_008512_group_synthetic_COLOR_BLUE_s26_v1_clean.wav,COLOR,Blue,Change color to Blue,76,s26,Synthetic,1,17,1,17,COLOR,1,0.94188935,1
audio/train_008527_group_synthetic_COLOR_BLUE_s74_v1_noisy.wav,COLOR,Blue,Change color to Blue,76,s74,Synthetic,1,17,1,17,COLOR,1,0.9513223,1
audio/train_008528_group_synthetic_COLOR_BLUE_s30_v1_clean.wav,COLOR,Blue,Change color to Blue,76,s30,Synthetic,1,17,1,17,COLOR,1,0.9553425,1
audio/train_008532_group_synthetic_COLOR_BLUE_s38_v1_clean.wav,COLOR,Blue,Change color to Blue,76,s38,Synthetic,1,17,1,17,COLOR,1,0.9454663,1
audio/train_008535_group_synthetic_COLOR_BLUE_s18_v1_clean.wav,COLOR,Blue,Change color to Blue,76,s18,Synthetic,1,17,1,17,COLOR,1,0.9588859,1
audio/train_008543_group_synthetic_COLOR_BLUE_s80_v1_noisy.wav,COLOR,Blue,Change color to Blue,76,s80,Synthetic,1,17,1,17,COLOR,1,0.95090985,1
audio/train_008545_group_synthetic_COLOR_BLUE_s72_v1_clean.wav,COLOR,Blue,Change color to Blue,76,s72,Synthetic,1,17,1,17,COLOR,1,0.9608178,1
audio/train_008547_real_voice_COLOR_V2_3_t1.wav,COLOR,Green,Change color to Green,77,202521746,Filipino (group),0,17,2,17,COLOR,2,0.9263461,1
audio/train_008548_real_voice_COLOR_V2_3_t2.wav,COLOR,Green,Change color to Green,77,202521746,Filipino (group),0,17,2,17,COLOR,2,0.9656482,1
audio/train_008549_real_voice_COLOR_V2_3_t3.wav,COLOR,Green,Change color to Green,77,202521746,Filipino (group),0,17,2,17,COLOR,2,0.9734665,1
audio/train_008556_SLURP_slurp_devel_4827_6103.wav,COLOR,Green,Change color to Green,77,FO-462,Other / non-native,0,17,2,17,COLOR,1,0.3044696,0
audio/train_008558_SNIPS_snips_smart-lights_1867_far.wav,COLOR,Green,Change color to Green,77,9294d77a-9d94-4903-a978-af94ab79c0d9,Other Asian English,0,17,2,17,COLOR,2,0.3170248,1
audio/train_008564_SNIPS_snips_smart-lights_196_close.wav,COLOR,Green,Change color to Green,77,9294d77a-9d94-4903-a978-af94ab79c0d9,Other Asian English,0,17,2,19,OUT_OF_SCOPE,-1,0.5674566,0
audio/train_008568_SNIPS_snips_smart-lights_2364_far.wav,COLOR,Green,Change color to Green,77,9294d77a-9d94-4903-a978-af94ab79c0d9,Other Asian English,0,17,2,19,OUT_OF_SCOPE,-1,0.73698217,0
audio/train_008570_SNIPS_snips_smart-lights_693_close.wav,COLOR,Green,Change color to Green,77,9294d77a-9d94-4903-a978-af94ab79c0d9,Other Asian English,0,17,2,19,OUT_OF_SCOPE,-1,0.5182267,0
audio/train_008580_SLURP_slurp_devel_4827_6104.wav,COLOR,Green,Change color to Green,77,FO-462,Other / non-native,0,17,2,19,OUT_OF_SCOPE,-1,0.204474,0
audio/train_008605_group_synthetic_COLOR_GREEN_s26_v1_clean.wav,COLOR,Green,Change color to Green,77,s26,Synthetic,1,17,2,17,COLOR,2,0.92768025,1
audio/train_008608_group_synthetic_COLOR_GREEN_s82_v1_noisy.wav,COLOR,Green,Change color to Green,77,s82,Synthetic,1,17,2,17,COLOR,2,0.9651813,1
audio/train_008621_group_synthetic_COLOR_GREEN_s88_v1_noisy.wav,COLOR,Green,Change color to Green,77,s88,Synthetic,1,17,2,17,COLOR,2,0.9105094,1
audio/train_008629_group_synthetic_COLOR_GREEN_s67_v1_clean.wav,COLOR,Green,Change color to Green,77,s67,Synthetic,1,17,2,17,COLOR,2,0.94697994,1
audio/train_008637_group_synthetic_COLOR_GREEN_s74_v1_noisy.wav,COLOR,Green,Change color to Green,77,s74,Synthetic,1,17,2,17,COLOR,2,0.9261157,1
audio/train_008640_group_synthetic_COLOR_GREEN_s38_v1_clean.wav,COLOR,Green,Change color to Green,77,s38,Synthetic,1,17,2,17,COLOR,2,0.925782,1
audio/train_008642_group_synthetic_COLOR_GREEN_s72_v1_clean.wav,COLOR,Green,Change color to Green,77,s72,Synthetic,1,17,2,17,COLOR,2,0.9309338,1
audio/train_008653_group_synthetic_COLOR_GREEN_s18_v1_clean.wav,COLOR,Green,Change color to Green,77,s18,Synthetic,1,17,2,17,COLOR,2,0.92289674,1
audio/train_008656_group_synthetic_COLOR_GREEN_s30_v1_noisy.wav,COLOR,Green,Change color to Green,77,s30,Synthetic,1,17,2,17,COLOR,2,0.92347556,1
audio/train_008688_group_synthetic_COLOR_RED_s18_v2_clean.wav,COLOR,Red,Switch color to Red,78,s18,Synthetic,1,17,0,17,COLOR,0,0.9566772,1
audio/train_008704_group_synthetic_COLOR_RED_s30_v2_noisy.wav,COLOR,Red,Switch color to Red,78,s30,Synthetic,1,17,0,17,COLOR,0,0.9486682,1
audio/train_008710_group_synthetic_COLOR_RED_s74_v2_noisy.wav,COLOR,Red,Switch color to Red,78,s74,Synthetic,1,17,0,17,COLOR,0,0.793626,1
audio/train_008713_group_synthetic_COLOR_RED_s38_v2_noisy.wav,COLOR,Red,Switch color to Red,78,s38,Synthetic,1,17,0,17,COLOR,0,0.8597867,1
audio/train_008714_group_synthetic_COLOR_RED_s82_v2_clean.wav,COLOR,Red,Switch color to Red,78,s82,Synthetic,1,17,0,17,COLOR,0,0.9141023,1
audio/train_008715_group_synthetic_COLOR_RED_s67_v2_noisy.wav,COLOR,Red,Switch color to Red,78,s67,Synthetic,1,17,0,17,COLOR,0,0.95746976,1
audio/train_008718_group_synthetic_COLOR_RED_s26_v2_noisy.wav,COLOR,Red,Switch color to Red,78,s26,Synthetic,1,17,0,17,COLOR,0,0.94305414,1
audio/train_008735_group_synthetic_COLOR_RED_s72_v2_clean.wav,COLOR,Red,Switch color to Red,78,s72,Synthetic,1,17,0,17,COLOR,0,0.9448022,1
audio/train_008737_group_synthetic_COLOR_RED_s80_v2_noisy.wav,COLOR,Red,Switch color to Red,78,s80,Synthetic,1,17,0,17,COLOR,0,0.8742632,1
audio/train_008740_group_synthetic_COLOR_RED_s88_v2_clean.wav,COLOR,Red,Switch color to Red,78,s88,Synthetic,1,17,0,17,COLOR,0,0.9185157,1
audio/train_008756_group_synthetic_COLOR_RED_s82_v2_noisy.wav,COLOR,Red,Switch color to Red,78,s82,Synthetic,1,17,0,17,COLOR,0,0.9095574,1
audio/train_008775_SLURP_slurp_train_4737_8349_train-00004-.wav,COLOR,Blue,Switch color to Blue,79,FE-249,Native English,0,17,1,17,COLOR,1,0.95186216,1
audio/train_008778_SLURP_slurp_train_4163_3873_train-00000-.wav,COLOR,Blue,Switch color to Blue,79,ME-352,Native English,0,17,1,17,COLOR,1,0.93516564,1
audio/train_008786_SLURP_slurp_train_4163_3872_train-00000-.wav,COLOR,Blue,Switch color to Blue,79,ME-352,Native English,0,17,1,17,COLOR,1,0.9297953,1
audio/train_008798_group_synthetic_COLOR_BLUE_s72_v2_noisy.wav,COLOR,Blue,Switch color to Blue,79,s72,Synthetic,1,17,1,17,COLOR,1,0.95302826,1
audio/train_008808_group_synthetic_COLOR_BLUE_s38_v2_clean.wav,COLOR,Blue,Switch color to Blue,79,s38,Synthetic,1,17,1,17,COLOR,1,0.9616099,1
audio/train_008811_group_synthetic_COLOR_BLUE_s67_v2_clean.wav,COLOR,Blue,Switch color to Blue,79,s67,Synthetic,1,17,1,17,COLOR,1,0.9568822,1
audio/train_008819_group_synthetic_COLOR_BLUE_s80_v2_noisy.wav,COLOR,Blue,Switch color to Blue,79,s80,Synthetic,1,17,1,17,COLOR,1,0.81805474,1
audio/train_008826_group_synthetic_COLOR_BLUE_s30_v2_clean.wav,COLOR,Blue,Switch color to Blue,79,s30,Synthetic,1,17,1,17,COLOR,1,0.96213025,1
audio/train_008831_group_synthetic_COLOR_BLUE_s18_v2_noisy.wav,COLOR,Blue,Switch color to Blue,79,s18,Synthetic,1,17,1,17,COLOR,1,0.95786387,1
audio/train_008832_group_synthetic_COLOR_BLUE_s74_v2_noisy.wav,COLOR,Blue,Switch color to Blue,79,s74,Synthetic,1,17,1,17,COLOR,1,0.94644755,1
audio/train_008842_group_synthetic_COLOR_BLUE_s88_v2_clean.wav,COLOR,Blue,Switch color to Blue,79,s88,Synthetic,1,17,1,17,COLOR,1,0.9409729,1
audio/train_008848_group_synthetic_COLOR_BLUE_s82_v2_noisy.wav,COLOR,Blue,Switch color to Blue,79,s82,Synthetic,1,17,1,17,COLOR,1,0.9530354,1
audio/train_008855_group_synthetic_COLOR_BLUE_s26_v2_noisy.wav,COLOR,Blue,Switch color to Blue,79,s26,Synthetic,1,17,1,17,COLOR,1,0.95003366,1
audio/train_008862_group_synthetic_COLOR_BLUE_s67_v2_noisy.wav,COLOR,Blue,Switch color to Blue,79,s67,Synthetic,1,17,1,17,COLOR,1,0.95432943,1
audio/train_008878_group_synthetic_COLOR_BLUE_s30_v2_noisy.wav,COLOR,Blue,Switch color to Blue,79,s30,Synthetic,1,17,1,17,COLOR,1,0.9592259,1
audio/train_008880_SNIPS_snips_smart-lights_894_close.wav,COLOR,Green,Switch color to Green,80,9294d77a-9d94-4903-a978-af94ab79c0d9,Other Asian English,0,17,2,17,COLOR,0,0.6151007,0
audio/train_008885_SNIPS_snips_smart-lights_2565_far.wav,COLOR,Green,Switch color to Green,80,9294d77a-9d94-4903-a978-af94ab79c0d9,Other Asian English,0,17,2,17,COLOR,0,0.806152,0
audio/train_008915_group_synthetic_COLOR_GREEN_s88_v2_noisy.wav,COLOR,Green,Switch color to Green,80,s88,Synthetic,1,17,2,17,COLOR,2,0.9386646,1
audio/train_008917_group_synthetic_COLOR_GREEN_s18_v2_clean.wav,COLOR,Green,Switch color to Green,80,s18,Synthetic,1,17,2,17,COLOR,2,0.93665266,1
audio/train_008918_group_synthetic_COLOR_GREEN_s67_v2_noisy.wav,COLOR,Green,Switch color to Green,80,s67,Synthetic,1,17,2,17,COLOR,2,0.9358205,1
audio/train_008921_group_synthetic_COLOR_GREEN_s80_v2_noisy.wav,COLOR,Green,Switch color to Green,80,s80,Synthetic,1,17,2,17,COLOR,2,0.8524442,1
audio/train_008924_group_synthetic_COLOR_GREEN_s26_v2_noisy.wav,COLOR,Green,Switch color to Green,80,s26,Synthetic,1,17,2,17,COLOR,2,0.93378365,1
audio/train_008925_group_synthetic_COLOR_GREEN_s82_v2_clean.wav,COLOR,Green,Switch color to Green,80,s82,Synthetic,1,17,2,17,COLOR,2,0.9503094,1
audio/train_008929_group_synthetic_COLOR_GREEN_s38_v2_noisy.wav,COLOR,Green,Switch color to Green,80,s38,Synthetic,1,17,2,17,COLOR,2,0.9206267,1
audio/train_008930_group_synthetic_COLOR_GREEN_s72_v2_clean.wav,COLOR,Green,Switch color to Green,80,s72,Synthetic,1,17,2,17,COLOR,2,0.95295054,1
audio/train_008968_group_synthetic_COLOR_GREEN_s30_v2_clean.wav,COLOR,Green,Switch color to Green,80,s30,Synthetic,1,17,2,17,COLOR,2,0.9309281,1
audio/train_008969_group_synthetic_COLOR_GREEN_s74_v2_clean.wav,COLOR,Green,Switch color to Green,80,s74,Synthetic,1,17,2,17,COLOR,2,0.9441304,1
audio/train_008981_group_synthetic_COLOR_GREEN_s80_v2_clean.wav,COLOR,Green,Switch color to Green,80,s80,Synthetic,1,17,2,17,COLOR,2,0.81741536,1
audio/train_008982_group_synthetic_COLOR_GREEN_s18_v2_noisy.wav,COLOR,Green,Switch color to Green,80,s18,Synthetic,1,17,2,17,COLOR,2,0.938295,1
audio/train_008987_group_synthetic_COLOR_GREEN_s72_v2_noisy.wav,COLOR,Green,Switch color to Green,80,s72,Synthetic,1,17,2,17,COLOR,2,0.95049083,1
audio/train_008989_group_synthetic_COLOR_GREEN_s82_v2_noisy.wav,COLOR,Green,Switch color to Green,80,s82,Synthetic,1,17,2,17,COLOR,2,0.96173614,1
audio/train_008991_real_voice_COLOR_V1_1_t1.wav,COLOR,Red,Set color to Red,81,202521746,Filipino (group),0,17,0,1,PAUSE,-1,0.83225596,0
audio/train_008992_real_voice_COLOR_V1_1_t2.wav,COLOR,Red,Set color to Red,81,202521746,Filipino (group),0,17,0,19,OUT_OF_SCOPE,-1,0.35501024,0
audio/train_008993_real_voice_COLOR_V1_1_t3.wav,COLOR,Red,Set color to Red,81,202521746,Filipino (group),0,17,0,17,COLOR,0,0.3988309,1
audio/train_008994_real_voice_COLOR_V3_1_t1.wav,COLOR,Red,Set color to Red,81,202521746,Filipino (group),0,17,0,17,COLOR,0,0.905628,1
audio/train_008995_real_voice_COLOR_V3_1_t2.wav,COLOR,Red,Set color to Red,81,202521746,Filipino (group),0,17,0,17,COLOR,0,0.94911635,1
audio/train_008996_real_voice_COLOR_V3_1_t3.wav,COLOR,Red,Set color to Red,81,202521746,Filipino (group),0,17,0,17,COLOR,0,0.96147525,1
audio/train_008999_SNIPS_snips_smart-lights_2832_far.wav,COLOR,Red,Set color to Red,81,9294d77a-9d94-4903-a978-af94ab79c0d9,Other Asian English,0,17,0,14,ALARM,1,0.30868116,0
audio/train_009009_SNIPS_snips_smart-lights_1161_close.wav,COLOR,Red,Set color to Red,81,9294d77a-9d94-4903-a978-af94ab79c0d9,Other Asian English,0,17,0,15,TEMPERATURE,0,0.20609543,0
audio/train_009028_SLURP_slurp_train_4028_5919_train-00003-.wav,COLOR,Red,Set color to Red,81,ME-369,Native English,0,17,0,17,COLOR,0,0.382057,1
audio/train_009045_SLURP_slurp_train_4028_5918_train-00003-.wav,COLOR,Red,Set color to Red,81,ME-369,Native English,0,17,0,17,COLOR,0,0.47789916,1
audio/train_009051_group_synthetic_COLOR_RED_s18_v3_noisy.wav,COLOR,Red,Set color to Red,81,s18,Synthetic,1,17,0,17,COLOR,0,0.9653898,1
audio/train_009055_group_synthetic_COLOR_RED_s30_v3_noisy.wav,COLOR,Red,Set color to Red,81,s30,Synthetic,1,17,0,17,COLOR,0,0.9240689,1
audio/train_009057_group_synthetic_COLOR_RED_s38_v3_noisy.wav,COLOR,Red,Set color to Red,81,s38,Synthetic,1,17,0,17,COLOR,0,0.88519937,1
audio/train_009069_group_synthetic_COLOR_RED_s80_v3_clean.wav,COLOR,Red,Set color to Red,81,s80,Synthetic,1,17,0,17,COLOR,0,0.9474128,1
audio/train_009072_group_synthetic_COLOR_RED_s67_v3_clean.wav,COLOR,Red,Set color to Red,81,s67,Synthetic,1,17,0,17,COLOR,0,0.9413047,1
audio/train_009083_group_synthetic_COLOR_RED_s88_v3_clean.wav,COLOR,Red,Set color to Red,81,s88,Synthetic,1,17,0,17,COLOR,0,0.9550815,1
audio/train_009091_group_synthetic_COLOR_RED_s72_v3_clean.wav,COLOR,Red,Set color to Red,81,s72,Synthetic,1,17,0,17,COLOR,0,0.95500594,1
audio/train_009098_group_synthetic_COLOR_RED_s74_v3_noisy.wav,COLOR,Red,Set color to Red,81,s74,Synthetic,1,17,0,17,COLOR,0,0.8924877,1
audio/train_009102_real_voice_COLOR_V1_2_t1.wav,COLOR,Blue,Set color to Blue,82,202521746,Filipino (group),0,17,1,1,PAUSE,-1,0.71465904,0
audio/train_009103_real_voice_COLOR_V1_2_t2.wav,COLOR,Blue,Set color to Blue,82,202521746,Filipino (group),0,17,1,17,COLOR,1,0.2851298,1
audio/train_009104_real_voice_COLOR_V1_2_t3.wav,COLOR,Blue,Set color to Blue,82,202521746,Filipino (group),0,17,1,1,PAUSE,-1,0.43059725,0
audio/train_009105_real_voice_COLOR_V3_2_t1.wav,COLOR,Blue,Set color to Blue,82,202521746,Filipino (group),0,17,1,17,COLOR,1,0.9445115,1
audio/train_009106_real_voice_COLOR_V3_2_t2.wav,COLOR,Blue,Set color to Blue,82,202521746,Filipino (group),0,17,1,17,COLOR,1,0.92165905,1
audio/train_009107_real_voice_COLOR_V3_2_t3.wav,COLOR,Blue,Set color to Blue,82,202521746,Filipino (group),0,17,1,17,COLOR,1,0.93567896,1
audio/train_009113_SLURP_slurp_devel_2120_7522.wav,COLOR,Blue,Set color to Blue,82,FO-462,Other / non-native,0,17,1,17,COLOR,1,0.69114596,1
audio/train_009120_SLURP_slurp_devel_2120_7523.wav,COLOR,Blue,Set color to Blue,82,ME-369,Native English,0,17,1,19,OUT_OF_SCOPE,-1,0.79308367,0
audio/train_009122_SLURP_slurp_test_263_1940.wav,COLOR,Blue,Set color to Blue,82,ME-138,Native English,0,17,1,17,COLOR,1,0.33280584,1
audio/train_009124_SLURP_slurp_train_1214_4382_train-00002-.wav,COLOR,Blue,Set color to Blue,82,FE-249,Native English,0,17,1,6,LIGHT_ON,-1,0.22549604,0
audio/train_009133_SLURP_slurp_train_2541_2221_train-00005-.wav,COLOR,Blue,Set color to Blue,82,FE-349,Native English,0,17,1,19,OUT_OF_SCOPE,-1,0.21479078,0
audio/train_009140_SLURP_slurp_test_263_1939.wav,COLOR,Blue,Set color to Blue,82,ME-138,Native English,0,17,1,17,COLOR,2,0.8243189,0
audio/train_009141_SLURP_slurp_devel_2120_7524.wav,COLOR,Blue,Set color to Blue,82,ME-369,Native English,0,17,1,17,COLOR,1,0.38200706,1
audio/train_009145_SLURP_slurp_train_2541_2222_train-00005-.wav,COLOR,Blue,Set color to Blue,82,FE-349,Native English,0,17,1,19,OUT_OF_SCOPE,-1,0.23066463,0
audio/train_009147_group_synthetic_COLOR_BLUE_s82_v3_noisy.wav,COLOR,Blue,Set color to Blue,82,s82,Synthetic,1,17,1,17,COLOR,1,0.94311035,1
audio/train_009148_group_synthetic_COLOR_BLUE_s72_v3_noisy.wav,COLOR,Blue,Set color to Blue,82,s72,Synthetic,1,17,1,17,COLOR,1,0.9548715,1
audio/train_009151_group_synthetic_COLOR_BLUE_s67_v3_noisy.wav,COLOR,Blue,Set color to Blue,82,s67,Synthetic,1,17,1,17,COLOR,1,0.93798256,1
audio/train_009153_group_synthetic_COLOR_BLUE_s88_v3_noisy.wav,COLOR,Blue,Set color to Blue,82,s88,Synthetic,1,17,1,17,COLOR,1,0.9213977,1
audio/train_009158_group_synthetic_COLOR_BLUE_s74_v3_clean.wav,COLOR,Blue,Set color to Blue,82,s74,Synthetic,1,17,1,17,COLOR,1,0.9764599,1
audio/train_009168_group_synthetic_COLOR_BLUE_s18_v3_clean.wav,COLOR,Blue,Set color to Blue,82,s18,Synthetic,1,17,1,17,COLOR,1,0.9604806,1
audio/train_009179_group_synthetic_COLOR_BLUE_s30_v3_noisy.wav,COLOR,Blue,Set color to Blue,82,s30,Synthetic,1,17,1,17,COLOR,1,0.95007473,1
audio/train_009184_group_synthetic_COLOR_BLUE_s38_v3_noisy.wav,COLOR,Blue,Set color to Blue,82,s38,Synthetic,1,17,1,17,COLOR,1,0.9513712,1
audio/train_009194_group_synthetic_COLOR_BLUE_s26_v3_clean.wav,COLOR,Blue,Set color to Blue,82,s26,Synthetic,1,17,1,17,COLOR,1,0.94675946,1
audio/train_009212_group_synthetic_COLOR_BLUE_s80_v3_noisy.wav,COLOR,Blue,Set color to Blue,82,s80,Synthetic,1,17,1,17,COLOR,1,0.94097555,1
audio/train_009213_real_voice_COLOR_V1_3_t1.wav,COLOR,Green,Set color to Green,83,202521746,Filipino (group),0,17,2,9,TIME,-1,0.56737393,0
audio/train_009214_real_voice_COLOR_V1_3_t2.wav,COLOR,Green,Set color to Green,83,202521746,Filipino (group),0,17,2,9,TIME,-1,0.4331272,0
audio/train_009215_real_voice_COLOR_V1_3_t3.wav,COLOR,Green,Set color to Green,83,202521746,Filipino (group),0,17,2,9,TIME,-1,0.35032386,0
audio/train_009216_real_voice_COLOR_V3_3_t1.wav,COLOR,Green,Set color to Green,83,202521746,Filipino (group),0,17,2,17,COLOR,2,0.9285994,1
audio/train_009217_real_voice_COLOR_V3_3_t2.wav,COLOR,Green,Set color to Green,83,202521746,Filipino (group),0,17,2,17,COLOR,2,0.92417663,1
audio/train_009218_real_voice_COLOR_V3_3_t3.wav,COLOR,Green,Set color to Green,83,202521746,Filipino (group),0,17,2,17,COLOR,2,0.89997816,1
audio/train_009222_SNIPS_snips_smart-lights_2538_far.wav,COLOR,Green,Set color to Green,83,9294d77a-9d94-4903-a978-af94ab79c0d9,Other Asian English,0,17,2,17,COLOR,2,0.80118316,1
audio/train_009225_SNIPS_snips_smart-lights_867_close.wav,COLOR,Green,Set color to Green,83,9294d77a-9d94-4903-a978-af94ab79c0d9,Other Asian English,0,17,2,17,COLOR,2,0.91278607,1
audio/train_009240_group_synthetic_COLOR_GREEN_s26_v3_clean.wav,COLOR,Green,Set color to Green,83,s26,Synthetic,1,17,2,17,COLOR,2,0.9052896,1
audio/train_009247_group_synthetic_COLOR_GREEN_s38_v3_noisy.wav,COLOR,Green,Set color to Green,83,s38,Synthetic,1,17,2,17,COLOR,2,0.9399407,1
audio/train_009248_group_synthetic_COLOR_GREEN_s67_v3_noisy.wav,COLOR,Green,Set color to Green,83,s67,Synthetic,1,17,2,17,COLOR,2,0.9256199,1
audio/train_009253_group_synthetic_COLOR_GREEN_s80_v3_clean.wav,COLOR,Green,Set color to Green,83,s80,Synthetic,1,17,2,17,COLOR,2,0.929202,1
audio/train_009257_group_synthetic_COLOR_GREEN_s82_v3_clean.wav,COLOR,Green,Set color to Green,83,s82,Synthetic,1,17,2,17,COLOR,2,0.93906474,1
audio/train_009260_group_synthetic_COLOR_GREEN_s72_v3_clean.wav,COLOR,Green,Set color to Green,83,s72,Synthetic,1,17,2,17,COLOR,2,0.5801724,1
audio/train_009267_group_synthetic_COLOR_GREEN_s30_v3_noisy.wav,COLOR,Green,Set color to Green,83,s30,Synthetic,1,17,2,17,COLOR,2,0.91448057,1
audio/train_009288_group_synthetic_COLOR_GREEN_s18_v3_noisy.wav,COLOR,Green,Set color to Green,83,s18,Synthetic,1,17,2,17,COLOR,2,0.9396963,1
audio/train_009306_group_synthetic_COLOR_GREEN_s88_v3_clean.wav,COLOR,Green,Set color to Green,83,s88,Synthetic,1,17,2,17,COLOR,2,0.9477202,1
audio/train_009310_group_synthetic_COLOR_GREEN_s38_v3_clean.wav,COLOR,Green,Set color to Green,83,s38,Synthetic,1,17,2,17,COLOR,2,0.93439525,1
audio/train_009311_group_synthetic_COLOR_GREEN_s67_v3_clean.wav,COLOR,Green,Set color to Green,83,s67,Synthetic,1,17,2,17,COLOR,2,0.94233227,1
audio/train_009314_group_synthetic_COLOR_GREEN_s80_v3_noisy.wav,COLOR,Green,Set color to Green,83,s80,Synthetic,1,17,2,17,COLOR,2,0.89612275,1
audio/train_009322_group_synthetic_COLOR_GREEN_s26_v3_noisy.wav,COLOR,Green,Set color to Green,83,s26,Synthetic,1,17,2,17,COLOR,2,0.9213142,1
audio/train_009323_group_synthetic_COLOR_GREEN_s30_v3_clean.wav,COLOR,Green,Set color to Green,83,s30,Synthetic,1,17,2,17,COLOR,2,0.9005676,1
audio/train_009332_group_synthetic_CREATE_REMINDER_DRINK_WATER_s30_v1_noisy.wav,CREATE_REMINDER,Drink water,Reminder Drink water,84,s30,Synthetic,1,18,0,18,CREATE_REMINDER,0,0.9382439,1
audio/train_009337_group_synthetic_CREATE_REMINDER_DRINK_WATER_s26_v1_clean.wav,CREATE_REMINDER,Drink water,Reminder Drink water,84,s26,Synthetic,1,18,0,18,CREATE_REMINDER,0,0.95605844,1
audio/train_009339_group_synthetic_CREATE_REMINDER_DRINK_WATER_s80_v1_clean.wav,CREATE_REMINDER,Drink water,Reminder Drink water,84,s80,Synthetic,1,18,0,18,CREATE_REMINDER,0,0.69996965,1
audio/train_009346_group_synthetic_CREATE_REMINDER_DRINK_WATER_s67_v1_clean.wav,CREATE_REMINDER,Drink water,Reminder Drink water,84,s67,Synthetic,1,18,0,18,CREATE_REMINDER,0,0.8971108,1
audio/train_009361_group_synthetic_CREATE_REMINDER_DRINK_WATER_s74_v1_noisy.wav,CREATE_REMINDER,Drink water,Reminder Drink water,84,s74,Synthetic,1,18,0,18,CREATE_REMINDER,0,0.94916457,1
audio/train_009370_group_synthetic_CREATE_REMINDER_DRINK_WATER_s88_v1_noisy.wav,CREATE_REMINDER,Drink water,Reminder Drink water,84,s88,Synthetic,1,18,0,18,CREATE_REMINDER,0,0.9612071,1
audio/train_009371_group_synthetic_CREATE_REMINDER_DRINK_WATER_s18_v1_clean.wav,CREATE_REMINDER,Drink water,Reminder Drink water,84,s18,Synthetic,1,18,0,18,CREATE_REMINDER,0,0.937125,1
audio/train_009381_group_synthetic_CREATE_REMINDER_DRINK_WATER_s38_v1_clean.wav,CREATE_REMINDER,Drink water,Reminder Drink water,84,s38,Synthetic,1,18,0,18,CREATE_REMINDER,0,0.96123517,1
audio/train_009382_group_synthetic_CREATE_REMINDER_DRINK_WATER_s72_v1_clean.wav,CREATE_REMINDER,Drink water,Reminder Drink water,84,s72,Synthetic,1,18,0,18,CREATE_REMINDER,0,0.8340291,1
audio/train_009388_group_synthetic_CREATE_REMINDER_DRINK_WATER_s82_v1_noisy.wav,CREATE_REMINDER,Drink water,Reminder Drink water,84,s82,Synthetic,1,18,0,18,CREATE_REMINDER,0,0.93885356,1
audio/train_009394_group_synthetic_CREATE_REMINDER_DRINK_WATER_s80_v1_noisy.wav,CREATE_REMINDER,Drink water,Reminder Drink water,84,s80,Synthetic,1,18,0,18,CREATE_REMINDER,0,0.85881275,1
audio/train_009399_group_synthetic_CREATE_REMINDER_DRINK_WATER_s30_v1_clean.wav,CREATE_REMINDER,Drink water,Reminder Drink water,84,s30,Synthetic,1,18,0,18,CREATE_REMINDER,0,0.95010746,1
audio/train_009412_group_synthetic_CREATE_REMINDER_DRINK_WATER_s72_v1_noisy.wav,CREATE_REMINDER,Drink water,Reminder Drink water,84,s72,Synthetic,1,18,0,18,CREATE_REMINDER,0,0.87192154,1
audio/train_009418_group_synthetic_CREATE_REMINDER_DRINK_WATER_s18_v1_noisy.wav,CREATE_REMINDER,Drink water,Reminder Drink water,84,s18,Synthetic,1,18,0,18,CREATE_REMINDER,0,0.93145525,1
audio/train_009423_group_synthetic_CREATE_REMINDER_DRINK_WATER_s38_v1_noisy.wav,CREATE_REMINDER,Drink water,Reminder Drink water,84,s38,Synthetic,1,18,0,18,CREATE_REMINDER,0,0.9473302,1
audio/train_009433_group_synthetic_CREATE_REMINDER_DRINK_WATER_s74_v1_clean.wav,CREATE_REMINDER,Drink water,Reminder Drink water,84,s74,Synthetic,1,18,0,18,CREATE_REMINDER,0,0.9440304,1
audio/train_009435_group_synthetic_CREATE_REMINDER_STUDY_s26_v1_noisy.wav,CREATE_REMINDER,Study,Reminder Study,85,s26,Synthetic,1,18,1,18,CREATE_REMINDER,1,0.93433434,1
audio/train_009449_group_synthetic_CREATE_REMINDER_STUDY_s88_v1_noisy.wav,CREATE_REMINDER,Study,Reminder Study,85,s88,Synthetic,1,18,1,18,CREATE_REMINDER,1,0.87728536,1
audio/train_009452_group_synthetic_CREATE_REMINDER_STUDY_s30_v1_clean.wav,CREATE_REMINDER,Study,Reminder Study,85,s30,Synthetic,1,18,1,18,CREATE_REMINDER,1,0.89814115,1
audio/train_009456_group_synthetic_CREATE_REMINDER_STUDY_s74_v1_noisy.wav,CREATE_REMINDER,Study,Reminder Study,85,s74,Synthetic,1,18,1,18,CREATE_REMINDER,1,0.9105441,1
audio/train_009469_group_synthetic_CREATE_REMINDER_STUDY_s67_v1_noisy.wav,CREATE_REMINDER,Study,Reminder Study,85,s67,Synthetic,1,18,1,18,CREATE_REMINDER,1,0.9179825,1
audio/train_009470_group_synthetic_CREATE_REMINDER_STUDY_s38_v1_clean.wav,CREATE_REMINDER,Study,Reminder Study,85,s38,Synthetic,1,18,1,18,CREATE_REMINDER,1,0.9256064,1
audio/train_009472_group_synthetic_CREATE_REMINDER_STUDY_s72_v1_noisy.wav,CREATE_REMINDER,Study,Reminder Study,85,s72,Synthetic,1,18,1,18,CREATE_REMINDER,1,0.90805674,1
audio/train_009489_group_synthetic_CREATE_REMINDER_STUDY_s18_v1_noisy.wav,CREATE_REMINDER,Study,Reminder Study,85,s18,Synthetic,1,18,1,18,CREATE_REMINDER,1,0.9208148,1
audio/train_009491_group_synthetic_CREATE_REMINDER_STUDY_s82_v1_noisy.wav,CREATE_REMINDER,Study,Reminder Study,85,s82,Synthetic,1,18,1,18,CREATE_REMINDER,1,0.87362635,1
audio/train_009509_group_synthetic_CREATE_REMINDER_STUDY_s26_v1_clean.wav,CREATE_REMINDER,Study,Reminder Study,85,s26,Synthetic,1,18,1,18,CREATE_REMINDER,1,0.9346199,1
audio/train_009513_group_synthetic_CREATE_REMINDER_STUDY_s74_v1_clean.wav,CREATE_REMINDER,Study,Reminder Study,85,s74,Synthetic,1,18,1,18,CREATE_REMINDER,1,0.9157713,1
audio/train_009520_group_synthetic_CREATE_REMINDER_STUDY_s72_v1_clean.wav,CREATE_REMINDER,Study,Reminder Study,85,s72,Synthetic,1,18,1,18,CREATE_REMINDER,1,0.90646505,1
audio/train_009523_group_synthetic_CREATE_REMINDER_STUDY_s30_v1_noisy.wav,CREATE_REMINDER,Study,Reminder Study,85,s30,Synthetic,1,18,1,18,CREATE_REMINDER,1,0.88559395,1
audio/train_009526_group_synthetic_CREATE_REMINDER_STUDY_s88_v1_clean.wav,CREATE_REMINDER,Study,Reminder Study,85,s88,Synthetic,1,18,1,18,CREATE_REMINDER,1,0.88623136,1
audio/train_009527_group_synthetic_CREATE_REMINDER_STUDY_s18_v1_clean.wav,CREATE_REMINDER,Study,Reminder Study,85,s18,Synthetic,1,18,1,18,CREATE_REMINDER,1,0.91990125,1
audio/train_009531_group_synthetic_CREATE_REMINDER_STUDY_s67_v1_clean.wav,CREATE_REMINDER,Study,Reminder Study,85,s67,Synthetic,1,18,1,18,CREATE_REMINDER,1,0.9101498,1
audio/train_009546_group_synthetic_CREATE_REMINDER_EXERCISE_s30_v1_clean.wav,CREATE_REMINDER,Exercise,Reminder Exercise,86,s30,Synthetic,1,18,2,18,CREATE_REMINDER,2,0.9450535,1
audio/train_009549_group_synthetic_CREATE_REMINDER_EXERCISE_s18_v1_clean.wav,CREATE_REMINDER,Exercise,Reminder Exercise,86,s18,Synthetic,1,18,2,18,CREATE_REMINDER,2,0.9389716,1
audio/train_009550_group_synthetic_CREATE_REMINDER_EXERCISE_s38_v1_noisy.wav,CREATE_REMINDER,Exercise,Reminder Exercise,86,s38,Synthetic,1,18,2,18,CREATE_REMINDER,2,0.9471611,1
audio/train_009552_group_synthetic_CREATE_REMINDER_EXERCISE_s67_v1_clean.wav,CREATE_REMINDER,Exercise,Reminder Exercise,86,s67,Synthetic,1,18,2,18,CREATE_REMINDER,2,0.91510165,1
audio/train_009577_group_synthetic_CREATE_REMINDER_EXERCISE_s82_v1_noisy.wav,CREATE_REMINDER,Exercise,Reminder Exercise,86,s82,Synthetic,1,18,2,18,CREATE_REMINDER,2,0.89745104,1
audio/train_009579_group_synthetic_CREATE_REMINDER_EXERCISE_s80_v1_noisy.wav,CREATE_REMINDER,Exercise,Reminder Exercise,86,s80,Synthetic,1,18,2,18,CREATE_REMINDER,2,0.93802434,1
audio/train_009592_group_synthetic_CREATE_REMINDER_EXERCISE_s72_v1_noisy.wav,CREATE_REMINDER,Exercise,Reminder Exercise,86,s72,Synthetic,1,18,2,18,CREATE_REMINDER,2,0.9614092,1
audio/train_009603_group_synthetic_CREATE_REMINDER_EXERCISE_s88_v1_noisy.wav,CREATE_REMINDER,Exercise,Reminder Exercise,86,s88,Synthetic,1,18,2,18,CREATE_REMINDER,2,0.9171454,1
audio/train_009608_group_synthetic_CREATE_REMINDER_EXERCISE_s26_v1_clean.wav,CREATE_REMINDER,Exercise,Reminder Exercise,86,s26,Synthetic,1,18,2,18,CREATE_REMINDER,2,0.95661485,1
audio/train_009612_group_synthetic_CREATE_REMINDER_EXERCISE_s18_v1_noisy.wav,CREATE_REMINDER,Exercise,Reminder Exercise,86,s18,Synthetic,1,18,2,18,CREATE_REMINDER,2,0.93460125,1
audio/train_009615_group_synthetic_CREATE_REMINDER_EXERCISE_s30_v1_noisy.wav,CREATE_REMINDER,Exercise,Reminder Exercise,86,s30,Synthetic,1,18,2,18,CREATE_REMINDER,2,0.920131,1
audio/train_009621_group_synthetic_CREATE_REMINDER_EXERCISE_s80_v1_clean.wav,CREATE_REMINDER,Exercise,Reminder Exercise,86,s80,Synthetic,1,18,2,18,CREATE_REMINDER,2,0.9526755,1
audio/train_009623_group_synthetic_CREATE_REMINDER_EXERCISE_s38_v1_clean.wav,CREATE_REMINDER,Exercise,Reminder Exercise,86,s38,Synthetic,1,18,2,18,CREATE_REMINDER,2,0.95704496,1
audio/train_009635_group_synthetic_CREATE_REMINDER_EXERCISE_s67_v1_noisy.wav,CREATE_REMINDER,Exercise,Reminder Exercise,86,s67,Synthetic,1,18,2,18,CREATE_REMINDER,2,0.907925,1
audio/train_009655_group_synthetic_CREATE_REMINDER_EXERCISE_s26_v1_noisy.wav,CREATE_REMINDER,Exercise,Reminder Exercise,86,s26,Synthetic,1,18,2,18,CREATE_REMINDER,2,0.9506231,1
audio/train_009659_group_synthetic_CREATE_REMINDER_DRINK_WATER_s80_v2_clean.wav,CREATE_REMINDER,Drink water,Remind me to Drink water,87,s80,Synthetic,1,18,0,18,CREATE_REMINDER,0,0.948433,1
audio/train_009660_group_synthetic_CREATE_REMINDER_DRINK_WATER_s88_v2_noisy.wav,CREATE_REMINDER,Drink water,Remind me to Drink water,87,s88,Synthetic,1,18,0,18,CREATE_REMINDER,0,0.95803905,1
audio/train_009663_group_synthetic_CREATE_REMINDER_DRINK_WATER_s18_v2_clean.wav,CREATE_REMINDER,Drink water,Remind me to Drink water,87,s18,Synthetic,1,18,0,18,CREATE_REMINDER,0,0.9481157,1
audio/train_009688_group_synthetic_CREATE_REMINDER_DRINK_WATER_s26_v2_clean.wav,CREATE_REMINDER,Drink water,Remind me to Drink water,87,s26,Synthetic,1,18,0,18,CREATE_REMINDER,0,0.95700157,1
audio/train_009690_group_synthetic_CREATE_REMINDER_DRINK_WATER_s82_v2_clean.wav,CREATE_REMINDER,Drink water,Remind me to Drink water,87,s82,Synthetic,1,18,0,18,CREATE_REMINDER,0,0.90116715,1
audio/train_009699_group_synthetic_CREATE_REMINDER_DRINK_WATER_s38_v2_clean.wav,CREATE_REMINDER,Drink water,Remind me to Drink water,87,s38,Synthetic,1,18,0,18,CREATE_REMINDER,0,0.96187156,1
audio/train_009702_group_synthetic_CREATE_REMINDER_DRINK_WATER_s74_v2_clean.wav,CREATE_REMINDER,Drink water,Remind me to Drink water,87,s74,Synthetic,1,18,0,18,CREATE_REMINDER,0,0.95013267,1
audio/train_009705_group_synthetic_CREATE_REMINDER_DRINK_WATER_s30_v2_noisy.wav,CREATE_REMINDER,Drink water,Remind me to Drink water,87,s30,Synthetic,1,18,0,18,CREATE_REMINDER,0,0.8895725,1
audio/train_009712_group_synthetic_CREATE_REMINDER_DRINK_WATER_s67_v2_noisy.wav,CREATE_REMINDER,Drink water,Remind me to Drink water,87,s67,Synthetic,1,18,0,18,CREATE_REMINDER,0,0.89713204,1
audio/train_009720_group_synthetic_CREATE_REMINDER_DRINK_WATER_s72_v2_noisy.wav,CREATE_REMINDER,Drink water,Remind me to Drink water,87,s72,Synthetic,1,18,0,18,CREATE_REMINDER,0,0.95501953,1
audio/train_009737_group_synthetic_CREATE_REMINDER_DRINK_WATER_s80_v2_noisy.wav,CREATE_REMINDER,Drink water,Remind me to Drink water,87,s80,Synthetic,1,18,0,18,CREATE_REMINDER,0,0.89413124,1
audio/train_009747_group_synthetic_CREATE_REMINDER_DRINK_WATER_s67_v2_clean.wav,CREATE_REMINDER,Drink water,Remind me to Drink water,87,s67,Synthetic,1,18,0,18,CREATE_REMINDER,0,0.9353286,1
audio/train_009751_group_synthetic_CREATE_REMINDER_DRINK_WATER_s18_v2_noisy.wav,CREATE_REMINDER,Drink water,Remind me to Drink water,87,s18,Synthetic,1,18,0,18,CREATE_REMINDER,0,0.9492593,1
audio/train_009753_group_synthetic_CREATE_REMINDER_DRINK_WATER_s26_v2_noisy.wav,CREATE_REMINDER,Drink water,Remind me to Drink water,87,s26,Synthetic,1,18,0,18,CREATE_REMINDER,0,0.94724625,1
audio/train_009754_group_synthetic_CREATE_REMINDER_DRINK_WATER_s38_v2_noisy.wav,CREATE_REMINDER,Drink water,Remind me to Drink water,87,s38,Synthetic,1,18,0,18,CREATE_REMINDER,0,0.9264749,1
audio/train_009759_group_synthetic_CREATE_REMINDER_DRINK_WATER_s74_v2_noisy.wav,CREATE_REMINDER,Drink water,Remind me to Drink water,87,s74,Synthetic,1,18,0,18,CREATE_REMINDER,0,0.94499606,1
audio/train_009763_group_synthetic_CREATE_REMINDER_DRINK_WATER_s82_v2_noisy.wav,CREATE_REMINDER,Drink water,Remind me to Drink water,87,s82,Synthetic,1,18,0,18,CREATE_REMINDER,0,0.9221386,1
audio/train_009784_group_synthetic_CREATE_REMINDER_STUDY_s74_v2_clean.wav,CREATE_REMINDER,Study,Remind me to Study,88,s74,Synthetic,1,18,1,18,CREATE_REMINDER,1,0.96856415,1
audio/train_009787_group_synthetic_CREATE_REMINDER_STUDY_s88_v2_clean.wav,CREATE_REMINDER,Study,Remind me to Study,88,s88,Synthetic,1,18,1,18,CREATE_REMINDER,1,0.7957952,1
audio/train_009789_group_synthetic_CREATE_REMINDER_STUDY_s67_v2_clean.wav,CREATE_REMINDER,Study,Remind me to Study,88,s67,Synthetic,1,18,1,18,CREATE_REMINDER,1,0.96326417,1
audio/train_009804_group_synthetic_CREATE_REMINDER_STUDY_s82_v2_noisy.wav,CREATE_REMINDER,Study,Remind me to Study,88,s82,Synthetic,1,18,1,18,CREATE_REMINDER,1,0.8480503,1
audio/train_009817_group_synthetic_CREATE_REMINDER_STUDY_s26_v2_noisy.wav,CREATE_REMINDER,Study,Remind me to Study,88,s26,Synthetic,1,18,1,18,CREATE_REMINDER,1,0.9351609,1
audio/train_009820_group_synthetic_CREATE_REMINDER_STUDY_s72_v2_clean.wav,CREATE_REMINDER,Study,Remind me to Study,88,s72,Synthetic,1,18,1,18,CREATE_REMINDER,1,0.96625495,1
audio/train_009828_group_synthetic_CREATE_REMINDER_STUDY_s18_v2_noisy.wav,CREATE_REMINDER,Study,Remind me to Study,88,s18,Synthetic,1,18,1,18,CREATE_REMINDER,1,0.93281734,1
audio/train_009831_group_synthetic_CREATE_REMINDER_STUDY_s80_v2_noisy.wav,CREATE_REMINDER,Study,Remind me to Study,88,s80,Synthetic,1,18,1,18,CREATE_REMINDER,1,0.93558747,1
audio/train_009834_group_synthetic_CREATE_REMINDER_STUDY_s30_v2_clean.wav,CREATE_REMINDER,Study,Remind me to Study,88,s30,Synthetic,1,18,1,18,CREATE_REMINDER,1,0.92001927,1
audio/train_009844_group_synthetic_CREATE_REMINDER_STUDY_s38_v2_clean.wav,CREATE_REMINDER,Study,Remind me to Study,88,s38,Synthetic,1,18,1,18,CREATE_REMINDER,1,0.9500091,1
audio/train_009857_group_synthetic_CREATE_REMINDER_STUDY_s67_v2_noisy.wav,CREATE_REMINDER,Study,Remind me to Study,88,s67,Synthetic,1,18,1,18,CREATE_REMINDER,1,0.9586606,1
audio/train_009863_group_synthetic_CREATE_REMINDER_STUDY_s26_v2_clean.wav,CREATE_REMINDER,Study,Remind me to Study,88,s26,Synthetic,1,18,1,18,CREATE_REMINDER,1,0.95074517,1
audio/train_009868_group_synthetic_CREATE_REMINDER_STUDY_s82_v2_clean.wav,CREATE_REMINDER,Study,Remind me to Study,88,s82,Synthetic,1,18,1,18,CREATE_REMINDER,1,0.8899517,1
audio/train_009875_group_synthetic_CREATE_REMINDER_STUDY_s80_v2_clean.wav,CREATE_REMINDER,Study,Remind me to Study,88,s80,Synthetic,1,18,1,18,CREATE_REMINDER,1,0.94167876,1
audio/train_009887_group_synthetic_CREATE_REMINDER_EXERCISE_s67_v2_noisy.wav,CREATE_REMINDER,Exercise,Remind me to Exercise,89,s67,Synthetic,1,18,2,18,CREATE_REMINDER,2,0.8477186,1
audio/train_009889_group_synthetic_CREATE_REMINDER_EXERCISE_s18_v2_noisy.wav,CREATE_REMINDER,Exercise,Remind me to Exercise,89,s18,Synthetic,1,18,2,18,CREATE_REMINDER,2,0.95120484,1
audio/train_009891_group_synthetic_CREATE_REMINDER_EXERCISE_s74_v2_noisy.wav,CREATE_REMINDER,Exercise,Remind me to Exercise,89,s74,Synthetic,1,18,2,18,CREATE_REMINDER,2,0.96162415,1
audio/train_009896_group_synthetic_CREATE_REMINDER_EXERCISE_s26_v2_noisy.wav,CREATE_REMINDER,Exercise,Remind me to Exercise,89,s26,Synthetic,1,18,2,18,CREATE_REMINDER,2,0.9511659,1
audio/train_009901_group_synthetic_CREATE_REMINDER_EXERCISE_s72_v2_clean.wav,CREATE_REMINDER,Exercise,Remind me to Exercise,89,s72,Synthetic,1,18,2,18,CREATE_REMINDER,2,0.9227683,1
audio/train_009911_group_synthetic_CREATE_REMINDER_EXERCISE_s30_v2_noisy.wav,CREATE_REMINDER,Exercise,Remind me to Exercise,89,s30,Synthetic,1,18,2,18,CREATE_REMINDER,2,0.94649327,1
audio/train_009914_group_synthetic_CREATE_REMINDER_EXERCISE_s88_v2_clean.wav,CREATE_REMINDER,Exercise,Remind me to Exercise,89,s88,Synthetic,1,18,2,18,CREATE_REMINDER,2,0.90486735,1
audio/train_009922_group_synthetic_CREATE_REMINDER_EXERCISE_s38_v2_noisy.wav,CREATE_REMINDER,Exercise,Remind me to Exercise,89,s38,Synthetic,1,18,2,18,CREATE_REMINDER,2,0.9468057,1
audio/train_009924_group_synthetic_CREATE_REMINDER_EXERCISE_s82_v2_clean.wav,CREATE_REMINDER,Exercise,Remind me to Exercise,89,s82,Synthetic,1,18,2,18,CREATE_REMINDER,2,0.75564295,1
audio/train_009946_group_synthetic_CREATE_REMINDER_EXERCISE_s80_v2_clean.wav,CREATE_REMINDER,Exercise,Remind me to Exercise,89,s80,Synthetic,1,18,2,18,CREATE_REMINDER,2,0.91692823,1
audio/train_009948_group_synthetic_CREATE_REMINDER_EXERCISE_s74_v2_clean.wav,CREATE_REMINDER,Exercise,Remind me to Exercise,89,s74,Synthetic,1,18,2,18,CREATE_REMINDER,2,0.9641494,1
audio/train_009958_group_synthetic_CREATE_REMINDER_EXERCISE_s88_v2_noisy.wav,CREATE_REMINDER,Exercise,Remind me to Exercise,89,s88,Synthetic,1,18,2,18,CREATE_REMINDER,2,0.9107943,1
audio/train_009959_group_synthetic_CREATE_REMINDER_EXERCISE_s67_v2_clean.wav,CREATE_REMINDER,Exercise,Remind me to Exercise,89,s67,Synthetic,1,18,2,18,CREATE_REMINDER,2,0.8793657,1
audio/train_009965_group_synthetic_CREATE_REMINDER_EXERCISE_s82_v2_noisy.wav,CREATE_REMINDER,Exercise,Remind me to Exercise,89,s82,Synthetic,1,18,2,18,CREATE_REMINDER,2,0.6742593,1
audio/train_009980_group_synthetic_CREATE_REMINDER_EXERCISE_s30_v2_clean.wav,CREATE_REMINDER,Exercise,Remind me to Exercise,89,s30,Synthetic,1,18,2,18,CREATE_REMINDER,2,0.95318377,1
audio/train_009987_group_synthetic_CREATE_REMINDER_EXERCISE_s26_v2_clean.wav,CREATE_REMINDER,Exercise,Remind me to Exercise,89,s26,Synthetic,1,18,2,18,CREATE_REMINDER,2,0.9538578,1
audio/train_009998_group_synthetic_CREATE_REMINDER_DRINK_WATER_s80_v3_clean.wav,CREATE_REMINDER,Drink water,Create a reminder to Drink water,90,s80,Synthetic,1,18,0,18,CREATE_REMINDER,0,0.78672457,1
audio/train_010000_group_synthetic_CREATE_REMINDER_DRINK_WATER_s72_v3_noisy.wav,CREATE_REMINDER,Drink water,Create a reminder to Drink water,90,s72,Synthetic,1,18,0,18,CREATE_REMINDER,0,0.8785005,1
audio/train_010003_group_synthetic_CREATE_REMINDER_DRINK_WATER_s26_v3_clean.wav,CREATE_REMINDER,Drink water,Create a reminder to Drink water,90,s26,Synthetic,1,18,0,18,CREATE_REMINDER,0,0.9452185,1
audio/train_010013_group_synthetic_CREATE_REMINDER_DRINK_WATER_s88_v3_noisy.wav,CREATE_REMINDER,Drink water,Create a reminder to Drink water,90,s88,Synthetic,1,18,0,18,CREATE_REMINDER,0,0.96922785,1
audio/train_010018_group_synthetic_CREATE_REMINDER_DRINK_WATER_s82_v3_noisy.wav,CREATE_REMINDER,Drink water,Create a reminder to Drink water,90,s82,Synthetic,1,18,0,18,CREATE_REMINDER,0,0.92263037,1
audio/train_010020_group_synthetic_CREATE_REMINDER_DRINK_WATER_s74_v3_clean.wav,CREATE_REMINDER,Drink water,Create a reminder to Drink water,90,s74,Synthetic,1,18,0,18,CREATE_REMINDER,0,0.8769442,1
audio/train_010033_group_synthetic_CREATE_REMINDER_DRINK_WATER_s30_v3_clean.wav,CREATE_REMINDER,Drink water,Create a reminder to Drink water,90,s30,Synthetic,1,18,0,18,CREATE_REMINDER,0,0.95239127,1
audio/train_010042_group_synthetic_CREATE_REMINDER_DRINK_WATER_s18_v3_clean.wav,CREATE_REMINDER,Drink water,Create a reminder to Drink water,90,s18,Synthetic,1,18,0,18,CREATE_REMINDER,0,0.90617365,1
audio/train_010046_group_synthetic_CREATE_REMINDER_DRINK_WATER_s67_v3_noisy.wav,CREATE_REMINDER,Drink water,Create a reminder to Drink water,90,s67,Synthetic,1,18,0,18,CREATE_REMINDER,0,0.94934016,1
audio/train_010054_group_synthetic_CREATE_REMINDER_DRINK_WATER_s38_v3_clean.wav,CREATE_REMINDER,Drink water,Create a reminder to Drink water,90,s38,Synthetic,1,18,0,18,CREATE_REMINDER,0,0.95456725,1
audio/train_010069_group_synthetic_CREATE_REMINDER_DRINK_WATER_s88_v3_clean.wav,CREATE_REMINDER,Drink water,Create a reminder to Drink water,90,s88,Synthetic,1,18,0,18,CREATE_REMINDER,0,0.9687015,1
audio/train_010083_group_synthetic_CREATE_REMINDER_DRINK_WATER_s82_v3_clean.wav,CREATE_REMINDER,Drink water,Create a reminder to Drink water,90,s82,Synthetic,1,18,0,18,CREATE_REMINDER,0,0.9177243,1
audio/train_010091_group_synthetic_CREATE_REMINDER_DRINK_WATER_s72_v3_clean.wav,CREATE_REMINDER,Drink water,Create a reminder to Drink water,90,s72,Synthetic,1,18,0,18,CREATE_REMINDER,0,0.8399915,1
audio/train_010093_group_synthetic_CREATE_REMINDER_DRINK_WATER_s30_v3_noisy.wav,CREATE_REMINDER,Drink water,Create a reminder to Drink water,90,s30,Synthetic,1,18,0,18,CREATE_REMINDER,0,0.9598322,1
audio/train_010095_group_synthetic_CREATE_REMINDER_DRINK_WATER_s67_v3_clean.wav,CREATE_REMINDER,Drink water,Create a reminder to Drink water,90,s67,Synthetic,1,18,0,18,CREATE_REMINDER,0,0.9421459,1
audio/train_010101_group_synthetic_CREATE_REMINDER_STUDY_s72_v3_clean.wav,CREATE_REMINDER,Study,Create a reminder to Study,91,s72,Synthetic,1,18,1,18,CREATE_REMINDER,1,0.9447827,1
audio/train_010108_group_synthetic_CREATE_REMINDER_STUDY_s88_v3_clean.wav,CREATE_REMINDER,Study,Create a reminder to Study,91,s88,Synthetic,1,18,1,18,CREATE_REMINDER,1,0.9235855,1
audio/train_010110_group_synthetic_CREATE_REMINDER_STUDY_s30_v3_noisy.wav,CREATE_REMINDER,Study,Create a reminder to Study,91,s30,Synthetic,1,18,1,18,CREATE_REMINDER,1,0.9499337,1
audio/train_010114_group_synthetic_CREATE_REMINDER_STUDY_s26_v3_noisy.wav,CREATE_REMINDER,Study,Create a reminder to Study,91,s26,Synthetic,1,18,1,18,CREATE_REMINDER,1,0.9330816,1
audio/train_010125_group_synthetic_CREATE_REMINDER_STUDY_s38_v3_clean.wav,CREATE_REMINDER,Study,Create a reminder to Study,91,s38,Synthetic,1,18,1,18,CREATE_REMINDER,1,0.92181313,1
audio/train_010135_group_synthetic_CREATE_REMINDER_STUDY_s74_v3_noisy.wav,CREATE_REMINDER,Study,Create a reminder to Study,91,s74,Synthetic,1,18,1,18,CREATE_REMINDER,1,0.92466635,1
audio/train_010138_group_synthetic_CREATE_REMINDER_STUDY_s67_v3_noisy.wav,CREATE_REMINDER,Study,Create a reminder to Study,91,s67,Synthetic,1,18,1,18,CREATE_REMINDER,1,0.9409146,1
audio/train_010142_group_synthetic_CREATE_REMINDER_STUDY_s18_v3_noisy.wav,CREATE_REMINDER,Study,Create a reminder to Study,91,s18,Synthetic,1,18,1,18,CREATE_REMINDER,1,0.9359621,1
audio/train_010165_group_synthetic_CREATE_REMINDER_STUDY_s80_v3_noisy.wav,CREATE_REMINDER,Study,Create a reminder to Study,91,s80,Synthetic,1,18,1,18,CREATE_REMINDER,1,0.94710076,1
audio/train_010166_group_synthetic_CREATE_REMINDER_STUDY_s82_v3_clean.wav,CREATE_REMINDER,Study,Create a reminder to Study,91,s82,Synthetic,1,18,1,18,CREATE_REMINDER,1,0.91148627,1
audio/train_010172_group_synthetic_CREATE_REMINDER_STUDY_s30_v3_clean.wav,CREATE_REMINDER,Study,Create a reminder to Study,91,s30,Synthetic,1,18,1,18,CREATE_REMINDER,1,0.9524703,1
audio/train_010174_group_synthetic_CREATE_REMINDER_STUDY_s38_v3_noisy.wav,CREATE_REMINDER,Study,Create a reminder to Study,91,s38,Synthetic,1,18,1,18,CREATE_REMINDER,1,0.9214641,1
audio/train_010176_group_synthetic_CREATE_REMINDER_STUDY_s88_v3_noisy.wav,CREATE_REMINDER,Study,Create a reminder to Study,91,s88,Synthetic,1,18,1,18,CREATE_REMINDER,1,0.91552436,1
audio/train_010198_group_synthetic_CREATE_REMINDER_STUDY_s26_v3_clean.wav,CREATE_REMINDER,Study,Create a reminder to Study,91,s26,Synthetic,1,18,1,18,CREATE_REMINDER,1,0.9184859,1
audio/train_010201_group_synthetic_CREATE_REMINDER_STUDY_s18_v3_clean.wav,CREATE_REMINDER,Study,Create a reminder to Study,91,s18,Synthetic,1,18,1,18,CREATE_REMINDER,1,0.92991626,1
audio/train_010206_group_synthetic_CREATE_REMINDER_STUDY_s82_v3_noisy.wav,CREATE_REMINDER,Study,Create a reminder to Study,91,s82,Synthetic,1,18,1,18,CREATE_REMINDER,1,0.9228084,1
audio/train_010213_group_synthetic_CREATE_REMINDER_EXERCISE_s74_v3_noisy.wav,CREATE_REMINDER,Exercise,Create a reminder to Exercise,92,s74,Synthetic,1,18,2,18,CREATE_REMINDER,2,0.89059037,1
audio/train_010230_group_synthetic_CREATE_REMINDER_EXERCISE_s80_v3_noisy.wav,CREATE_REMINDER,Exercise,Create a reminder to Exercise,92,s80,Synthetic,1,18,2,18,CREATE_REMINDER,2,0.88757396,1
audio/train_010234_group_synthetic_CREATE_REMINDER_EXERCISE_s30_v3_clean.wav,CREATE_REMINDER,Exercise,Create a reminder to Exercise,92,s30,Synthetic,1,18,2,18,CREATE_REMINDER,2,0.94160414,1
audio/train_010237_group_synthetic_CREATE_REMINDER_EXERCISE_s72_v3_clean.wav,CREATE_REMINDER,Exercise,Create a reminder to Exercise,92,s72,Synthetic,1,18,2,18,CREATE_REMINDER,2,0.96508485,1
audio/train_010243_group_synthetic_CREATE_REMINDER_EXERCISE_s26_v3_clean.wav,CREATE_REMINDER,Exercise,Create a reminder to Exercise,92,s26,Synthetic,1,18,2,18,CREATE_REMINDER,2,0.9255294,1
audio/train_010248_group_synthetic_CREATE_REMINDER_EXERCISE_s38_v3_noisy.wav,CREATE_REMINDER,Exercise,Create a reminder to Exercise,92,s38,Synthetic,1,18,2,18,CREATE_REMINDER,2,0.93966234,1
audio/train_010259_group_synthetic_CREATE_REMINDER_EXERCISE_s67_v3_noisy.wav,CREATE_REMINDER,Exercise,Create a reminder to Exercise,92,s67,Synthetic,1,18,2,18,CREATE_REMINDER,2,0.9365774,1
audio/train_010261_group_synthetic_CREATE_REMINDER_EXERCISE_s18_v3_clean.wav,CREATE_REMINDER,Exercise,Create a reminder to Exercise,92,s18,Synthetic,1,18,2,18,CREATE_REMINDER,2,0.9169807,1
audio/train_010263_group_synthetic_CREATE_REMINDER_EXERCISE_s82_v3_noisy.wav,CREATE_REMINDER,Exercise,Create a reminder to Exercise,92,s82,Synthetic,1,18,2,18,CREATE_REMINDER,2,0.8718977,1
audio/train_010268_group_synthetic_CREATE_REMINDER_EXERCISE_s88_v3_clean.wav,CREATE_REMINDER,Exercise,Create a reminder to Exercise,92,s88,Synthetic,1,18,2,18,CREATE_REMINDER,2,0.9594518,1
audio/train_010281_group_synthetic_CREATE_REMINDER_EXERCISE_s80_v3_clean.wav,CREATE_REMINDER,Exercise,Create a reminder to Exercise,92,s80,Synthetic,1,18,2,18,CREATE_REMINDER,2,0.90077686,1
audio/train_010293_group_synthetic_CREATE_REMINDER_EXERCISE_s74_v3_clean.wav,CREATE_REMINDER,Exercise,Create a reminder to Exercise,92,s74,Synthetic,1,18,2,18,CREATE_REMINDER,2,0.86358714,1
audio/train_010295_group_synthetic_CREATE_REMINDER_EXERCISE_s30_v3_noisy.wav,CREATE_REMINDER,Exercise,Create a reminder to Exercise,92,s30,Synthetic,1,18,2,18,CREATE_REMINDER,2,0.931634,1
audio/train_010307_group_synthetic_CREATE_REMINDER_EXERCISE_s18_v3_noisy.wav,CREATE_REMINDER,Exercise,Create a reminder to Exercise,92,s18,Synthetic,1,18,2,18,CREATE_REMINDER,2,0.9139131,1
audio/train_010308_group_synthetic_CREATE_REMINDER_EXERCISE_s82_v3_clean.wav,CREATE_REMINDER,Exercise,Create a reminder to Exercise,92,s82,Synthetic,1,18,2,18,CREATE_REMINDER,2,0.84733284,1
audio/train_010314_group_synthetic_CREATE_REMINDER_EXERCISE_s88_v3_noisy.wav,CREATE_REMINDER,Exercise,Create a reminder to Exercise,92,s88,Synthetic,1,18,2,18,CREATE_REMINDER,2,0.9583309,1
audio/train_010316_group_synthetic_CREATE_REMINDER_EXERCISE_s38_v3_clean.wav,CREATE_REMINDER,Exercise,Create a reminder to Exercise,92,s38,Synthetic,1,18,2,18,CREATE_REMINDER,2,0.94456965,1
audio/train_010322_group_synthetic_CREATE_REMINDER_EXERCISE_s72_v3_noisy.wav,CREATE_REMINDER,Exercise,Create a reminder to Exercise,92,s72,Synthetic,1,18,2,18,CREATE_REMINDER,2,0.95316416,1
audio/train_010593_CommonVoice_en_common_voice_en_37565620.wav,OUT_OF_SCOPE,,,93,55a030057be189ff6c02ffc3adcd5fdba29713e76ba279bf852f3207f93468510d68200fffc1bed5b832b7dce8b1c902c8d10dff719dae0e3ecd57ce4bd2ae14,Filipino (open-source),0,19,-1,19,OUT_OF_SCOPE,-1,0.955357,1
audio/train_010598_CommonVoice_en_common_voice_en_18460666.wav,OUT_OF_SCOPE,,,93,d2df1988d7d45261792bcd4cd2682426fc364d184d244d43353ca80b6b0b57dbbe31ddebc890315da9e4b739b4a838d75962bc6b1380c633ed0aff25cdab3890,Filipino (open-source),0,19,-1,19,OUT_OF_SCOPE,-1,0.8813696,1
audio/train_010614_CommonVoice_en_common_voice_en_37565622.wav,OUT_OF_SCOPE,,,93,55a030057be189ff6c02ffc3adcd5fdba29713e76ba279bf852f3207f93468510d68200fffc1bed5b832b7dce8b1c902c8d10dff719dae0e3ecd57ce4bd2ae14,Filipino (open-source),0,19,-1,19,OUT_OF_SCOPE,-1,0.9770511,1
audio/train_010615_SLURP_slurp_train_4190_2169_train-00001-.wav,OUT_OF_SCOPE,,,93,FO-462,Other / non-native,0,19,-1,4,VOLUME_UP,-1,0.31972682,0
audio/train_010625_FluentSpeechCommands_be1b7300-45c3-11e9-8ec0-7bf21d1cfe30.wav,OUT_OF_SCOPE,,,93,xRQE5VD7rRHVdyvM,Native English,0,19,-1,17,COLOR,0,0.62207067,0
audio/train_010629_SLURP_slurp_train_7159_3531_train-00000-.wav,OUT_OF_SCOPE,,,93,FE-249,Native English,0,19,-1,19,OUT_OF_SCOPE,-1,0.52839446,1
audio/train_010633_SNIPS_snips_smart-lights_1040_close.wav,OUT_OF_SCOPE,,,93,0f9d4a24-4d36-4378-98fd-3ddbe67d2f29,Native English,0,19,-1,19,OUT_OF_SCOPE,-1,0.6614082,1
audio/train_010636_SLURP_slurp_train_4195_857_train-00003-.wav,OUT_OF_SCOPE,,,93,FO-180,Other / non-native,0,19,-1,19,OUT_OF_SCOPE,-1,0.99273586,1
audio/train_010640_SNIPS_snips_smart-lights_1654_close.wav,OUT_OF_SCOPE,,,93,9294d77a-9d94-4903-a978-af94ab79c0d9,Other Asian English,0,19,-1,19,OUT_OF_SCOPE,-1,0.27158317,1
audio/train_010655_FluentSpeechCommands_b3eacdd0-446b-11e9-beaa-1f3e1eab7bff.wav,OUT_OF_SCOPE,,,93,AY5e3mMgZkIyG3Ox,Native English,0,19,-1,19,OUT_OF_SCOPE,-1,0.6662443,1
audio/train_010657_SNIPS_snips_smart-lights_3248_far.wav,OUT_OF_SCOPE,,,93,bfc416c8-6ecd-4c63-a76d-02ea63ab9029,Native English,0,19,-1,7,LIGHT_OFF,-1,0.6530264,0
audio/train_010660_CommonVoice_en_common_voice_en_29658516.wav,OUT_OF_SCOPE,,,93,1693645a86757a36d1c72f6c47fbda9cc606456d244cef6a26c34a238e2f730dd749dbd74f3dd19aea565ccc95888d53bb96b52aa9b9648ade51a0e86c0247e2,Native English,0,19,-1,19,OUT_OF_SCOPE,-1,0.84209484,1
audio/train_010662_SLURP_slurp_test_5370_2940.wav,OUT_OF_SCOPE,,,93,FE-250,Native English,0,19,-1,19,OUT_OF_SCOPE,-1,0.84744483,1
audio/train_010663_CommonVoice_en_common_voice_en_37290120.wav,OUT_OF_SCOPE,,,93,e334d0aad055010163d48bdafb1ed4683f7fa0f0ac6315cbce463e77695f07d59e2814ea47189b1cd77a9fdd4776b6ca2a3863b96150f4db9b6922b365b7c677,Native English,0,19,-1,19,OUT_OF_SCOPE,-1,0.9754538,1
audio/train_010667_SLURP_slurp_train_119_5932_train-00004-.wav,OUT_OF_SCOPE,,,93,FO-420,Other / non-native,0,19,-1,19,OUT_OF_SCOPE,-1,0.2717355,1
audio/train_010669_SLURP_slurp_train_12407_5996_train-00002-.wav,OUT_OF_SCOPE,,,93,FO-171,Other / non-native,0,19,-1,17,COLOR,0,0.36242977,0
audio/train_010672_SLURP_slurp_train_5281_722_train-00005-.wav,OUT_OF_SCOPE,,,93,ME-369,Native English,0,19,-1,9,TIME,-1,0.30982867,0
audio/train_010677_SLURP_slurp_devel_3973_497.wav,OUT_OF_SCOPE,,,93,FO-462,Other / non-native,0,19,-1,19,OUT_OF_SCOPE,-1,0.8169256,1
audio/train_010688_group_synthetic_PLAY_MUSIC_s74_v1_clean.wav,PLAY_MUSIC,,Play music,0,s74,Synthetic,1,0,-1,0,PLAY_MUSIC,-1,0.78979295,1
audio/train_010692_group_synthetic_PLAY_MUSIC_s72_v2_clean.wav,PLAY_MUSIC,,Start music,1,s72,Synthetic,1,0,-1,0,PLAY_MUSIC,-1,0.86812335,1
audio/train_010704_group_synthetic_PLAY_MUSIC_s80_v2_clean.wav,PLAY_MUSIC,,Start music,1,s80,Synthetic,1,0,-1,0,PLAY_MUSIC,-1,0.77501714,1
audio/train_010708_group_synthetic_PLAY_MUSIC_s88_v2_clean.wav,PLAY_MUSIC,,Start music,1,s88,Synthetic,1,0,-1,0,PLAY_MUSIC,-1,0.34106806,1
audio/train_010712_group_synthetic_PLAY_MUSIC_s18_v2_clean.wav,PLAY_MUSIC,,Start music,1,s18,Synthetic,1,0,-1,0,PLAY_MUSIC,-1,0.95403606,1
audio/train_010713_group_synthetic_PLAY_MUSIC_s74_v2_clean.wav,PLAY_MUSIC,,Start music,1,s74,Synthetic,1,0,-1,0,PLAY_MUSIC,-1,0.6814106,1
audio/train_010717_group_synthetic_PLAY_MUSIC_s82_v2_clean.wav,PLAY_MUSIC,,Start music,1,s82,Synthetic,1,0,-1,0,PLAY_MUSIC,-1,0.8932532,1
audio/train_010734_group_synthetic_PLAY_MUSIC_s72_v3_clean.wav,PLAY_MUSIC,,Play some music,2,s72,Synthetic,1,0,-1,0,PLAY_MUSIC,-1,0.9693349,1
audio/train_010742_group_synthetic_PLAY_MUSIC_s80_v3_clean.wav,PLAY_MUSIC,,Play some music,2,s80,Synthetic,1,0,-1,0,PLAY_MUSIC,-1,0.9766926,1
audio/train_010746_group_synthetic_PLAY_MUSIC_s82_v3_clean.wav,PLAY_MUSIC,,Play some music,2,s82,Synthetic,1,0,-1,0,PLAY_MUSIC,-1,0.9902507,1
audio/train_010753_group_synthetic_PLAY_MUSIC_s18_v3_clean.wav,PLAY_MUSIC,,Play some music,2,s18,Synthetic,1,0,-1,0,PLAY_MUSIC,-1,0.95545846,1
audio/train_010758_group_synthetic_PLAY_MUSIC_s26_v3_noisy.wav,PLAY_MUSIC,,Play some music,2,s26,Synthetic,1,0,-1,0,PLAY_MUSIC,-1,0.954715,1
audio/train_010767_group_synthetic_PLAY_MUSIC_s30_v3_noisy.wav,PLAY_MUSIC,,Play some music,2,s30,Synthetic,1,0,-1,0,PLAY_MUSIC,-1,0.98325056,1
audio/train_010770_group_synthetic_WEATHER_s72_v1_clean.wav,WEATHER,,Weather,3,s72,Synthetic,1,8,-1,8,WEATHER,-1,0.9184705,1
audio/train_010772_group_synthetic_WEATHER_s67_v1_clean.wav,WEATHER,,Weather,3,s67,Synthetic,1,8,-1,8,WEATHER,-1,0.934209,1
audio/train_010784_group_synthetic_WEATHER_s82_v1_clean.wav,WEATHER,,Weather,3,s82,Synthetic,1,8,-1,8,WEATHER,-1,0.96965235,1
audio/train_010785_group_synthetic_WEATHER_s88_v1_clean.wav,WEATHER,,Weather,3,s88,Synthetic,1,8,-1,8,WEATHER,-1,0.86560637,1
audio/train_010797_group_synthetic_WEATHER_s18_v1_noisy.wav,WEATHER,,Weather,3,s18,Synthetic,1,8,-1,8,WEATHER,-1,0.9559514,1
audio/train_010806_group_synthetic_WEATHER_s80_v2_clean.wav,WEATHER,,What's the weather?,4,s80,Synthetic,1,8,-1,8,WEATHER,-1,0.8455496,1
audio/train_010812_group_synthetic_WEATHER_s67_v2_clean.wav,WEATHER,,What's the weather?,4,s67,Synthetic,1,8,-1,8,WEATHER,-1,0.96171397,1
audio/train_010816_group_synthetic_WEATHER_s26_v2_clean.wav,WEATHER,,What's the weather?,4,s26,Synthetic,1,8,-1,8,WEATHER,-1,0.97326773,1
audio/train_010822_group_synthetic_WEATHER_s82_v2_clean.wav,WEATHER,,What's the weather?,4,s82,Synthetic,1,8,-1,8,WEATHER,-1,0.97535616,1
audio/train_010840_group_synthetic_WEATHER_s80_v3_clean.wav,WEATHER,,Tell me the weather,5,s80,Synthetic,1,8,-1,8,WEATHER,-1,0.9349997,1
audio/train_010854_group_synthetic_WEATHER_s26_v3_clean.wav,WEATHER,,Tell me the weather,5,s26,Synthetic,1,8,-1,8,WEATHER,-1,0.9682921,1
audio/train_010863_group_synthetic_WEATHER_s67_v3_clean.wav,WEATHER,,Tell me the weather,5,s67,Synthetic,1,8,-1,8,WEATHER,-1,0.96576583,1
audio/train_010866_group_synthetic_WEATHER_s18_v3_noisy.wav,WEATHER,,Tell me the weather,5,s18,Synthetic,1,8,-1,8,WEATHER,-1,0.96693957,1
audio/train_010879_group_synthetic_TIME_s67_v2_clean.wav,TIME,,What time is it?,7,s67,Synthetic,1,9,-1,9,TIME,-1,0.98177207,1
audio/train_010880_group_synthetic_TIME_s30_v2_clean.wav,TIME,,What time is it?,7,s30,Synthetic,1,9,-1,9,TIME,-1,0.9759629,1
audio/train_010883_group_synthetic_LIGHT_ON_s38_v1_clean.wav,LIGHT_ON,,Lights on,9,s38,Synthetic,1,6,-1,6,LIGHT_ON,-1,0.82535106,1
audio/train_010890_group_synthetic_LIGHT_ON_s30_v1_clean.wav,LIGHT_ON,,Lights on,9,s30,Synthetic,1,6,-1,6,LIGHT_ON,-1,0.9250345,1
audio/train_010909_group_synthetic_LIGHT_ON_s18_v1_clean.wav,LIGHT_ON,,Lights on,9,s18,Synthetic,1,6,-1,6,LIGHT_ON,-1,0.7657607,1
audio/train_010912_group_synthetic_LIGHT_ON_s18_v2_clean.wav,LIGHT_ON,,Power on the lights,10,s18,Synthetic,1,6,-1,6,LIGHT_ON,-1,0.9209842,1
audio/train_010921_group_synthetic_LIGHT_ON_s30_v2_clean.wav,LIGHT_ON,,Power on the lights,10,s30,Synthetic,1,6,-1,6,LIGHT_ON,-1,0.92075,1
audio/train_010923_group_synthetic_LIGHT_ON_s26_v2_clean.wav,LIGHT_ON,,Power on the lights,10,s26,Synthetic,1,6,-1,6,LIGHT_ON,-1,0.9282941,1
audio/train_010924_group_synthetic_LIGHT_ON_s38_v2_clean.wav,LIGHT_ON,,Power on the lights,10,s38,Synthetic,1,6,-1,6,LIGHT_ON,-1,0.961558,1
audio/train_010931_group_synthetic_LIGHT_ON_s88_v2_clean.wav,LIGHT_ON,,Power on the lights,10,s88,Synthetic,1,6,-1,6,LIGHT_ON,-1,0.97251385,1
audio/train_010945_group_synthetic_LIGHT_ON_s18_v3_clean.wav,LIGHT_ON,,Turn on the lights,11,s18,Synthetic,1,6,-1,6,LIGHT_ON,-1,0.8008437,1
audio/train_010946_group_synthetic_LIGHT_ON_s38_v3_clean.wav,LIGHT_ON,,Turn on the lights,11,s38,Synthetic,1,6,-1,6,LIGHT_ON,-1,0.88138765,1
audio/train_010948_group_synthetic_LIGHT_OFF_s30_v1_clean.wav,LIGHT_OFF,,Lights out,12,s30,Synthetic,1,7,-1,7,LIGHT_OFF,-1,0.9583284,1
audio/train_010953_group_synthetic_LIGHT_OFF_s82_v1_clean.wav,LIGHT_OFF,,Lights out,12,s82,Synthetic,1,7,-1,7,LIGHT_OFF,-1,0.9210466,1
audio/train_010965_group_synthetic_LIGHT_OFF_s18_v1_clean.wav,LIGHT_OFF,,Lights out,12,s18,Synthetic,1,7,-1,7,LIGHT_OFF,-1,0.9373528,1
audio/train_010972_group_synthetic_LIGHT_OFF_s26_v2_clean.wav,LIGHT_OFF,,Kill the lights,13,s26,Synthetic,1,7,-1,7,LIGHT_OFF,-1,0.90405494,1
audio/train_010973_group_synthetic_LIGHT_OFF_s18_v2_clean.wav,LIGHT_OFF,,Kill the lights,13,s18,Synthetic,1,7,-1,7,LIGHT_OFF,-1,0.89856726,1
audio/train_010995_group_synthetic_LIGHT_OFF_s80_v3_clean.wav,LIGHT_OFF,,Shut off the lights,14,s80,Synthetic,1,7,-1,7,LIGHT_OFF,-1,0.9354224,1
audio/train_010998_group_synthetic_LIGHT_OFF_s82_v3_clean.wav,LIGHT_OFF,,Shut off the lights,14,s82,Synthetic,1,7,-1,7,LIGHT_OFF,-1,0.9216288,1
audio/train_011003_group_synthetic_LIGHT_OFF_s72_v3_clean.wav,LIGHT_OFF,,Shut off the lights,14,s72,Synthetic,1,7,-1,7,LIGHT_OFF,-1,0.56808233,1
audio/train_011008_group_synthetic_PAUSE_s30_v2_clean.wav,PAUSE,,Pause audio,16,s30,Synthetic,1,1,-1,1,PAUSE,-1,0.9489717,1
audio/train_011022_group_synthetic_PAUSE_s18_v3_clean.wav,PAUSE,,Pause song,17,s18,Synthetic,1,1,-1,1,PAUSE,-1,0.94884634,1
audio/train_011032_group_synthetic_PAUSE_s82_v3_clean.wav,PAUSE,,Pause song,17,s82,Synthetic,1,1,-1,1,PAUSE,-1,0.9343883,1
audio/train_011045_group_synthetic_NEXT_s74_v3_clean.wav,NEXT,,Play next song,23,s74,Synthetic,1,3,-1,3,NEXT,-1,0.91453373,1
audio/train_011046_group_synthetic_NEXT_s38_v3_clean.wav,NEXT,,Play next song,23,s38,Synthetic,1,3,-1,3,NEXT,-1,0.9555479,1
audio/train_011061_group_synthetic_VOLUME_DOWN_s80_v2_clean.wav,VOLUME_DOWN,,Lower the volume,28,s80,Synthetic,1,5,-1,5,VOLUME_DOWN,-1,0.29399163,1
audio/train_011066_group_synthetic_VOLUME_DOWN_s18_v3_clean.wav,VOLUME_DOWN,,Turn the volume down,29,s18,Synthetic,1,5,-1,5,VOLUME_DOWN,-1,0.98344666,1
audio/train_011077_group_synthetic_CALL_s74_v1_clean.wav,CALL,,Call,30,s74,Synthetic,1,10,-1,19,OUT_OF_SCOPE,-1,0.8339054,0
audio/train_011080_group_synthetic_CALL_s67_v1_clean.wav,CALL,,Call,30,s67,Synthetic,1,10,-1,10,CALL,-1,0.9473688,1
audio/train_011084_group_synthetic_CALL_s72_v1_clean.wav,CALL,,Call,30,s72,Synthetic,1,10,-1,10,CALL,-1,0.8501963,1
audio/train_011087_group_synthetic_CALL_s80_v1_clean.wav,CALL,,Call,30,s80,Synthetic,1,10,-1,10,CALL,-1,0.43421894,1
audio/train_011092_group_synthetic_CALL_s88_v1_clean.wav,CALL,,Call,30,s88,Synthetic,1,10,-1,10,CALL,-1,0.93252057,1
audio/train_011093_group_synthetic_CALL_s30_v1_clean.wav,CALL,,Call,30,s30,Synthetic,1,10,-1,10,CALL,-1,0.873978,1
audio/train_011108_group_synthetic_CALL_s18_v1_noisy.wav,CALL,,Call,30,s18,Synthetic,1,10,-1,10,CALL,-1,0.93448734,1
audio/train_011116_group_synthetic_CALL_s18_v2_clean.wav,CALL,,Make a call,31,s18,Synthetic,1,10,-1,10,CALL,-1,0.98052204,1
audio/train_011119_group_synthetic_CALL_s30_v2_clean.wav,CALL,,Make a call,31,s30,Synthetic,1,10,-1,10,CALL,-1,0.97330284,1
audio/train_011120_group_synthetic_CALL_s88_v2_clean.wav,CALL,,Make a call,31,s88,Synthetic,1,10,-1,10,CALL,-1,0.8917296,1
audio/train_011126_group_synthetic_CALL_s88_v3_clean.wav,CALL,,Make a phone call,32,s88,Synthetic,1,10,-1,10,CALL,-1,0.96070564,1
audio/train_011132_group_synthetic_CALL_s80_v3_clean.wav,CALL,,Make a phone call,32,s80,Synthetic,1,10,-1,10,CALL,-1,0.9743009,1
audio/train_011134_group_synthetic_CALL_s18_v3_clean.wav,CALL,,Make a phone call,32,s18,Synthetic,1,10,-1,10,CALL,-1,0.924162,1
audio/train_011135_group_synthetic_MESSAGE_s80_v1_clean.wav,MESSAGE,,Message,33,s80,Synthetic,1,11,-1,11,MESSAGE,-1,0.90031177,1
audio/train_011139_group_synthetic_MESSAGE_s67_v1_clean.wav,MESSAGE,,Message,33,s67,Synthetic,1,11,-1,11,MESSAGE,-1,0.9505577,1
audio/train_011147_group_synthetic_MESSAGE_s38_v2_clean.wav,MESSAGE,,Send a message,34,s38,Synthetic,1,11,-1,11,MESSAGE,-1,0.91048163,1
audio/train_011149_group_synthetic_MESSAGE_s30_v2_clean.wav,MESSAGE,,Send a message,34,s30,Synthetic,1,11,-1,11,MESSAGE,-1,0.95720446,1
audio/train_011158_group_synthetic_MESSAGE_s82_v2_clean.wav,MESSAGE,,Send a message,34,s82,Synthetic,1,11,-1,11,MESSAGE,-1,0.962461,1
audio/train_011163_group_synthetic_LIST_REMINDERS_s18_v2_clean.wav,LIST_REMINDERS,,Show my reminders,37,s18,Synthetic,1,12,-1,12,LIST_REMINDERS,-1,0.9371707,1
audio/train_011164_group_synthetic_LIST_REMINDERS_s67_v2_clean.wav,LIST_REMINDERS,,Show my reminders,37,s67,Synthetic,1,12,-1,12,LIST_REMINDERS,-1,0.9440058,1
audio/train_011165_group_synthetic_LIST_REMINDERS_s72_v2_clean.wav,LIST_REMINDERS,,Show my reminders,37,s72,Synthetic,1,12,-1,12,LIST_REMINDERS,-1,0.95764726,1
audio/train_011178_group_synthetic_LIST_REMINDERS_s30_v3_clean.wav,LIST_REMINDERS,,List my reminders,38,s30,Synthetic,1,12,-1,12,LIST_REMINDERS,-1,0.9622901,1
audio/train_011191_group_synthetic_oos_OOS_s18_010_clean.wav,OUT_OF_SCOPE,,,93,s18,Synthetic,1,19,-1,19,OUT_OF_SCOPE,-1,0.9983559,1
audio/train_011197_group_synthetic_oos_OOS_s26_016_clean.wav,OUT_OF_SCOPE,,,93,s26,Synthetic,1,19,-1,19,OUT_OF_SCOPE,-1,0.994649,1
audio/train_011199_group_synthetic_oos_OOS_s30_018_clean.wav,OUT_OF_SCOPE,,,93,s30,Synthetic,1,19,-1,19,OUT_OF_SCOPE,-1,0.9855526,1
audio/train_011203_group_synthetic_oos_OOS_s38_022_clean.wav,OUT_OF_SCOPE,,,93,s38,Synthetic,1,19,-1,19,OUT_OF_SCOPE,-1,0.78924894,1
audio/train_011226_group_synthetic_oos_OOS_s67_045_noisy.wav,OUT_OF_SCOPE,,,93,s67,Synthetic,1,19,-1,16,BRIGHTNESS,2,0.3494602,0
audio/train_011230_group_synthetic_oos_OOS_s72_049_noisy.wav,OUT_OF_SCOPE,,,93,s72,Synthetic,1,19,-1,19,OUT_OF_SCOPE,-1,0.7223466,1
audio/train_011231_group_synthetic_oos_OOS_s74_050_clean.wav,OUT_OF_SCOPE,,,93,s74,Synthetic,1,19,-1,19,OUT_OF_SCOPE,-1,0.91663027,1
audio/train_011236_group_synthetic_oos_OOS_s80_055_noisy.wav,OUT_OF_SCOPE,,,93,s80,Synthetic,1,19,-1,19,OUT_OF_SCOPE,-1,0.8783411,1
audio/train_011238_group_synthetic_oos_OOS_s82_057_noisy.wav,OUT_OF_SCOPE,,,93,s82,Synthetic,1,19,-1,19,OUT_OF_SCOPE,-1,0.34959233,1
audio/train_011243_group_synthetic_oos_OOS_s88_062_clean.wav,OUT_OF_SCOPE,,,93,s88,Synthetic,1,19,-1,19,OUT_OF_SCOPE,-1,0.9663285,1
